condition,time_after_first_command_s,detected,yolo_detected_after_threshold,yolo_score_selected,pixel_pose_available,pixel_pose_age_s,true_x,true_y,state_x,state_y,state_pos_error,pred_world_x_calibrated,pred_world_y_calibrated,localization_error_calibrated_m,obs_u,obs_v,bbox_xmin,bbox_ymin,bbox_xmax,bbox_ymax,mask_bottom_u,mask_bottom_v,mask_area_px,yolo_inference_ms,yolo_latency_s
C1,0.03300000000000125,1,1.0,0.733991801738739,1,0.4909999999999996,3.34902636601808,-1.50644647106152,3.361119858878588,-1.637936674005301,0.1320451666656673,3.3516645184465217,-1.5725670582881144,0.0661731962612157,1025.4055584719729,373.6456785951684,1012.6930541992188,354.7456970214844,1037.94482421875,375.13275146484375,1017.3333129882812,384.0,711.1109754778445,50.44610899997792,0.0503487586975097
C1,0.19900000000000162,1,1.0,0.7356935143470764,1,0.5250000000000021,3.343459288018201,-1.4362110644086086,3.3516645184465217,-1.6225670582881144,0.1865365440368194,3.3558219929756463,-1.5982970515023376,0.1625567706557107,1026.967376908153,376.04453266117866,1012.6906127929688,354.72479248046875,1037.949462890625,375.1270446777344,1017.3333129882812,384.0,711.1109754778445,60.56177199999979,0.0604698657989501
C1,0.35400000000000276,1,1.0,0.7339919805526733,1,0.6800000000000033,3.332550596335137,-1.3710995581241776,3.3558219929756463,-1.6482970515023376,0.2781726230899349,3.3558219929756463,-1.5982970515023376,0.2283862055793189,1026.3858740759897,375.1804241960554,1012.6930541992188,354.7456970214844,1037.94482421875,375.13275146484375,1017.3333129882812,384.0,711.1109754778445,54.72537299999658,0.0545873641967773
C1,0.5520000000000032,1,1.0,0.6320747137069702,1,0.5480000000000018,3.306066406249879,-1.282001859174861,3.35416293839609,-1.6390452903372097,0.3602683557303837,3.355057641900499,-1.5533494702561432,0.2757347769326411,1024.9904157751528,371.8627376065788,1011.0197143554688,352.763427734375,1037.1278076171875,371.4917907714844,1024.0,368.0,334.222154404968,61.27368400001387,0.060976505279541
C1,0.7090000000000032,1,1.0,0.6758981347084045,1,0.5070000000000014,3.276982696572763,-1.2033038044105933,3.355057641900499,-1.6033494702561433,0.4075932186012648,3.350285873731772,-1.4608120904271706,0.2677384416717191,1020.6171258454372,363.38061343807607,1009.4403686523438,344.7071228027344,1030.5675048828125,363.5328063964844,1012.0,373.3333435058594,558.2228868277743,50.61325899998792,0.0505554676055908
C1,0.8649999999999984,1,1.0,0.6368740200996399,1,0.6630000000000003,3.2427291979852524,-1.1205307868812802,3.350285873731772,-1.510812090427171,0.4048307478380583,3.350285873731772,-1.4608120904271706,0.356875053822108,1015.5575451574268,359.21632383022506,1003.8133544921876,340.20001220703125,1030.24951171875,358.1874694824219,1017.3333129882812,362.6666564941406,348.4434950090945,61.45558800000117,0.0613026618957519
C1,1.0420000000000016,1,1.0,0.7896999716758728,1,0.5100000000000016,3.20061281941996,-1.0223375655594484,3.322143953503182,-1.4646968394892586,0.458749979600286,3.3055964533019253,-1.3334723689591168,0.3283693488582831,1010.4669263497184,351.9807054185857,999.7418823242188,332.8990173339844,1025.0618896484375,352.2206420898437,1011.3333282470704,349.3333435058594,362.6666259765625,62.45686400001205,0.0624010562896728
C1,1.2489999999999988,1,1.0,0.7215043306350708,1,0.5520000000000032,3.158315438210404,-0.9222113635548208,3.3055964533019253,-1.3834723689591168,0.4842038955987147,3.3078835009586887,-1.2424662022562718,0.3534597107252357,1007.1783205291784,344.0204333160468,995.4317626953124,325.38116455078125,1019.3339233398438,345.06329345703125,1004.0,352.0,583.1118299691007,72.57366199999638,0.0724759101867675
C1,1.4200000000000017,1,1.0,0.6963335275650024,1,0.7230000000000025,3.1255656293684164,-0.8344197060694134,3.3078835009586887,-1.2924662022562718,0.4929973620317504,3.3078835009586887,-1.2424662022562718,0.4469247692303245,999.118860441024,334.59215076734046,984.3775634765624,315.3902893066406,1012.6339111328124,334.79248046875,996.0,341.3333435058594,750.2215440534055,50.89582099998324,0.0507988929748535
C1,1.591000000000001,1,1.0,0.6578587293624878,1,0.4980000000000011,3.0985387240132223,-0.7518319850934174,3.2726993928047734,-1.1823775455478758,0.4644366675672411,3.2068628789281783,-1.0652167083493689,0.3315782069259808,989.4567168794808,328.945470393087,977.7594604492188,308.1065979003906,1002.0277099609376,328.4256286621094,992.0,325.3333435058594,359.1109754778445,63.90653799999768,0.0638575553894043
C1,1.7630000000000017,1,1.0,0.6824617385864258,1,0.6700000000000017,3.0689768410244147,-0.656115087703401,3.2068628789281783,-1.1152167083493687,0.4793608844373435,3.2068628789281783,-1.0652167083493689,0.4317136730101971,982.897780090301,320.7275725041352,972.6376953125,301.4978942871094,994.1110229492188,319.3385925292969,980.0,317.3333435058594,199.11081271711737,60.47306799999319,0.060415506362915
C1,1.9460000000000015,1,1.0,0.6236883997917175,1,0.5229999999999997,3.038216956615617,-0.5611853960436568,3.178947787269332,-1.0157825254911592,0.4758820408445708,3.166825624773264,-0.857161063404577,0.3227100636717513,977.843337400406,311.93899709129056,965.1165771484376,290.3672790527344,989.8671875,312.413330078125,973.3333129882812,320.0,686.2230902779847,59.00644900000884,0.0589537620544433
C1,2.116000000000003,1,1.0,0.599481463432312,1,0.4950000000000045,3.0091451116532446,-0.4773748427498954,3.166825624773264,-0.907161063404577,0.457798361380234,3.113422534689058,-0.739727870487466,0.2823170064272793,968.2535194478426,302.6518110120832,958.8651123046876,285.1746520996094,981.5304565429688,303.9595642089844,965.3333435058594,309.3333435058594,689.7773166233674,51.121034000004784,0.0509939193725585
C1,2.286999999999999,1,1.0,0.847601592540741,1,0.5010000000000012,2.975706610772796,-0.3828429734873979,3.113422534689058,-0.7897278704874661,0.4295590705675596,3.114653528209227,-0.6998667927249501,0.3461363139415605,967.0821310777372,299.5487001361074,955.5439453125,276.4805908203125,976.4466552734376,299.59930419921875,958.6666870117188,298.6666564941406,291.55487738735974,81.49647499999446,0.0814142227172851
C1,2.471,1,1.0,0.7243130207061768,1,0.6849999999999987,2.949962157513648,-0.2948107073470012,3.114653528209227,-0.7498667927249502,0.4839414101118975,3.114653528209227,-0.6998667927249501,0.4372569952365506,963.5342882643986,295.2708761259614,954.6740112304688,272.7655334472656,972.9608154296876,293.62762451171875,958.6666870117188,298.6666564941406,351.9994303388521,75.2915600000108,0.0750088691711425
C1,2.6750000000000007,0,0.0,0.0004334040277171,1,0.7240000000000002,2.928137341950821,-0.1919199727185807,3.09785787060215,-0.6943931499258729,0.5303624719552443,3.09785787060215,-0.6443931499258728,0.4832566956988263,1134.2008102285824,81.94453934371333,1129.415283203125,69.64617919921875,1141.5516357421875,82.53019714355469,1132.0,85.33333587646484,248.88743760809305,47.24169599998618,0.0471880435943603
C1,2.8419999999999987,0,0.0,0.0004384388739708,1,0.8910000000000018,2.913214251082331,-0.097421743267162,3.09785787060215,-0.6943931499258729,0.6248744886754936,3.09785787060215,-0.6443931499258728,0.577296272230809,1135.0120314638666,83.1162445080938,1129.416748046875,69.64864349365234,1141.552490234375,82.5299072265625,1132.0,85.33333587646484,248.88743760809305,62.29445200000328,0.0622477531433105
C1,3.024000000000001,0,0.0,0.0004335984122008,1,1.0730000000000004,2.901045602430869,-0.0028760449655531,3.09785787060215,-0.6943931499258729,0.7189791202499735,3.09785787060215,-0.6443931499258728,0.6710285127022501,1134.835671344665,81.91511608693284,1129.4442138671875,69.64558410644531,1141.55419921875,82.52853393554688,1132.0,85.33333587646484,248.88743760809305,67.20013300000005,0.0671148300170898
C1,3.1990000000000016,0,0.0,0.0004332943062763,1,1.248000000000001,2.8918111609923525,0.0822618232010221,3.09785787060215,-0.6943931499258729,0.8035223667227703,3.09785787060215,-0.6443931499258728,0.7553030494517234,1133.8834370288962,83.25964572970145,1129.4251708984375,69.6480941772461,1141.552001953125,82.5302963256836,1132.0,85.33333587646484,248.88743760809305,55.65025999999307,0.0555946826934814
C1,3.3900000000000006,0,0.0,0.0004325430199969,1,1.439,2.881129162098233,0.1887607742913342,3.09785787060215,-0.6943931499258729,0.9093581180976108,3.09785787060215,-0.6443931499258728,0.8608814056118922,1136.2938102569526,82.05414083072384,1129.423095703125,69.6473388671875,1141.55224609375,82.530517578125,1132.0,85.33333587646484,248.88743760809305,52.14382799999839,0.0520050525665283
C1,3.5400000000000027,0,0.0,0.0004337689606472,1,1.5890000000000022,2.873472535983096,0.2742169045698528,3.09785787060215,-0.6943931499258729,0.994260637892458,3.09785787060215,-0.6443931499258728,0.9456178988432616,1135.649668070541,81.23803930204535,1129.4208984375,69.64754486083984,1141.5517578125,82.53068542480469,1132.0,85.33333587646484,248.88743760809305,103.09359899997617,0.1029655933380127
C1,3.6750000000000007,0,0.0,0.0004421986232046,1,1.7240000000000002,2.8687001330150936,0.3374034507654035,3.09785787060215,-0.6943931499258729,1.056937790929103,3.09785787060215,-0.6443931499258728,1.0081854163917288,1135.0094490522904,83.90463857479283,1129.4111328125,69.64857482910156,1141.5513916015625,82.52668762207031,1132.0,85.33333587646484,248.88743760809305,69.5013529999926,0.0694382190704345
C1,3.811,0,0.0,0.0004334413679316,1,1.8599999999999997,2.8644105057788662,0.4108540013334838,3.09785787060215,-0.6943931499258729,1.129632213381797,3.09785787060215,-0.6443931499258728,1.0807609459931102,1135.6342658903172,84.83947725632714,1129.44287109375,69.64544677734375,1141.55419921875,82.52911376953125,1132.0,85.33333587646484,248.88743760809305,67.70721200001617,0.0676290988922119
C1,3.9800000000000004,0,0.0,0.0004405976796988,1,2.029,2.857558333271657,0.4973988067100483,3.09785787060215,-0.6943931499258729,1.2157762687037963,3.09785787060215,-0.6443931499258728,1.166804499425561,1134.6955953437805,83.11381560568915,1129.4140625,69.65084075927734,1141.551513671875,82.53353118896484,1132.0,85.33333587646484,248.88743760809305,67.20220100001484,0.067131757736206
C1,4.170000000000002,0,0.0,0.0004327555943746,1,2.219000000000001,2.845605562534386,0.5889838833780157,3.09785787060215,-0.6943931499258729,1.3079326574932688,3.09785787060215,-0.6443931499258728,1.258908310087361,1135.2923481760731,83.09629727798044,1129.4234619140625,69.64750671386719,1141.55224609375,82.53047943115234,1132.0,85.33333587646484,248.88743760809305,101.71518999999309,0.1015729904174804
C1,4.347999999999999,0,0.0,0.0004328065551817,1,2.397000000000002,2.8289904970878537,0.6857324514999814,3.09785787060215,-0.6943931499258729,1.4060712429502114,3.09785787060215,-0.6443931499258728,1.3570275531870997,1135.4806426442474,81.96928132074318,1129.4234619140625,69.6474609375,1141.55224609375,82.53047943115234,1132.0,85.33333587646484,248.88743760809305,69.16865700000585,0.069101333618164
C1,4.510000000000002,0,0.0,0.0004387037479318,1,2.559000000000001,2.8104997422082434,0.7698455898076386,3.09785787060215,-0.6943931499258729,1.492169487990701,3.09785787060215,-0.6443931499258728,1.443137521831194,1134.6172465169284,85.59584478348249,1129.41748046875,69.6490707397461,1141.55224609375,82.5298080444336,1132.0,85.33333587646484,248.88743760809305,56.28243099999963,0.0561070442199707
C1,4.684000000000001,0,0.0,0.0004335240228101,1,2.7330000000000005,2.786687045589848,0.855723959766095,3.09785787060215,-0.6943931499258729,1.5810409027278889,3.09785787060215,-0.6443931499258728,1.5320504642894175,1135.411302401213,80.51361274726675,1129.42529296875,69.64811706542969,1141.552001953125,82.5302734375,1132.0,85.33333587646484,248.88743760809305,50.029750999982525,0.049870491027832
C1,4.878,0,0.0,0.0004422526108101,1,2.927,2.758083451999268,0.94040663169839,3.09785787060215,-0.6943931499258729,1.669735602284285,3.09785787060215,-0.6443931499258728,1.6208136855830275,1134.8327226342842,83.20471209040525,1129.4111328125,69.64862060546875,1141.551513671875,82.52667236328125,1132.0,85.33333587646484,248.88743760809305,53.71992599998521,0.0535948276519775
C1,5.046000000000003,0,0.0,0.0004389530513435,1,3.0950000000000024,2.7225400416761176,1.0312566649193708,3.09785787060215,-0.6943931499258729,1.7659928528125968,3.09785787060215,-0.6443931499258728,1.71716795180339,1134.9854651996277,83.8900940296337,1129.418701171875,69.64939880371094,1141.55224609375,82.52964782714844,1132.0,85.33333587646484,248.88743760809305,56.34355000000824,0.0562481880187988
C1,5.2010000000000005,0,0.0,0.0004328670329414,1,3.25,2.687662520139716,1.112382306631609,3.09785787060215,-0.6943931499258729,1.852754105638278,3.09785787060215,-0.6443931499258728,1.8040288884338156,1136.4854915345627,82.37799583683201,1129.4144287109375,69.64598083496094,1141.5517578125,82.53033447265625,1132.0,85.33333587646484,248.88743760809305,52.37924599998678,0.0522642135620117
C1,5.372000000000003,0,0.0,0.0004410447727423,1,3.421000000000003,2.652722363335412,1.1851957606339576,3.09785787060215,-0.6943931499258729,1.9315796883714396,3.09785787060215,-0.6443931499258728,1.882960754097951,1135.008008666599,81.5228326599645,1129.408935546875,69.6482162475586,1141.551513671875,82.52763366699219,1132.0,85.33333587646484,248.88743760809305,51.080560000002606,0.0510179996490478
C1,5.574000000000002,0,0.0,0.0004397347511257,1,3.623000000000001,2.605853088319501,1.269639331408453,3.09785787060215,-0.6943931499258729,2.0247203000723992,3.09785787060215,-0.6443931499258728,1.9762563207721395,1134.7838591412803,81.05617668851797,1129.4156494140625,69.6487045288086,1141.552001953125,82.5293197631836,1132.0,85.33333587646484,248.88743760809305,51.41524399999753,0.0513131618499755
C1,5.767000000000003,0,0.0,0.0004387917579151,1,3.8160000000000025,2.556476180966779,1.3390811730495171,3.09785787060215,-0.6943931499258729,2.1043079518151977,3.09785787060215,-0.6443931499258728,2.056031255544315,1136.6891375024709,84.12086741310263,1129.4169921875,69.64920043945312,1141.552490234375,82.53016662597656,1132.0,85.33333587646484,248.88743760809305,57.68306799998868,0.0575649738311767
C1,5.933000000000003,0,0.0,0.0004337232676334,1,3.982000000000003,2.508608581219517,1.390286660658392,3.09785787060215,-0.6943931499258729,2.166357458430068,3.09785787060215,-0.6443931499258728,2.118286254649536,1134.2443502115225,81.34656104286823,1129.44677734375,69.64616394042969,1141.55419921875,82.52824401855469,1132.0,85.33333587646484,248.88743760809305,55.06811399999378,0.054924726486206
C1,6.1080000000000005,0,0.0,0.0004394994466565,1,4.157,2.4409067853464004,1.4508106734866664,3.09785787060215,-0.6943931499258729,2.2435427725814554,3.09785787060215,-0.6443931499258728,2.1957831837549966,1133.7147645101006,81.56561049094752,1129.4144287109375,69.64837646484375,1141.5521240234375,82.52946472167969,1132.0,85.33333587646484,248.88743760809305,51.22392500001638,0.0511450767517089
C1,6.3210000000000015,0,0.0,0.0004337418649811,1,4.370000000000001,2.345003465632476,1.529690116136628,3.09785787060215,-0.6943931499258729,2.3480494307960136,3.09785787060215,-0.6443931499258728,2.3007450538586918,1132.3799913237167,81.38838357998918,1129.4208984375,69.64754486083984,1141.5517578125,82.5306625366211,1132.0,85.33333587646484,248.88743760809305,60.18280099999629,0.0601222515106201
C1,6.491000000000003,0,0.0,0.0004338053404353,1,4.540000000000003,2.2854605414583906,1.5752132442940352,3.09785787060215,-0.6943931499258729,2.410622866622609,3.09785787060215,-0.6443931499258728,2.36360782822824,1136.7833045599568,82.18501289534022,1129.4208984375,69.6474609375,1141.5518798828125,82.53068542480469,1132.0,85.33333587646484,248.88743760809305,61.37041400000953,0.0612196922302246
C1,6.661000000000001,0,0.0,0.0004338917788118,1,4.710000000000001,2.225420543718809,1.6097764175007436,3.09785787060215,-0.6943931499258729,2.463806868403916,3.09785787060215,-0.6443931499258728,2.4171113602917944,1136.3542790590725,82.0394351719978,1129.4453125,69.6458969116211,1141.5540771484375,82.52840423583984,1132.0,85.33333587646484,248.88743760809305,53.227294000009806,0.0530972480773925
C1,6.809000000000001,0,0.0,0.0004389756359159,1,4.8580000000000005,2.167124135838942,1.6361034255394966,3.09785787060215,-0.6943931499258729,2.5094779483554115,3.09785787060215,-0.6443931499258728,2.463113865767384,1137.2490706173055,82.73210830283807,1129.424560546875,69.65176391601562,1141.55224609375,82.53289031982422,1132.0,85.33333587646484,248.88743760809305,50.38303899999619,0.0502021312713623
C1,6.998000000000001,0,0.0,0.0004417659365572,1,5.047000000000001,2.0857456391666336,1.6658150252502473,3.09785787060215,-0.6943931499258729,2.5680642124350337,3.09785787060215,-0.6443931499258728,2.5221881336791587,1135.098588528169,85.07946259958983,1129.40966796875,69.64849853515625,1141.551513671875,82.52703857421875,1132.0,85.33333587646484,248.88743760809305,66.94620700000087,0.0668740272521972
C1,7.190000000000001,0,0.0,0.0004336566780693,1,5.239000000000001,1.9904051470679336,1.692627025809143,3.09785787060215,-0.6943931499258729,2.6314096705434102,3.09785787060215,-0.6443931499258728,2.586138982470949,1135.161490057777,81.30872965320356,1129.420166015625,69.64775085449219,1141.5517578125,82.52995300292969,1132.0,85.33333587646484,248.88743760809305,109.29487499998912,0.1091814041137695
C1,7.372000000000003,0,0.0,0.0004380019381642,1,5.421000000000003,1.9085328825487589,1.7095530575461113,3.09785787060215,-0.6943931499258729,2.682061016387795,3.09785787060215,-0.6443931499258728,2.6373389381874937,1135.6929378339914,82.49239970265286,1129.4295654296875,69.6532211303711,1141.552490234375,82.53123474121094,1132.0,85.33333587646484,248.88743760809305,53.712198999988914,0.0535943508148193
C1,7.550000000000001,0,0.0,0.000438652728917,1,5.599,1.825830265731432,1.7205567020749415,3.09785787060215,-0.6943931499258729,2.729475593448656,3.09785787060215,-0.6443931499258728,2.685338345540801,1136.5511878344162,81.60819700811938,1129.41748046875,69.6490707397461,1141.55224609375,82.52983093261719,1132.0,85.33333587646484,248.88743760809305,64.80538099998512,0.0647282600402832
C1,7.731000000000002,0,0.0,0.0004339014703873,1,5.780000000000001,1.74117541586313,1.7265021353516918,3.09785787060215,-0.6943931499258729,2.7751254503672143,3.09785787060215,-0.6443931499258728,2.7316170552894263,1136.2906178103858,83.38332708385555,1129.420166015625,69.64788818359375,1141.5516357421875,82.53057861328125,1132.0,85.33333587646484,248.88743760809305,49.4860309999865,0.0493385791778564
C1,7.934999999999999,0,0.0,0.0004323935718275,1,5.984000000000002,1.6488810867769923,1.726244165480728,3.09785787060215,-0.6943931499258729,2.8211732901052304,3.09785787060215,-0.6443931499258728,2.778390721490142,1134.817725305721,82.69372343687502,1129.4188232421875,69.64705657958984,1141.552001953125,82.53047943115234,1132.0,85.33333587646484,248.88743760809305,104.1609620000088,0.1040499210357666
C1,8.111,0,0.0,0.0004328063514549,1,6.16,1.557968592755678,1.7209417618129097,3.09785787060215,-0.6943931499258729,2.864454873774541,3.09785787060215,-0.6443931499258728,2.822422405083414,1134.6530126915832,84.87756161387973,1129.414306640625,69.64305877685547,1141.55322265625,82.53175354003906,1132.0,85.33333587646484,248.88743760809305,64.90810200000396,0.0648441314697265
C1,8.264000000000003,0,0.0,0.0142600461840629,1,6.313000000000002,1.4731871177286908,1.7123932794785588,3.09785787060215,-0.6943931499258729,2.90382092629827,3.09785787060215,-0.6443931499258728,2.8625159089631804,788.2117539924074,146.56552602019846,778.6297607421875,132.8436737060547,799.2020263671875,147.0186004638672,788.0,146.6666717529297,430.2227444117889,51.98009899999079,0.0519020557403564
C1,8.433000000000003,1,1.0,0.6479065418243408,1,0.5090000000000039,1.3924840362314386,1.6996354135625864,3.09785787060215,-0.6943931499258729,2.93933201216788,1.779113411929078,1.7445052275847497,0.3892243239607849,790.3103216460054,147.06391290451432,782.73828125,130.84188842773438,800.0140380859375,147.4100341796875,791.1111246744791,144.0,167.11093478742987,69.11297199999922,0.0690176486968994
C1,8.625000000000004,1,1.0,0.7581042051315308,1,0.7010000000000041,1.2771980562745364,1.6802741888385893,1.779113411929078,1.6945052275847496,0.5021170647424958,1.779113411929078,1.7445052275847497,0.5060085479319849,782.4850297350218,148.10296369589156,776.1515502929688,131.70111083984375,788.8302612304688,147.33517456054688,782.6666564941406,144.0,248.88906521257013,64.10129799999709,0.0639882087707519
C1,8.815000000000001,1,1.0,0.686927318572998,1,0.5280000000000022,1.1872775879106547,1.6700782525564752,1.6837021750302663,1.6738355828252511,0.496438806125816,1.5819935763609494,1.7968577932777392,0.4145766074970798,773.099413256278,144.44740475226592,767.5655517578125,130.0814666748047,779.854248046875,144.6331787109375,769.3333435058594,149.3333282470703,248.8883734811097,79.14099900000338,0.0789864063262939
C1,8.975999999999999,1,1.0,0.760070264339447,1,0.6890000000000036,1.1272730510180682,1.6693597127581048,1.5819935763609494,1.7468577932777392,0.4612772578963042,1.5819935763609494,1.7968577932777392,0.4722568334119656,762.9424278699141,144.74596203104633,757.1432495117188,130.50286865234375,771.5745849609375,145.5733642578125,760.0,149.3333282470703,298.66650390625,58.78416900000616,0.0587320327758789
C1,9.151000000000003,1,1.0,0.524380624294281,1,0.6660000000000039,1.052833305961205,1.674322200539468,1.4605700063515064,1.7408614159158318,0.4131303475031488,1.4605700063515064,1.7908614159158318,0.4240643884667857,762.0981842672603,145.43351614091355,753.3837280273438,130.76666259765625,765.301025390625,144.39227294921875,761.3333435058594,149.3333282470703,348.44463433139026,52.41878100000008,0.0523695945739746
C1,9.359000000000002,1,1.0,0.749629557132721,1,0.5440000000000005,0.9623849251399696,1.6724560926208023,1.4489467764814976,1.7270749655471025,0.4896178677914384,1.313055670953544,1.760750866175727,0.3616157339034957,750.7915129700415,146.2495625973389,744.50634765625,131.71482849121094,758.6395263671875,147.5869598388672,748.4444376627604,146.6666717529297,202.6672159829177,73.16055100000085,0.0730810165405273
C1,9.514000000000003,1,1.0,0.6823952198028564,1,0.6990000000000016,0.9011741175423756,1.6669409739915175,1.313055670953544,1.710750866175727,0.4142049259649011,1.313055670953544,1.760750866175727,0.4224295324808744,742.8213226869784,148.56934307603314,735.8187866210938,131.5906982421875,751.7750244140625,148.59103393554688,736.0,146.6666717529297,266.666015625,78.95158799999535,0.0788691043853759
C1,9.666,1,1.0,0.7268109321594238,1,0.6529999999999987,0.8674820426314893,1.6608682593035848,1.214100732119047,1.664578619057986,0.3466385475846256,1.214100732119047,1.714578619057986,0.3507553544096211,737.8518054250779,147.670647943991,731.21533203125,131.6892547607422,744.4188232421875,148.41500854492188,740.0,144.0,248.88825141079724,61.378662000009854,0.0613026618957519
C1,9.818999999999999,0,0.0,0.0004834472492802,1,0.6410000000000018,0.8674820426308982,1.6608682593034605,1.1570731703577872,1.682425173134422,0.2903923583568391,1.1570731703577872,1.732425173134422,0.2983008769265404,1134.1685646934186,83.97140499450626,1129.3426513671875,69.61141967773438,1141.567626953125,82.54902648925781,1132.0,85.33333587646484,248.88743760809305,60.27398899999525,0.0601963996887207
C1,10.001000000000001,1,1.0,0.6648234724998474,1,0.5259999999999998,0.8674820426302512,1.6608682593033988,1.048432046377259,1.6922276264591765,0.1836472536262195,1.048432046377259,1.7422276264591765,0.1983992199582215,728.5948739278576,147.17810532027582,720.1893310546875,131.19920349121094,736.0970458984375,147.55267333984375,727.1111246744791,144.0,167.11093478742987,62.709304999998494,0.06264328956604
C1,10.166,1,1.0,0.7794790863990784,1,0.690999999999999,0.8674820426296779,1.6608682593034272,1.048432046377259,1.6922276264591765,0.1836472536267795,1.048432046377259,1.7422276264591765,0.1983992199587327,721.8545341046839,148.1183882420462,714.611328125,130.49957275390625,729.5390625,148.64791870117188,714.6666564941406,146.6666717529297,352.00048828125,98.79940300001522,0.0986628532409668
C1,10.350000000000001,1,1.0,0.8509721755981445,1,0.5450000000000017,0.8674820426289798,1.660868259303572,0.9672160764315586,1.673526633297924,0.1005341331623982,0.927641866075899,1.7029614307602992,0.073423698084814,718.635029993436,149.1556703720145,714.5673217773438,131.23568725585938,728.5748291015625,149.04000854492188,713.3333129882812,149.3333282470703,266.66650390625,77.446177000013,0.0773878097534179
C1,10.511000000000003,1,1.0,0.8388420343399048,1,0.5080000000000027,0.8674820426286178,1.660868259303648,0.927641866075899,1.652961430760299,0.0606771974865514,0.952648387296358,1.7303869324690933,0.1099370373566085,720.5774353266323,147.77311831327188,714.5934448242188,131.35153198242188,728.7025146484375,148.7758026123047,713.3333129882812,149.3333282470703,266.66650390625,52.251288999997314,0.0522065162658691
C1,10.683000000000003,1,1.0,0.7750076651573181,1,0.5150000000000041,0.8674820426286178,1.660868259303648,0.952648387296358,1.6803869324690932,0.0873743947973535,0.961391742969422,1.6909574938290322,0.098612341278479,721.5744592742972,149.76272774010192,714.6287841796875,132.23419189453125,729.8006591796875,149.03042602539062,713.3333129882812,149.3333282470703,376.8891872828826,58.55699899998967,0.0585107803344726
C2,0.06099999999999994,1,1.0,0.7383942604064941,1,0.7289999999999992,3.349999999999996,-1.5499999999956264,3.3544906486666526,-1.633226344255938,0.0833474073045061,3.3544906486666526,-1.583226344255938,0.0335284338786064,1027.0846419063682,375.3261405904357,1012.6923828125,354.7157897949219,1037.95556640625,375.1269226074219,1017.3333129882812,384.0,711.1109754778445,65.41905599999609,0.0653212070465087
C2,0.21000000000000085,1,1.0,0.7385491728782654,1,0.713000000000001,3.3499999999999672,-1.5499999999954424,3.3596567361105474,-1.6406067243985292,0.0911198719235618,3.3596567361105474,-1.5906067243985291,0.04173917367483,1024.9420028348095,377.6792245624805,1012.6923217773438,354.71551513671875,1037.9556884765625,375.1268005371094,1017.3333129882812,384.0,711.1109754778445,51.51694699998188,0.0514473915100097
C2,0.3879999999999981,1,1.0,0.733991801738739,1,0.5280000000000022,3.349999999999824,-1.5499999999950056,3.3318987695315245,-1.6657483648254183,0.117155189835452,3.3470477013157462,-1.5754256848434285,0.0255965137769055,1024.9944673526988,373.9115281151176,1012.6930541992188,354.7456970214844,1037.94482421875,375.13275146484375,1017.3333129882812,384.0,711.1109754778445,48.93811800002368,0.0488421916961669
C2,0.5600000000000023,1,1.0,0.7648072838783264,1,0.7000000000000028,3.3499999999994707,-1.5499999999943517,3.3470477013157462,-1.6254256848434283,0.0754834419092703,3.3470477013157462,-1.5754256848434285,0.0255965137775146,1026.165258390632,375.08952189503566,1013.2101440429688,354.6181030273437,1038.716552734375,375.12835693359375,1018.6666870117188,384.0,856.8902452252805,56.23778399996127,0.0561869144439697
C2,0.7469999999999999,1,1.0,0.7496685981750488,1,0.5240000000000009,3.34999999999924,-1.54999999999402,3.352603960934528,-1.6380709442135073,0.0881094309836612,3.370596184396275,-1.5785688192422176,0.0352190324249955,1027.8358558031662,374.2040374622209,1013.7783203125,354.1327514648437,1039.7607421875,375.1256713867188,1022.6666564941406,384.0,526.221421983093,57.171722999953545,0.0570502281188964
C2,0.945999999999998,1,1.0,0.7500249743461609,1,0.7230000000000025,3.3499999999991075,-1.5499999999939178,3.370596184396275,-1.6285688192422176,0.0812235321184331,3.370596184396275,-1.5785688192422176,0.0352190324251555,1028.0049122439796,375.8783832361993,1014.530517578125,353.934326171875,1039.869873046875,375.025634765625,1024.000030517578,384.0,558.2223578561097,104.96233199995686,0.1048681735992431
C2,1.115000000000002,1,1.0,0.7954103946685791,1,0.5290000000000035,3.349999999999349,-1.5499999999940353,3.365472470032199,-1.6465195505694603,0.0977518336001912,3.362502011026124,-1.587741046623539,0.0397578530658282,1027.291419153377,375.0587518182227,1015.9423828125,353.7803649902344,1039.975830078125,374.8955078125,1024.000030517578,384.0,593.7781304251403,49.69345899996824,0.0496382713317871
C2,1.2699999999999996,1,1.0,0.805854320526123,1,0.684000000000001,3.349999999999868,-1.5499999999942409,3.362502011026124,-1.6377410466235391,0.0886272618515619,3.362502011026124,-1.587741046623539,0.0397578530654699,1028.2208837853332,377.25645260509066,1016.80908203125,352.9119567871094,1041.294189453125,374.91064453125,1024.000030517578,384.0,600.888902451843,58.8864800000124,0.058833360671997
C2,1.436,1,1.0,0.8021866083145142,1,0.5199999999999996,3.350000000000193,-1.549999999994314,3.361935743392855,-1.6612413107823143,0.1118798069187108,3.379094812235224,-1.5816203614604918,0.0429692373477052,1028.9430161994385,374.4882097360188,1017.5927734375,353.0758056640625,1041.7015380859375,374.9412841796875,1024.000030517578,384.0,625.7776421438903,45.98169700000199,0.0459058284759521
C2,1.6379999999999981,1,1.0,0.806228518486023,1,0.7220000000000013,3.3500000000002808,-1.5499999999943228,3.379094812235224,-1.6316203614604918,0.0866509752100612,3.379094812235224,-1.5816203614604918,0.0429692373476391,1028.7151373198335,374.7456755998268,1017.6456909179688,352.86395263671875,1041.916259765625,375.091796875,1025.3333435058594,384.0,650.6661783847958,46.98323200000232,0.04689621925354
C2,1.8160000000000025,1,1.0,0.8055651187896729,1,0.5370000000000026,3.35000000000005,-1.549999999994364,3.376098350292384,-1.634383409103151,0.0883271397748295,3.379923855049588,-1.5978447495960466,0.0564318807543524,1029.7273698229126,376.0022556880791,1017.6149291992188,352.985595703125,1041.8515625,375.2344665527344,1025.3333435058594,384.0,661.3330078125,57.97754400003896,0.0578892230987548
C2,1.995000000000001,1,1.0,0.7988967895507812,1,0.5180000000000007,3.2947111664644027,-1.5696064177903963,3.379923855049588,-1.6478447495960469,0.11568249158644,3.3802024864093454,-1.5879432899406851,0.0874357287736803,1029.3387321039345,375.0776232581253,1017.42724609375,352.4858093261719,1042.47119140625,375.2633972167969,1024.000030517578,384.0,625.7776421438903,56.41845100001319,0.0562171936035156
C2,2.192,1,1.0,0.8018628358840942,1,0.5500000000000007,3.2264705214188334,-1.607109900443847,3.3802024864093454,-1.6379432899406852,0.1567935424936491,3.37323350362753,-1.582743932492741,0.1487718835700633,1028.315901991008,374.59288585917136,1016.7033081054688,351.82989501953125,1042.761474609375,375.4202880859375,1025.3333435058594,384.0,661.3330078125,62.00827100002471,0.0619301795959472
C2,2.3800000000000026,1,1.0,0.8037958741188049,1,0.5400000000000027,3.1398832828736287,-1.6612513524691446,3.37323350362753,-1.632743932492741,0.2350850878290782,3.395036037462041,-1.6029890511621636,0.2617201251865054,1031.6898285543698,376.483442898726,1015.630859375,351.82574462890625,1042.2371826171875,375.4421997070313,1025.3333435058594,384.0,650.6661783847958,49.85998000000791,0.0496559143066406
C2,2.575000000000003,1,1.0,0.7824546098709106,1,0.5370000000000026,3.060369200253917,-1.7057643638959543,3.395036037462041,-1.6529890511621637,0.3388024875366744,3.3179019628684125,-1.581757689483961,0.2858334814513097,1021.9052825012916,374.5009816647217,1008.5238037109376,352.221923828125,1036.849609375,375.83837890625,1014.6666564941406,384.0,561.7778049046174,102.4752359999752,0.1023468971252441
C2,2.770000000000003,1,1.0,0.8851942420005798,1,0.5340000000000025,2.961003143797742,-1.7545926303562192,3.3179019628684125,-1.6317576894839607,0.3774456116490566,3.2390752206415105,-1.6415797690920966,0.3001599352533755,1015.2780487611972,380.11035870103314,1002.1300659179688,355.5897216796875,1030.377197265625,380.1320495605469,1009.3333129882812,384.0,938.6679687509312,62.62561199997663,0.0625648498535156
C2,2.950000000000003,1,1.0,0.8787568807601929,1,0.5160000000000018,2.8653661604560323,-1.7997478624542622,3.2390752206415105,-1.6915797690920966,0.3890485806249902,3.1707572714038865,-1.704354099614933,0.3199432772142757,1009.909422612578,386.0762570748504,995.4306640625,360.0653991699219,1024.3187255859375,386.8206176757813,1002.6666564941406,394.6666564941406,494.2227647565305,58.0038580000064,0.0579564571380615
C2,3.1300000000000026,1,1.0,0.7365120053291321,1,0.5310000000000024,2.7760999822391463,-1.8405965655295464,3.1707572714038865,-1.7543540996149327,0.4039704677546301,3.0732204995918324,-1.7678445310264288,0.3058977939709122,1001.0620583457624,392.1949309954828,988.18408203125,363.2472534179688,1016.51318359375,390.7725524902344,997.3333435058594,394.6666564941406,696.8878038199618,50.48156300000528,0.050377607345581
C2,3.3450000000000024,1,1.0,0.7611676454544067,1,0.5480000000000018,2.66704878993424,-1.8841309685283527,3.0732204995918324,-1.8178445310264288,0.4115450759307756,3.009663666512321,-1.778215297713388,0.3586127200432215,994.0032906759044,393.202580417932,979.35791015625,367.9490661621094,1007.7453002929688,393.5771484375,986.0,392.0,807.1110161673278,56.194457000003695,0.0561347007751464
C2,3.5340000000000025,1,1.0,0.8498831987380981,1,0.5390000000000015,2.579040951305522,-1.9166825605722184,3.009663666512321,-1.828215297713388,0.4396161728710737,2.884347376449235,-1.840846035991302,0.3145841567761248,981.6457328351528,399.3378401463431,967.61181640625,372.48583984375,996.1209716796876,399.8673706054688,976.0,405.3333435058594,832.0008138027042,47.01754300003813,0.0469667911529541
C2,3.742000000000001,1,1.0,0.8792760372161865,1,0.549000000000003,2.466986331125991,-1.9552165574637543,2.884347376449235,-1.8908460359913024,0.4222958751727825,2.758678864475531,-1.9230905401402285,0.2934563255425651,969.801778040311,407.5265504989677,958.0607299804688,377.6202087402344,987.4149169921876,407.410888671875,964.0,402.6666564941406,871.1107313372195,76.0512349999658,0.0759246349334716
C2,3.924000000000003,1,1.0,0.8618062138557434,1,0.5330000000000048,2.387747054569245,-1.9810179665006615,2.758678864475531,-1.9730905401402283,0.3710165113428956,2.687131602047822,-1.9197101738403557,0.3055973702600068,961.125439477023,407.186951931436,948.38232421875,380.3629760742188,976.0096435546876,408.1896362304688,960.0,416.0,1045.333577473648,44.999742000015885,0.0449156761169433
C2,4.125,1,1.0,0.8095901608467102,1,0.5360000000000014,2.29975875532699,-2.003376148163944,2.687131602047822,-1.9697101738403555,0.3888330235509301,2.6012623534545325,-1.9409384043536668,0.3079007819671336,951.6119653778128,409.3237018611957,937.4945678710938,383.458251953125,967.0098876953124,408.5914001464844,945.3333129882812,416.0,949.333740234375,60.76442800002724,0.0606966018676757
C2,4.326999999999998,1,1.0,0.7661120295524597,1,0.7380000000000031,2.203519597252269,-2.021429179501779,2.6012623534545325,-1.9909384043536669,0.3989097485403258,2.6012623534545325,-1.9409384043536668,0.4058054521508024,940.0031447287016,409.8951557961853,927.453125,389.3683471679688,954.8942260742188,411.3294372558594,936.0,416.0,974.2221137154849,128.11962699998958,0.1279706954956054
C2,4.521000000000001,1,1.0,0.8174054622650146,1,0.5360000000000014,2.099612769935103,-2.037240000854433,2.502746988036495,-1.99659870713654,0.4051776308722939,2.429788017084883,-2.0209909405573714,0.3305748414367858,933.7370505615004,417.4749194417489,919.3890380859376,392.4661560058594,946.8053588867188,416.7205505371094,928.0,416.0,405.3326822919771,55.2628529999879,0.0551953315734863
C2,4.694000000000003,1,1.0,0.8771610856056213,1,0.5110000000000028,2.012092022444219,-2.048964258142362,2.429788017084883,-2.070990940557371,0.4182763663859882,2.3352333523609303,-2.0355960198667566,0.3234177312624252,922.7789813312684,418.978169161668,910.8651123046876,395.374267578125,936.6107177734376,418.415771484375,918.6666564941406,426.6666564941406,618.6656087245792,58.33132499998328,0.058284044265747
C2,4.871000000000002,1,1.0,0.8616191148757935,1,0.6880000000000024,1.921110425996308,-2.058535774907571,2.3352333523609303,-2.0855960198667565,0.4150060903144069,2.3352333523609303,-2.0355960198667566,0.4147577973976271,913.5548946691946,420.6225812390536,901.8070678710938,398.5840759277344,925.885986328125,420.3212890625,908.0,426.6666564941406,625.7784152552485,50.70058699999436,0.0506353378295898
C2,5.097000000000001,1,1.0,0.7966769337654114,1,0.5840000000000032,1.836584209186085,-2.054127504756943,2.254936588985248,-2.10151669474825,0.4210278482614367,2.1571583662676512,-2.045695500351413,0.3206850306560186,901.5182755597782,420.0205775548296,891.2760009765625,398.32708740234375,914.282470703125,419.1876831054688,897.3333435058594,426.6666564941406,661.3323567714542,46.26987599999666,0.0462126731872558
C2,5.276000000000003,1,1.0,0.8733751773834229,1,0.5320000000000036,1.7622190981755854,-2.0389286256195835,2.1571583662676512,-2.0956955003514133,0.398998124742355,2.028178589689124,-2.103712407982734,0.2737359851817371,887.5297665224758,426.0562016535949,873.5966796875,400.7584838867188,899.0563354492188,425.4191284179688,880.0,421.3333435058594,782.2223578561097,48.470846000043366,0.0483472347259521
C2,5.456000000000003,1,1.0,0.8103511333465576,1,0.5140000000000029,1.6773782141431353,-2.014828526339925,2.028178589689124,-2.153712407982734,0.3772925072982243,1.952373040742153,-2.0557885677435213,0.278028559051059,876.9661463581796,421.0647304591116,864.1630249023438,401.6714782714844,888.652587890625,424.8370056152344,877.3333333333334,421.3333435058594,394.6670735673979,56.84453899999653,0.0568008422851562
C2,5.621000000000002,1,1.0,0.871692419052124,1,0.5140000000000029,1.583846308173773,-1.982847852252358,1.952373040742153,-2.105788567743521,0.3884924351168313,1.876914362151502,-2.102076368725672,0.3163926728018844,869.0254612920357,425.88483300362,855.9248046875,401.1609497070313,881.6048583984375,425.9102783203125,866.6666717529297,424.0,657.7769504124299,45.59791400004087,0.0455467700958251
C2,5.795999999999999,1,1.0,0.8793405294418335,1,0.5240000000000009,1.5038649216802142,-1.9527842043805224,1.876914362151502,-2.1520763687256714,0.4229459206628134,1.809279740643652,-2.080144243793733,0.3309060157836417,860.2147098642474,423.594519666279,848.213134765625,399.4300231933594,872.5103759765625,424.22509765625,864.0,421.3333435058594,671.9993489589542,45.4549160000397,0.0454103946685791
C2,6.015999999999998,1,1.0,0.8693856000900269,1,0.5790000000000006,1.4279629968295986,-1.9165626142986036,1.809279740643652,-2.130144243793733,0.4370578583788957,1.7361750826775573,-2.06660088152452,0.3427917319523692,850.9876769866323,422.1859821512221,837.9410400390625,398.58441162109375,863.923583984375,421.77386474609375,852.0,426.6666564941406,860.445041231811,97.6935479999952,0.0975661277770996
C2,6.189,1,1.0,0.70719975233078,1,0.5210000000000008,1.3704877765690688,-1.873422769935857,1.7361750826775573,-2.11660088152452,0.4391614734977459,1.6090389885618002,-2.017608654099841,0.2787404705731677,834.4418087632876,417.1271909970089,823.7740478515625,395.1155700683594,845.6371459960938,417.5905151367188,830.6666870117188,426.6666564941406,359.110609266907,61.169950999953926,0.0610601902008056
C2,6.355000000000004,1,1.0,0.7648580074310303,1,0.5220000000000056,1.3241631974056336,-1.8261787408059715,1.6090389885618002,-2.0676086540998413,0.3734201647205697,1.5385584680153068,-1.976364514312966,0.2617653503114752,825.0517142601581,412.9122110177309,813.5568237304688,392.2740173339844,834.0870971679688,414.017578125,824.0,410.6666564941406,174.22174750454724,47.67995800000335,0.0475883483886718
C2,6.520000000000003,1,1.0,0.7464898228645325,1,0.6870000000000047,1.2763906263272822,-1.7632653949822152,1.5385584680153068,-2.026364514312966,0.3714204138277456,1.5385584680153068,-1.976364514312966,0.3378508722423233,816.9873695532926,410.8597348270118,805.576171875,389.7269287109375,826.3382568359375,410.6829223632813,813.3333129882812,416.0,661.3343098964542,47.52306799997541,0.0474588871002197
C2,6.746000000000002,1,1.0,0.6459007263183594,1,0.5830000000000055,1.2212613679522644,-1.6713084319563016,1.4748977211939764,-2.006139650622225,0.4200515976389832,1.4046318241121956,-1.942339557042988,0.3272347703989538,808.291733173077,409.4646567758057,798.2257690429688,387.340087890625,819.96630859375,409.754638671875,809.3333435058594,416.0,860.4441460501403,65.41698499995618,0.0653357505798339
C2,6.947000000000003,1,1.0,0.8413830995559692,1,0.5530000000000044,1.1751307586471142,-1.57846155469999,1.4046318241121956,-1.992339557042988,0.4732501873988406,1.3252551124935283,-1.88878992078389,0.3447332540009832,797.8230483893753,404.0923923992688,787.3099365234375,381.85107421875,810.1761474609375,403.4173278808594,798.6666564941406,400.0,391.11113823764026,73.41612900000882,0.0733485221862793
C2,7.111000000000004,1,1.0,0.7157215476036072,1,0.7170000000000059,1.1434510604429735,-1.50326722108464,1.3252551124935283,-1.93878992078389,0.4719456910443446,1.3252551124935283,-1.88878992078389,0.4262399152184118,789.2417311076736,395.8545502603937,777.7276611328125,374.4715576171875,800.0599975585938,396.4113464355469,784.0,394.6666564941406,401.7777642142028,48.14777199999298,0.0480897426605224
C2,7.303000000000004,1,1.0,0.7887869477272034,1,0.5460000000000065,1.1078937174870769,-1.405155836587477,1.264976576468415,-1.855401289089044,0.4768605583229668,1.2172153012195857,-1.7427046926286032,0.3548104266850918,782.6084140251645,389.7611887497511,773.0687255859375,368.6491088867188,794.3525390625,389.45947265625,780.0,394.6666564941406,600.889390733093,66.70565899997882,0.0666165351867675
C2,7.491,1,1.0,0.8690351843833923,1,0.5360000000000014,1.0806702204001724,-1.3150909313176586,1.2172153012195857,-1.7927046926286032,0.4967488944019584,1.1893450656535278,-1.6444271116866764,0.3468033184542717,777.8408694935607,380.3784732209306,766.3544921875,358.09527587890625,787.4124755859375,380.4923095703125,777.3333435058594,384.0,860.4441460501403,49.10029799998483,0.0490186214447021
C2,7.693000000000005,1,1.0,0.5823435187339783,1,0.7380000000000067,1.0569274674952207,-1.2160241405570564,1.1893450656535278,-1.6944271116866765,0.4963907967394872,1.1893450656535278,-1.6444271116866764,0.448401077133743,769.662432090733,370.713511423669,759.4454956054688,350.6307983398437,779.0426635742188,371.0895385742188,769.7777709960938,368.0,167.11089409701526,116.97522100001834,0.1168642044067382
C2,7.879000000000005,1,1.0,0.6929423809051514,1,0.5280000000000058,1.0410864084782627,-1.1311094325849012,1.131480543429231,-1.5909279391136857,0.4686194176300162,1.1058643110882258,-1.4466213892988755,0.3220931099791282,765.4437288739782,362.09403203001256,754.8447265625,341.4361572265625,775.9075927734375,362.3853149414063,766.6666564941406,360.0,430.2220730250701,63.18315599997959,0.0630929470062255
C2,8.038000000000004,1,1.0,0.7964061498641968,1,0.6870000000000047,1.030825115751159,-1.0552215186252232,1.1058643110882258,-1.4966213892988758,0.4477328742314458,1.1058643110882258,-1.4466213892988755,0.3985282168180647,760.1781668988343,352.82576825844865,750.2785034179688,332.7017517089844,769.48974609375,354.3355407714844,757.3333435058594,362.6666564941406,384.0000813798979,53.328378999992765,0.0532400608062744
C2,8.218000000000004,1,1.0,0.6951274871826172,1,0.5370000000000061,1.0213509253735462,-0.957819857983108,1.071227712424179,-1.3930397070685758,0.4380685002650515,1.0589685781431917,-1.3048751662387563,0.3490880616525302,758.3233287067834,349.4620841199592,747.20361328125,328.7059326171875,768.1546630859375,349.6920166015625,756.0,346.6666564941406,163.55512152798474,57.72916600000144,0.0576810836791992
C2,8.450000000000003,1,1.0,0.8443850874900818,1,0.5710000000000051,1.0120954800025523,-0.8318062598561085,1.0589685781431917,-1.3548751662387566,0.5251648961551424,1.03572827477078,-1.182514093476438,0.3515031913812759,754.2481039172587,338.8583898237057,744.3297729492188,318.08111572265625,763.44921875,339.1986999511719,757.3333282470703,336.0,359.1119927307591,59.6773590000339,0.0596091747283935
C2,8.655999999999999,1,1.0,0.7846863865852356,1,0.5459999999999994,1.006116353723253,-0.7159491413011538,1.03572827477078,-1.232514093476438,0.5174130030101473,1.0076226531331642,-1.0556365473522724,0.3396907457786417,749.6947203202335,328.14569891462105,739.7355346679688,309.5625,759.01318359375,329.21826171875,745.3333129882812,328.0,199.11162651889023,73.1064569999944,0.0730447769165039
C2,8.848999999999997,1,1.0,0.7497938275337219,1,0.5410000000000039,1.0024501376561608,-0.5999670670654192,1.0076226531331642,-1.1056365473522725,0.505695934539656,1.011027698713367,-0.9630979383203684,0.3632321629647745,749.0257632992073,320.5073623947846,738.18994140625,301.7176513671875,757.4832763671875,322.2109069824219,745.3333129882812,330.6666564941406,320.0004069004208,63.78213300001789,0.0637011528015136
C2,9.024000000000001,1,1.0,0.6512861847877502,1,0.5180000000000007,1.0022275401193963,-0.495847294691496,1.011027698713367,-1.0130979383203684,0.5173254982366149,0.972982348107479,-0.8644528293352295,0.3697638725265172,743.8772040563146,312.52228716328966,735.2589721679688,292.109619140625,754.5739135742188,312.28662109375,738.6666870117188,320.0,721.7777642142028,59.46978100001843,0.059417724609375
C2,9.204,1,1.0,0.619834303855896,1,0.5330000000000013,1.0048969955861602,-0.3889656967699539,0.972982348107479,-0.9144528293352296,0.5264553838791698,0.9892342417837526,-0.7973824508715563,0.4087169765101073,744.9012578125283,307.18343025688614,734.96533203125,286.327880859375,751.9114990234375,306.9053039550781,738.6666717529297,306.6666564941406,351.9998372392729,47.42495100003907,0.047377586364746
C2,9.402999999999999,1,1.0,0.7792142033576965,1,0.7319999999999993,1.0110529145913478,-0.2784645272479842,0.9892342417837526,-0.8473824508715564,0.5693361558018616,0.9892342417837526,-0.7973824508715563,0.5193764202780912,740.4648295818303,294.27766864581923,731.791015625,276.4649658203125,749.6344604492188,295.7027587890625,738.6666870117188,298.6666564941406,298.66650390625,103.3584269999892,0.1032173633575439
C2,9.601999999999997,1,1.0,0.7502637505531311,1,0.5350000000000037,1.0193841128415415,-0.1681185795924986,0.9631785274370026,-0.6814337102871049,0.516383085732567,0.9588130085253544,-0.531792616729803,0.3686836909409309,739.0352248004136,286.7298483307548,730.9745483398438,269.2935791015625,747.4784545898438,286.7497253417969,738.6666666666666,282.6666564941406,174.22166612464935,74.74851299997454,0.0746312141418457
C2,9.783000000000001,1,1.0,0.7778810858726501,1,0.7160000000000011,1.0268936994756397,-0.0702957998121298,0.9588130085253544,-0.5817926167298031,0.5160077268773986,0.9588130085253544,-0.531792616729803,0.4664914709889266,739.8927170828395,278.780877663012,730.2353515625,260.5340576171875,746.1689453125,278.15875244140625,740.0,288.0,547.5545518659055,59.91834899998594,0.0598366260528564
C2,9.951,1,1.0,0.7697098255157471,1,0.5210000000000008,1.0322379233496433,0.0099270412105654,0.9772397533719044,-0.4747139469478862,0.4877516643786064,0.9447840471470408,-0.361728521554195,0.3818062830767075,735.9901942344466,274.1816252866494,729.445068359375,253.9691162109375,745.593505859375,272.15484619140625,740.0,277.3333435058594,348.44406466931105,48.40238099995986,0.0483119487762451
C2,10.175000000000004,1,1.0,0.7931516170501709,1,0.7450000000000045,1.0385489667650545,0.1129535289847847,0.9447840471470408,-0.411728521554195,0.532994478685062,0.9447840471470408,-0.361728521554195,0.4838542231445986,736.9017125366106,264.1177326681082,729.8060913085938,246.62106323242188,744.787353515625,264.9971923828125,740.0,261.3333435058594,248.88853624090552,52.65072200000986,0.0525588989257812
C2,10.342999999999996,1,1.0,0.7608420848846436,1,0.517000000000003,1.0442752779482731,0.1986983534587048,0.9666462842365692,-0.2711920197390242,0.4762596177386791,0.9916336933521944,-0.1121433102682016,0.3152676265291082,738.3884884235713,256.491748145953,729.5536499023438,238.04234313964844,744.273681640625,256.54150390625,740.0,256.0,348.4437798392028,47.10121200002959,0.0469608306884765
C2,10.510000000000005,1,1.0,0.7696058750152588,1,0.6840000000000046,1.050223832242969,0.2805040442818807,0.9916336933521944,-0.1621433102682016,0.4465081016794953,0.9916336933521944,-0.1121433102682016,0.3969946465765228,736.2704758185906,251.62404416764616,728.9869995117188,232.93243408203125,744.2887573242188,251.4052581787109,740.0,256.0,348.4437798392028,66.76882700003262,0.0666677951812744
C2,10.694000000000003,1,1.0,0.8029481172561646,1,0.5380000000000038,1.0574231421789029,0.3766597608619193,0.976737549578153,-0.0913492345452374,0.4749132390609366,0.9874837096551484,0.0186402432901799,0.3647869229893608,736.7879429795945,247.5493054427309,728.590087890625,227.47830200195312,743.2960205078125,246.55596923828125,740.0,242.6666717529297,298.666015625,56.26111800000899,0.0562198162078857
C2,10.872,1,1.0,0.535811722278595,1,0.7160000000000011,1.0643347229903113,0.4728434853514394,0.9874837096551484,-0.0313597567098201,0.5100264577016828,0.9874837096551484,0.0186402432901799,0.4606589447189759,734.989970939791,241.20214052788893,729.5257568359375,221.1062469482422,743.20458984375,239.2036590576172,740.0,245.3333282470703,547.5542670357972,62.35511799997085,0.0623128414154052
C2,11.055,1,1.0,0.7499101161956787,1,0.5360000000000014,1.0719910778676622,0.5653905227662321,0.9776627640952504,0.0634343734512166,0.5107424072997117,1.002516793179021,0.2443433042405105,0.3284782987597518,736.246025406355,232.61661802978367,728.6286010742188,214.8171844482422,741.9697265625,232.99581909179688,740.0,229.3333282470703,248.88825141079724,99.16947900001104,0.0990567207336425
C2,11.251000000000005,1,1.0,0.7604947090148926,1,0.534000000000006,1.0811895136331282,0.6647965063927341,1.002516793179021,0.1943433042405105,0.4769859666268296,0.9857229613429088,0.355234403661377,0.3239483879472785,733.6896714473068,225.50214845791368,728.0579833984375,208.2474365234375,740.9586791992188,226.47116088867188,740.0,221.3333282470703,298.666015625,73.75220599999466,0.0736291408538818
C2,11.436,1,1.0,0.7139982581138611,1,0.7190000000000012,1.090738349557142,0.7637129574412331,0.9857229613429088,0.305234403661377,0.4703518002919245,0.9857229613429088,0.355234403661377,0.4217617344661187,734.000514668045,221.15398565893537,726.6976318359375,202.2001953125,741.056640625,221.802001953125,740.0,216.0,199.1107720267028,60.86847399996032,0.0608167648315429
C2,11.623000000000005,1,1.0,0.7783051133155823,1,0.5430000000000064,1.102332314302838,0.8779898882333803,0.995122253891814,0.3741151939769003,0.5151540590594202,0.9973147990108664,0.5137283068749883,0.3790978477541332,733.4587893647916,215.5766047467385,727.8698120117188,198.0242156982422,740.5775146484375,214.76535034179688,740.0,208.0,248.88825141079724,49.47505299998056,0.0494251251220703
C2,11.844999999999999,1,1.0,0.8255062699317932,1,0.5670000000000002,1.1160271174353429,0.9993731040848182,0.9973147990108664,0.4637283068749882,0.548641926326884,1.020758397530882,0.637868303110516,0.3738473620606468,734.6138349219514,207.9952297669669,727.7060546875,190.46878051757807,740.79248046875,208.38980102539065,740.0,213.3333282470703,348.4434950090945,59.47653900000205,0.0594122409820556
C2,12.015,1,1.0,0.8490801453590393,1,0.5060000000000002,1.1274657518596989,1.0928694278448792,1.020758397530882,0.587868303110516,0.5161517174734843,1.028218449274095,0.7352174077582159,0.3711670709297761,734.4981941293885,202.16455880208693,727.1578369140625,183.17654418945312,740.3700561523438,200.79718017578125,740.0,194.6666717529297,199.1107720267028,56.77752200000441,0.0566408634185791
C2,12.217999999999996,1,1.0,0.6318772435188293,1,0.7090000000000032,1.1379889259715217,1.1951205371357647,1.028218449274095,0.6852174077582158,0.5215848530233578,1.028218449274095,0.7352174077582159,0.4728217909166653,732.8951887459641,194.47089634827964,728.2230224609375,178.3792724609375,739.75634765625,195.07418823242188,740.0,184.0,199.1107720267028,72.78751999996302,0.072721242904663
C2,12.389000000000003,1,1.0,0.7941739559173584,1,0.517000000000003,1.142720052737272,1.291358190897396,1.0222974160405578,0.8162449005783456,0.4901369707202092,1.0527127476475735,0.959998899678851,0.3433661236149638,734.8937326800636,189.0714491107369,727.5140380859375,171.1597137451172,740.38818359375,188.35250854492188,740.0,192.0,348.4437798392028,53.86531900001046,0.0537474155426025
C2,12.572000000000003,1,1.0,0.7688774466514587,1,0.5350000000000037,1.1436136365793774,1.3872369441903698,1.0527127476475735,0.909998899678851,0.4858179934273437,1.0558720066666616,1.0482395406209104,0.3501682927487509,734.4672689247974,184.0678472129491,728.3173828125,167.41026306152344,740.1637573242188,182.90542602539065,740.0,176.0,248.88825141079724,46.696660999998585,0.0466408729553222
C2,12.763000000000005,1,1.0,0.7272630929946899,1,0.5280000000000058,1.141124928951604,1.4981316776378388,1.0558720066666616,0.9982395406209104,0.5071096621140972,1.041087833833406,1.1668274856738414,0.3460778640892894,732.2184594134591,177.46004063302578,726.5104370117188,159.16476440429688,740.1029052734375,178.93917846679688,740.0,173.3333282470703,199.11048719659448,100.6798930000059,0.1005678176879882
C2,12.960999999999999,0,0.0,0.0009970075916498,1,0.7259999999999991,1.135856616278507,1.6140681422134089,1.041087833833406,1.1168274856738414,0.5061910633762977,1.041087833833406,1.1668274856738414,0.4571710040981058,725.2577907384263,172.62417678596572,714.6034545898438,155.9803924560547,737.6451416015625,172.5016326904297,728.0,181.3333282470703,512.0009562172927,75.02729200001568,0.0749623775482177
C2,13.168,0,0.0,0.0032223789021372,1,0.9329999999999998,1.1312945337791471,1.726218323511518,1.041087833833406,1.1168274856738414,0.6160312020958082,1.041087833833406,1.1668274856738414,0.5666174707612172,724.3004403245143,165.37478135529406,714.6305541992188,151.52716064453125,735.5625,165.86199951171875,724.0,170.6666717529297,547.5564643014222,66.41158000002179,0.0663590431213378
C2,13.370000000000005,1,1.0,0.7277487516403198,1,1.1350000000000051,1.1304652929350012,1.7530585571983528,1.041087833833406,1.1168274856738414,0.6424782537710403,1.041087833833406,1.1668274856738414,0.5930052271407344,728.9809019805091,160.5375298397801,723.2785034179688,144.36962890625,736.63330078125,161.157958984375,725.3333435058594,170.6666717529297,352.0001220703125,56.83567299996639,0.0566589832305908
C2,13.579,1,1.0,0.5270918607711792,1,0.5519999999999996,1.1304652929350008,1.753058557199093,1.031055510386147,1.431677981899896,0.3364041899947936,1.017730811291942,1.5347399923823508,0.2457072630081807,727.4519388552258,157.77090858855811,720.8167724609375,138.939453125,736.0966796875,157.4034423828125,727.1111246744791,154.6666717529297,167.11111789289862,69.25593199997593,0.0691571235656738
C2,13.769999999999996,1,1.0,0.7108492851257324,1,0.5450000000000017,1.1304652929350008,1.7530585571996264,1.017730811291942,1.4847399923823508,0.2910393711801408,1.053141976778401,1.720140483678591,0.0840386505471725,729.1503598179833,148.2889632401693,720.58154296875,132.93399047851562,736.12939453125,148.7694091796875,724.0,146.6666717529297,199.11081271711737,49.95516200000338,0.0498952865600585
C2,13.954,1,1.0,0.6499313116073608,1,0.7289999999999992,1.1304652929350008,1.7530585572003858,1.053141976778401,1.670140483678591,0.1133768148168719,1.053141976778401,1.720140483678591,0.08403865054747,728.2100010502324,145.2350074665506,720.6774291992188,129.68283081054688,736.1571044921875,145.8160400390625,726.6666564941406,149.3333282470703,248.8883734811097,52.33224099998779,0.0522689819335937
C2,14.143,1,1.0,0.6726331114768982,1,0.7199999999999989,1.1304652929350008,1.753058557201148,1.04711891822933,1.731050751164191,0.0862030260671768,1.04711891822933,1.781050751164191,0.0879214484607862,728.9816906687612,147.40985681998922,720.762451171875,131.80075073242188,736.138427734375,147.32080078125,728.0,144.0,174.221930610016,57.35770000001139,0.0573055744171142
C2,14.332,1,1.0,0.6737421751022339,1,0.7109999999999985,1.1304652929350012,1.753058557201564,1.0526210928296054,1.6876132811471272,0.1016995754558019,1.0526210928296054,1.7376132811471272,0.0793616786770962,730.0434061679164,146.23469764109683,720.7606201171875,131.794189453125,736.1378784179688,147.33016967773438,728.0,144.0,174.221930610016,46.73776700002463,0.0466618537902832
C2,14.537999999999997,1,1.0,0.6734366416931152,1,0.7520000000000024,1.1304652929350012,1.753058557201564,1.0671783636334036,1.7110469306778873,0.0759619127167708,1.0671783636334036,1.761046930677887,0.0637891019784935,728.8252405363004,147.95558807933418,720.7833862304688,132.078125,736.14208984375,147.5115966796875,728.0,144.0,174.221930610016,101.98680799999238,0.1018640995025634
C2,14.765,1,1.0,0.6678207516670227,1,0.7809999999999988,1.1304652929350012,1.753058557201564,1.0498578438774286,1.6767607610467812,0.1109906056459101,1.0498578438774286,1.7267607610467812,0.0847887665092945,728.0925322411185,148.42354572406242,720.77001953125,132.6478729248047,736.1359252929688,147.8400115966797,724.0,146.6666717529297,199.11081271711737,76.85749299997724,0.076772928237915
C2,14.963000000000001,1,1.0,0.6722632050514221,1,0.5500000000000043,1.1304652929350012,1.753058557201564,1.0404227824009038,1.667469835949958,0.1242299597873562,1.0248125966235226,1.6849560237802543,0.1256998301362659,726.9975430248377,150.0666790072918,720.7366943359375,132.73178100585938,736.1354370117188,147.9478759765625,724.0,146.6666717529297,199.11081271711737,65.45325399997637,0.0653939247131347
