task,generating_source,lambda,length_m,terminal_sigma_m,mean_p_use_reference,objective_reference_field
full_traverse_handover,fov_range,0.0,16.4882,0.025258,0.591888,17.658015
full_traverse_handover,fov_range,0.25,16.4882,0.025081,0.581347,17.674533
full_traverse_handover,fov_range,20.0,16.5691,0.025020,0.582673,17.759772
full_traverse_handover,fov_range,50.0,16.7308,0.024977,0.585054,17.924785
full_traverse_handover,cad_reference,0.25,16.4882,0.024934,0.620034,17.622264
full_traverse_handover,cad_reference,0.5,16.5691,0.024962,0.636826,17.681433
full_traverse_handover,cad_reference,2.0,16.7308,0.024934,0.646660,17.833945
full_traverse_handover,cad_reference,5.0,16.8116,0.024962,0.650770,17.917303
full_traverse_handover,cad_reference,10.0,16.8924,0.024962,0.652753,17.997793
full_traverse_handover,mono_depth,0.25,16.4882,0.025118,0.577441,17.692368
full_traverse_handover,mono_depth,0.5,16.4882,0.025118,0.569909,17.712116
full_traverse_handover,mono_depth,1.0,16.4882,0.025118,0.580647,17.693618
full_traverse_handover,mono_depth,2.0,16.4882,0.025118,0.570632,17.711830
full_traverse_handover,gp,0.25,16.4882,0.025258,0.602867,17.643340
full_traverse_handover,gp,0.5,16.4882,0.025258,0.601639,17.644513
full_traverse_handover,gp,2.0,16.4882,0.025258,0.604887,17.638588
full_traverse_handover,gp,20.0,16.4882,0.025258,0.604850,17.636940
full_traverse_handover,gp,50.0,16.4882,0.025258,0.604893,17.638910
full_traverse_handover,hybrid,0.25,16.4882,0.025110,0.598063,17.651658
full_traverse_handover,hybrid,50.0,16.7308,0.025006,0.628393,17.862523
mc_blind_L,fov_range,0.0,15.0492,0.025020,0.431916,16.738345
mc_blind_L,fov_range,20.0,15.2917,0.024983,0.477509,16.806026
mc_blind_L,fov_range,50.0,15.6151,0.025173,0.379246,17.496248
mc_blind_L,cad_reference,0.25,15.3726,0.024548,0.608898,16.512930
mc_blind_L,cad_reference,10.0,17.8032,0.024126,0.673545,19.045183
mc_blind_L,cad_reference,20.0,17.9649,0.024123,0.674979,19.213509
mc_blind_L,cad_reference,50.0,18.2074,0.024121,0.676266,19.468647
mc_blind_L,mono_depth,0.25,15.2109,0.025004,0.469132,16.803637
mc_blind_L,mono_depth,0.5,15.2917,0.024654,0.518773,16.637835
mc_blind_L,mono_depth,20.0,15.2917,0.024654,0.517572,16.637835
mc_blind_L,gp,0.25,15.2917,0.024642,0.556091,16.524038
mc_blind_L,gp,0.5,15.3726,0.024643,0.568306,16.582166
mc_blind_L,gp,1.0,15.3726,0.024643,0.568727,16.581561
mc_blind_L,gp,2.0,15.3726,0.024643,0.568002,16.581975
mc_blind_L,gp,5.0,15.3726,0.024627,0.567837,16.580768
mc_blind_L,gp,10.0,16.9409,0.024636,0.536443,18.321049
mc_blind_L,gp,20.0,16.9409,0.024636,0.536045,18.321395
mc_blind_L,gp,50.0,16.9409,0.024599,0.535906,18.321583
mc_blind_L,hybrid,0.25,15.3726,0.024548,0.606903,16.515840
mc_blind_L,hybrid,50.0,18.0457,0.024122,0.675469,19.298914
mc_m2_w2e_traverse,fov_range,0.0,22.3857,0.040813,0.341781,24.919689
mc_m2_w2e_traverse,fov_range,0.25,22.3857,0.040814,0.344376,24.898806
mc_m2_w2e_traverse,fov_range,20.0,31.8922,0.040796,0.630751,34.776946
mc_m2_w2e_traverse,fov_range,50.0,33.0367,0.040796,0.641817,35.967079
mc_m2_w2e_traverse,cad_reference,0.25,22.3857,0.039189,0.347250,24.891813
mc_m2_w2e_traverse,cad_reference,2.0,31.1564,0.034494,0.631284,33.762162
mc_m2_w2e_traverse,cad_reference,5.0,34.3506,0.032335,0.662572,36.859025
mc_m2_w2e_traverse,cad_reference,10.0,34.5958,0.032335,0.667655,37.116387
mc_m2_w2e_traverse,cad_reference,20.0,35.3316,0.032335,0.677963,37.880868
mc_m2_w2e_traverse,cad_reference,50.0,36.3108,0.032266,0.687680,38.899605
mc_m2_w2e_traverse,mono_depth,0.25,22.3857,0.040814,0.341777,24.919697
mc_m2_w2e_traverse,mono_depth,0.5,22.4880,0.038110,0.327425,25.181559
mc_m2_w2e_traverse,mono_depth,1.0,22.5688,0.036863,0.333499,25.240037
mc_m2_w2e_traverse,mono_depth,2.0,34.1619,0.032335,0.651329,36.668901
mc_m2_w2e_traverse,mono_depth,50.0,34.2194,0.031916,0.650672,36.728561
mc_m2_w2e_traverse,gp,0.25,22.3857,0.040814,0.344377,24.898761
mc_m2_w2e_traverse,gp,2.0,22.6310,0.040815,0.345296,25.191906
mc_m2_w2e_traverse,gp,5.0,34.2876,0.032198,0.639357,36.840466
mc_m2_w2e_traverse,gp,10.0,34.3451,0.032197,0.638726,36.899892
mc_m2_w2e_traverse,gp,20.0,34.3451,0.032197,0.638897,36.899407
mc_m2_w2e_traverse,hybrid,2.0,34.4260,0.031641,0.641979,36.980525
mc_m2_w2e_traverse,hybrid,5.0,34.5068,0.031668,0.641889,37.065808
mc_m2_w2e_traverse,hybrid,50.0,34.7026,0.031629,0.643481,37.258389
route_tall_shadow_west,fov_range,0.0,14.3575,0.025483,0.581819,15.501339
route_tall_shadow_west,fov_range,0.25,14.3575,0.025483,0.501587,15.715836
route_tall_shadow_west,fov_range,1.0,14.5300,0.025544,0.641285,15.565787
route_tall_shadow_west,fov_range,50.0,14.9342,0.025491,0.638633,15.998390
route_tall_shadow_west,cad_reference,0.25,14.5300,0.025503,0.641574,15.566022
route_tall_shadow_west,mono_depth,0.25,14.5300,0.025545,0.638618,15.570303
route_tall_shadow_west,mono_depth,0.5,14.5300,0.025546,0.638654,15.570230
route_tall_shadow_west,gp,0.25,14.5300,0.025545,0.640512,15.569245
route_tall_shadow_west,gp,0.5,14.5300,0.025545,0.641344,15.568161
route_tall_shadow_west,gp,1.0,14.5300,0.025544,0.639647,15.569820
route_tall_shadow_west,gp,2.0,14.5300,0.025545,0.639762,15.569932
route_tall_shadow_west,gp,5.0,14.5300,0.025544,0.639967,15.569478
route_tall_shadow_west,gp,10.0,14.5300,0.025544,0.641363,15.567810
route_tall_shadow_west,gp,20.0,14.5300,0.025544,0.640950,15.568170
route_tall_shadow_west,gp,50.0,14.5300,0.025544,0.639827,15.569417
