task,condition,label,seed,planner,run_dir,goal_reached,collision,completion_reason,path_length_m,min_goal_distance,final_goal_distance,elapsed_s,mean_loc_error_m,mean_loc_nll,mean_loc_nees,mean_overconf,f_shadow,mean_rho_plan,path_efficiency,mean_cov_trace,yolo_detection_rate,mean_solve_time_ms,p90_solve_time_ms,valid_run,is_clean_success,is_near_success,is_collision,is_penetration,is_timeout,is_interrupted,is_invalid,goal_region_entered,max_obstacle_penetration_m,max_wall_penetration_m,n_rows,outcome
F31_b1_apron_a3_mid,C1,C1,0,constant_R_efe,/home/joostleliveld/Thesis/UnembodiedNavigation/logs/visibility_comparison/_paper_runs/robustness_campaign_keepout_lanegraph_v1/F31_b1_apron_a3_mid/C1/seed0/experiment_20260612_051834,1,0,goal_reached,4.979627,0.180826,0.180826,16.571000,0.208372,44.641903,100.396677,5.413719,0.335329,0.426264,0.719941,0.005310,0.727273,,0.000000,1,1,0,0,0,0,0,0,1,0.000000,0.000000,441,goal_reached
F31_b1_apron_a3_mid,C1,C1,1,constant_R_efe,/home/joostleliveld/Thesis/UnembodiedNavigation/logs/visibility_comparison/_paper_runs/robustness_campaign_keepout_lanegraph_v1/F31_b1_apron_a3_mid/C1/seed1/experiment_20260612_052028,0,1,collision,2.844048,1.433415,1.433415,6.699000,0.137241,17.551714,46.299484,3.361501,0.529412,0.425304,1.260541,0.002797,0.640000,,0.000000,0,0,0,1,1,0,0,0,0,0.004150,0.000000,391,collision
F31_b1_apron_a3_mid,C1,C1,2,constant_R_efe,/home/joostleliveld/Thesis/UnembodiedNavigation/logs/visibility_comparison/_paper_runs/robustness_campaign_keepout_lanegraph_v1/F31_b1_apron_a3_mid/C1/seed2/experiment_20260612_052218,1,0,goal_reached,5.234635,0.119081,0.119081,14.988000,0.152158,17.059032,44.982362,3.242217,0.437086,0.421460,0.684869,0.005669,0.706897,,0.000000,1,1,0,0,0,0,0,0,1,0.000000,0.000000,439,goal_reached
F31_b1_apron_a3_mid,C1,C1,3,constant_R_efe,/home/joostleliveld/Thesis/UnembodiedNavigation/logs/visibility_comparison/_paper_runs/robustness_campaign_keepout_lanegraph_v1/F31_b1_apron_a3_mid/C1/seed3/experiment_20260612_052416,1,0,goal_reached,4.623136,0.168475,0.233958,11.701000,0.136447,25.804324,62.023854,2.366844,0.457627,0.428075,0.775456,0.007062,0.642857,,0.000000,1,1,0,0,0,0,0,0,1,0.000000,0.000000,435,goal_reached
F31_b1_apron_a3_mid,C1,C1,4,constant_R_efe,/home/joostleliveld/Thesis/UnembodiedNavigation/logs/visibility_comparison/_paper_runs/robustness_campaign_keepout_lanegraph_v1/F31_b1_apron_a3_mid/C1/seed4/experiment_20260612_052620,0,1,collision,2.747820,1.483238,1.483238,6.185000,0.134258,20.928887,53.279116,3.492084,0.476190,0.461020,1.304684,0.002580,0.681818,,0.000000,0,0,0,1,1,0,0,0,0,0.011734,0.000000,382,collision
F31_b1_apron_a3_mid,C2,C2,0,visibility_aware_efe,/home/joostleliveld/Thesis/UnembodiedNavigation/logs/visibility_comparison/_paper_runs/robustness_campaign_keepout_lanegraph_v1/F31_b1_apron_a3_mid/C2/seed0/experiment_20260612_052827,1,0,goal_reached,6.295341,0.121502,0.175385,16.100000,0.142787,28.058062,68.235486,4.680297,0.000000,0.790894,0.569475,0.001003,1.000000,,0.000000,1,1,0,0,0,0,0,0,1,0.000000,0.000000,533,goal_reached
F31_b1_apron_a3_mid,C2,C2,1,visibility_aware_efe,/home/joostleliveld/Thesis/UnembodiedNavigation/logs/visibility_comparison/_paper_runs/robustness_campaign_keepout_lanegraph_v1/F31_b1_apron_a3_mid/C2/seed1/experiment_20260612_053042,1,0,goal_reached,7.682683,0.067101,0.127050,21.296000,0.170038,29.621289,70.728452,4.730925,0.079439,0.702267,0.466639,0.001451,1.000000,,0.000000,1,1,0,0,0,0,0,0,1,0.000000,0.000000,570,goal_reached
F31_b1_apron_a3_mid,C2,C2,2,visibility_aware_efe,/home/joostleliveld/Thesis/UnembodiedNavigation/logs/visibility_comparison/_paper_runs/robustness_campaign_keepout_lanegraph_v1/F31_b1_apron_a3_mid/C2/seed2/experiment_20260612_053320,0,0,stuck,5.753486,0.388225,0.466249,37.771000,0.375463,192.233276,396.589159,14.084339,0.184697,0.577864,0.623107,0.004533,0.850340,,0.000000,1,0,1,0,0,0,0,0,0,0.000000,0.000000,738,stuck
F31_b1_apron_a3_mid,C2,C2,3,visibility_aware_efe,/home/joostleliveld/Thesis/UnembodiedNavigation/logs/visibility_comparison/_paper_runs/robustness_campaign_keepout_lanegraph_v1/F31_b1_apron_a3_mid/C2/seed3/experiment_20260612_053614,0,1,collision,2.440013,3.585038,3.608595,9.298000,0.129323,145.863665,304.538493,4.634082,0.000000,0.838450,1.469270,0.000922,1.000000,,0.000000,0,0,0,1,1,0,0,0,0,0.004715,0.000000,447,collision
F31_b1_apron_a3_mid,C2,C2,4,visibility_aware_efe,/home/joostleliveld/Thesis/UnembodiedNavigation/logs/visibility_comparison/_paper_runs/robustness_campaign_keepout_lanegraph_v1/F31_b1_apron_a3_mid/C2/seed4/experiment_20260612_053835,1,0,goal_reached,6.253981,0.102685,0.153997,15.972000,0.129564,22.252275,56.628738,4.208486,0.000000,0.786136,0.573241,0.001032,1.000000,,0.000000,1,1,0,0,0,0,0,0,1,0.000000,0.000000,529,goal_reached
b5_a4_apron_to_a2_mid,C1,C1,0,constant_R_efe,/home/joostleliveld/Thesis/UnembodiedNavigation/logs/visibility_comparison/_paper_runs/robustness_campaign_keepout_lanegraph_v1/b5_a4_apron_to_a2_mid/C1/seed0/experiment_20260612_054047,1,0,goal_reached,6.557503,0.232079,0.232501,15.499000,0.239339,107.426617,225.273981,4.493808,0.500000,0.422081,,0.006690,0.629630,,0.000000,1,1,0,0,0,0,0,0,1,0.000000,0.000000,548,goal_reached
b5_a4_apron_to_a2_mid,C1,C1,1,constant_R_efe,/home/joostleliveld/Thesis/UnembodiedNavigation/logs/visibility_comparison/_paper_runs/robustness_campaign_keepout_lanegraph_v1/b5_a4_apron_to_a2_mid/C1/seed1/experiment_20260612_054333,1,0,goal_reached,6.852372,0.200497,0.200497,22.004000,0.241001,82.105295,175.425730,6.580442,0.352941,0.554947,,0.004868,0.720930,,0.000000,1,1,0,0,0,0,0,0,1,0.000000,0.000000,552,goal_reached
b5_a4_apron_to_a2_mid,C1,C1,2,constant_R_efe,/home/joostleliveld/Thesis/UnembodiedNavigation/logs/visibility_comparison/_paper_runs/robustness_campaign_keepout_lanegraph_v1/b5_a4_apron_to_a2_mid/C1/seed2/experiment_20260612_054553,1,0,goal_reached,6.778965,0.126319,0.126319,17.690000,0.123567,11.830762,34.200701,2.463779,0.466292,0.447379,,0.005839,0.661290,,0.000000,1,1,0,0,0,0,0,0,1,0.000000,0.000000,527,goal_reached
b5_a4_apron_to_a2_mid,C1,C1,3,constant_R_efe,/home/joostleliveld/Thesis/UnembodiedNavigation/logs/visibility_comparison/_paper_runs/robustness_campaign_keepout_lanegraph_v1/b5_a4_apron_to_a2_mid/C1/seed3/experiment_20260612_054830,0,1,collision,2.768965,3.397969,3.397969,6.100000,0.116104,13.209733,37.803870,3.002726,0.500000,0.432876,,0.002530,0.640000,,0.000000,0,0,0,1,1,0,0,0,0,0.004287,0.000000,391,collision
b5_a4_apron_to_a2_mid,C1,C1,4,constant_R_efe,/home/joostleliveld/Thesis/UnembodiedNavigation/logs/visibility_comparison/_paper_runs/robustness_campaign_keepout_lanegraph_v1/b5_a4_apron_to_a2_mid/C1/seed4/experiment_20260612_055015,1,0,goal_reached,6.506695,0.146367,0.146367,15.599000,0.149824,68.963935,148.304265,2.758614,0.509554,0.408332,,0.006345,0.618182,,0.000000,1,1,0,0,0,0,0,0,1,0.000000,0.000000,433,goal_reached
b5_a4_apron_to_a2_mid,C2,C2,0,visibility_aware_efe,/home/joostleliveld/Thesis/UnembodiedNavigation/logs/visibility_comparison/_paper_runs/robustness_campaign_keepout_lanegraph_v1/b5_a4_apron_to_a2_mid/C2/seed0/experiment_20260612_055218,1,0,goal_reached,7.845953,0.080628,0.080628,19.267000,0.127701,21.526909,55.056950,4.067445,0.000000,0.769514,,0.001070,1.000000,,0.000000,1,1,0,0,0,0,0,0,1,0.000000,0.000000,570,goal_reached
b5_a4_apron_to_a2_mid,C2,C2,1,visibility_aware_efe,/home/joostleliveld/Thesis/UnembodiedNavigation/logs/visibility_comparison/_paper_runs/robustness_campaign_keepout_lanegraph_v1/b5_a4_apron_to_a2_mid/C2/seed1/experiment_20260612_055439,1,0,goal_reached,9.113505,0.041343,0.177125,23.700000,0.141083,29.124400,70.297562,4.532337,0.000000,0.761993,,0.001017,1.000000,,0.000000,1,1,0,0,0,0,0,0,1,0.000000,0.000000,578,goal_reached
b5_a4_apron_to_a2_mid,C2,C2,2,visibility_aware_efe,/home/joostleliveld/Thesis/UnembodiedNavigation/logs/visibility_comparison/_paper_runs/robustness_campaign_keepout_lanegraph_v1/b5_a4_apron_to_a2_mid/C2/seed2/experiment_20260612_055701,1,0,goal_reached,8.080144,0.054866,0.054866,19.994000,0.164031,35.329820,82.610889,5.095755,0.000000,0.762268,,0.001089,1.000000,,0.000000,1,1,0,0,0,0,0,0,1,0.000000,0.000000,569,goal_reached
b5_a4_apron_to_a2_mid,C2,C2,3,visibility_aware_efe,/home/joostleliveld/Thesis/UnembodiedNavigation/logs/visibility_comparison/_paper_runs/robustness_campaign_keepout_lanegraph_v1/b5_a4_apron_to_a2_mid/C2/seed3/experiment_20260612_055924,1,0,goal_reached,7.437963,0.058661,0.206536,20.101000,0.106285,24.803609,59.662590,1.918563,0.425743,0.468189,,0.009096,0.690141,,0.000000,1,1,0,0,0,0,0,0,1,0.000000,0.000000,682,goal_reached
b5_a4_apron_to_a2_mid,C2,C2,4,visibility_aware_efe,/home/joostleliveld/Thesis/UnembodiedNavigation/logs/visibility_comparison/_paper_runs/robustness_campaign_keepout_lanegraph_v1/b5_a4_apron_to_a2_mid/C2/seed4/experiment_20260612_060237,0,1,collision,4.043142,3.394368,3.394368,9.882000,0.142451,27.060324,66.311338,4.373982,0.000000,0.803788,,0.001247,1.000000,,0.000000,0,0,0,1,1,0,0,0,0,0.006479,0.000000,586,collision
b2_a0_west_to_a1_upper,C1,C1,0,constant_R_efe,/home/joostleliveld/Thesis/UnembodiedNavigation/logs/visibility_comparison/_paper_runs/robustness_campaign_keepout_lanegraph_v1/b2_a0_west_to_a1_upper/C1/seed0/experiment_20260612_060521,0,1,collision,6.269567,1.630550,1.747520,12.200000,0.160652,7.944548,23.221528,1.239522,0.886179,0.097567,,0.084952,0.191489,,0.000000,0,0,0,1,1,0,0,0,0,0.000000,0.007679,529,collision
b2_a0_west_to_a1_upper,C1,C1,1,constant_R_efe,/home/joostleliveld/Thesis/UnembodiedNavigation/logs/visibility_comparison/_paper_runs/robustness_campaign_keepout_lanegraph_v1/b2_a0_west_to_a1_upper/C1/seed1/experiment_20260612_060739,0,1,collision,6.174604,1.607085,1.821675,12.203000,0.172710,10.918775,29.353400,1.428904,0.845528,0.119128,,0.081971,0.227273,,0.000000,0,0,0,1,1,0,0,0,0,0.000000,0.008206,490,collision
b2_a0_west_to_a1_upper,C1,C1,2,constant_R_efe,/home/joostleliveld/Thesis/UnembodiedNavigation/logs/visibility_comparison/_paper_runs/robustness_campaign_keepout_lanegraph_v1/b2_a0_west_to_a1_upper/C1/seed2/experiment_20260612_060956,0,1,collision,6.053607,1.766307,1.998825,11.801000,0.141713,10.107126,27.414730,1.083976,0.882353,0.099032,,0.083445,0.200000,,0.000000,0,0,0,1,1,0,0,0,0,0.000000,0.019120,554,collision
b2_a0_west_to_a1_upper,C1,C1,3,constant_R_efe,/home/joostleliveld/Thesis/UnembodiedNavigation/logs/visibility_comparison/_paper_runs/robustness_campaign_keepout_lanegraph_v1/b2_a0_west_to_a1_upper/C1/seed3/experiment_20260612_061254,0,1,collision,7.164199,1.654472,1.791072,17.200000,0.207622,86.134283,179.842862,3.627429,0.878571,0.109200,,0.079074,0.358209,,0.000000,0,0,0,1,1,0,0,0,0,0.000000,0.000226,566,collision
b2_a0_west_to_a1_upper,C1,C1,4,constant_R_efe,/home/joostleliveld/Thesis/UnembodiedNavigation/logs/visibility_comparison/_paper_runs/robustness_campaign_keepout_lanegraph_v1/b2_a0_west_to_a1_upper/C1/seed4/experiment_20260612_061518,0,1,collision,6.203474,1.688082,1.834084,12.094000,0.142751,8.422056,24.157838,1.239320,0.868852,0.105945,,0.087767,0.195122,,0.000000,0,0,0,1,1,0,0,0,0,0.000000,0.019613,516,collision
b2_a0_west_to_a1_upper,C2,C2,0,visibility_aware_efe,/home/joostleliveld/Thesis/UnembodiedNavigation/logs/visibility_comparison/_paper_runs/robustness_campaign_keepout_lanegraph_v1/b2_a0_west_to_a1_upper/C2/seed0/experiment_20260612_061758,1,0,goal_reached,7.833214,0.159371,0.166037,18.400000,0.078895,2.033767,15.458318,2.154035,0.129730,0.644173,,0.001487,0.958904,,0.000000,1,1,0,0,0,0,0,0,1,0.000000,0.000000,602,goal_reached
b2_a0_west_to_a1_upper,C2,C2,1,visibility_aware_efe,/home/joostleliveld/Thesis/UnembodiedNavigation/logs/visibility_comparison/_paper_runs/robustness_campaign_keepout_lanegraph_v1/b2_a0_west_to_a1_upper/C2/seed1/experiment_20260612_062027,1,0,goal_reached,8.872592,0.087415,0.087415,21.799000,0.072458,15.446398,42.446429,2.255407,0.036530,0.717250,,0.001229,1.000000,,0.000000,1,1,0,0,0,0,0,0,1,0.000000,0.000000,573,goal_reached
b2_a0_west_to_a1_upper,C2,C2,2,visibility_aware_efe,/home/joostleliveld/Thesis/UnembodiedNavigation/logs/visibility_comparison/_paper_runs/robustness_campaign_keepout_lanegraph_v1/b2_a0_west_to_a1_upper/C2/seed2/experiment_20260612_062251,1,0,goal_reached,8.402901,0.194478,0.247316,24.600000,0.133662,13.717386,38.513617,3.443036,0.441296,0.484395,,0.001627,0.843373,,0.000000,1,1,0,0,0,0,0,0,1,0.000000,0.000000,713,goal_reached
b2_a0_west_to_a1_upper,C2,C2,3,visibility_aware_efe,/home/joostleliveld/Thesis/UnembodiedNavigation/logs/visibility_comparison/_paper_runs/robustness_campaign_keepout_lanegraph_v1/b2_a0_west_to_a1_upper/C2/seed3/experiment_20260612_062622,1,0,goal_reached,9.811744,0.159222,0.216614,33.499000,0.212792,25.307656,61.054557,4.666428,0.654762,0.313446,,0.004883,0.646154,,0.000000,1,1,0,0,0,0,0,0,1,0.000000,0.000000,839,goal_reached
b2_a0_west_to_a1_upper,C2,C2,4,visibility_aware_efe,/home/joostleliveld/Thesis/UnembodiedNavigation/logs/visibility_comparison/_paper_runs/robustness_campaign_keepout_lanegraph_v1/b2_a0_west_to_a1_upper/C2/seed4/experiment_20260612_062940,0,0,infra_invalid,,,,,,,,,,,,,,,,0,0,0,0,0,0,0,1,0,,,,infra_invalid
b6_a0_west_to_a1_low_control,C1,C1,0,constant_R_efe,/home/joostleliveld/Thesis/UnembodiedNavigation/logs/visibility_comparison/_paper_runs/robustness_campaign_keepout_lanegraph_v1/b6_a0_west_to_a1_low_control/C1/seed0/experiment_20260612_063354,1,0,goal_reached,3.912203,0.071248,0.071248,10.400000,0.079651,10.073766,32.407360,2.796546,0.000000,0.819622,,0.001054,1.000000,,0.000000,1,1,0,0,0,0,0,0,1,0.000000,0.000000,478,goal_reached
b6_a0_west_to_a1_low_control,C1,C1,1,constant_R_efe,/home/joostleliveld/Thesis/UnembodiedNavigation/logs/visibility_comparison/_paper_runs/robustness_campaign_keepout_lanegraph_v1/b6_a0_west_to_a1_low_control/C1/seed1/experiment_20260612_063602,1,0,goal_reached,4.041276,0.063544,0.063544,10.899000,0.073212,9.647451,31.523339,2.688868,0.000000,0.817892,,0.001043,1.000000,,0.000000,1,1,0,0,0,0,0,0,1,0.000000,0.000000,464,goal_reached
b6_a0_west_to_a1_low_control,C1,C1,2,constant_R_efe,/home/joostleliveld/Thesis/UnembodiedNavigation/logs/visibility_comparison/_paper_runs/robustness_campaign_keepout_lanegraph_v1/b6_a0_west_to_a1_low_control/C1/seed2/experiment_20260612_063807,1,0,goal_reached,4.048000,0.068310,0.068310,11.104000,0.083000,10.237358,32.676198,2.920626,0.000000,0.817362,,0.001055,1.000000,,0.000000,1,1,0,0,0,0,0,0,1,0.000000,0.000000,477,goal_reached
b6_a0_west_to_a1_low_control,C1,C1,3,constant_R_efe,/home/joostleliveld/Thesis/UnembodiedNavigation/logs/visibility_comparison/_paper_runs/robustness_campaign_keepout_lanegraph_v1/b6_a0_west_to_a1_low_control/C1/seed3/experiment_20260612_064016,1,0,goal_reached,3.850398,0.128323,0.128323,10.400000,0.082683,40.582531,93.216118,2.784116,0.000000,0.819506,,0.001177,1.000000,,0.000000,1,1,0,0,0,0,0,0,1,0.000000,0.000000,447,goal_reached
b6_a0_west_to_a1_low_control,C1,C1,4,constant_R_efe,/home/joostleliveld/Thesis/UnembodiedNavigation/logs/visibility_comparison/_paper_runs/robustness_campaign_keepout_lanegraph_v1/b6_a0_west_to_a1_low_control/C1/seed4/experiment_20260612_064241,1,0,goal_reached,4.010425,0.065424,0.065424,10.700000,0.067643,4.825529,21.887820,2.412061,0.000000,0.818482,,0.001049,1.000000,,0.000000,1,1,0,0,0,0,0,0,1,0.000000,0.000000,504,goal_reached
b6_a0_west_to_a1_low_control,C2,C2,0,visibility_aware_efe,/home/joostleliveld/Thesis/UnembodiedNavigation/logs/visibility_comparison/_paper_runs/robustness_campaign_keepout_lanegraph_v1/b6_a0_west_to_a1_low_control/C2/seed0/experiment_20260612_064452,1,0,goal_reached,3.972306,0.112862,0.114902,10.899000,0.080529,25.979804,63.749030,2.490654,0.000000,0.817825,,0.001449,1.000000,,0.000000,1,1,0,0,0,0,0,0,1,0.000000,0.000000,598,goal_reached
b6_a0_west_to_a1_low_control,C2,C2,1,visibility_aware_efe,/home/joostleliveld/Thesis/UnembodiedNavigation/logs/visibility_comparison/_paper_runs/robustness_campaign_keepout_lanegraph_v1/b6_a0_west_to_a1_low_control/C2/seed1/experiment_20260612_064801,1,0,goal_reached,3.981395,0.104179,0.154534,11.067000,0.104503,18.308785,48.706850,3.549034,0.000000,0.819840,,0.001214,1.000000,,0.000000,1,1,0,0,0,0,0,0,1,0.000000,0.000000,578,goal_reached
b6_a0_west_to_a1_low_control,C2,C2,2,visibility_aware_efe,/home/joostleliveld/Thesis/UnembodiedNavigation/logs/visibility_comparison/_paper_runs/robustness_campaign_keepout_lanegraph_v1/b6_a0_west_to_a1_low_control/C2/seed2/experiment_20260612_065027,1,0,goal_reached,3.919564,0.090879,0.137179,10.600000,0.097041,14.277090,40.324261,3.066489,0.000000,0.822524,,0.001329,1.000000,,0.000000,1,1,0,0,0,0,0,0,1,0.000000,0.000000,515,goal_reached
b6_a0_west_to_a1_low_control,C2,C2,3,visibility_aware_efe,/home/joostleliveld/Thesis/UnembodiedNavigation/logs/visibility_comparison/_paper_runs/robustness_campaign_keepout_lanegraph_v1/b6_a0_west_to_a1_low_control/C2/seed3/experiment_20260612_065254,1,0,goal_reached,3.830306,0.053917,0.083823,9.903000,0.075056,6.027314,23.999889,2.428766,0.000000,0.821028,,0.001250,1.000000,,0.000000,1,1,0,0,0,0,0,0,1,0.000000,0.000000,550,goal_reached
b6_a0_west_to_a1_low_control,C2,C2,4,visibility_aware_efe,/home/joostleliveld/Thesis/UnembodiedNavigation/logs/visibility_comparison/_paper_runs/robustness_campaign_keepout_lanegraph_v1/b6_a0_west_to_a1_low_control/C2/seed4/experiment_20260612_065530,1,0,goal_reached,4.047445,0.065991,0.065991,11.101000,0.077465,30.708626,73.236679,2.394986,0.000000,0.815264,,0.001442,1.000000,,0.000000,1,1,0,0,0,0,0,0,1,0.000000,0.000000,590,goal_reached
