stamp,x,y,yaw,cov_x,cov_y,cov_yaw,cmd_v,cmd_w,goal_x,goal_y,goal_dist,plan_points,plan_length,efe_total,efe_risk,efe_ambiguity,efe_control,efe_boundary,seed
5.582,4.067265979807058e-12,-1.6714493727312666e-23,-4.8915855511432715e-12,1e-12,1e-12,1e-12,0.0,0.0,0.0,0.0,0.0,0,0.0,0.0,0.0,0.0,0.0,0.0,0
5.662,4.06810938985412e-12,-1.6718619386278986e-23,-4.891696021729386e-12,1e-12,1e-12,1e-12,0.0,0.0,0.0,0.0,0.0,0,0.0,0.0,0.0,0.0,0.0,0.0,0
5.7620000000000005,4.068292610689943e-12,-1.671951564911775e-23,-4.8917201205913775e-12,1e-12,1e-12,1e-12,0.0,0.0,0.0,0.0,0.0,0,0.0,0.0,0.0,0.0,0.0,0.0,0
5.862,4.068317277111594e-12,-1.6719636310388858e-23,-4.891723384252224e-12,1e-12,1e-12,1e-12,0.0,0.0,0.0,0.0,0.0,0,0.0,0.0,0.0,0.0,0.0,0.0,0
5.962,4.068320622743916e-12,-1.671965267629748e-23,-4.89172385680822e-12,1e-12,1e-12,1e-12,0.0,0.0,0.0,0.0,0.0,0,0.0,0.0,0.0,0.0,0.0,0.0,0
6.062,4.068321089560267e-12,-1.6719654959834197e-23,-4.891723934213098e-12,1e-12,1e-12,1e-12,0.0,0.0,0.0,0.0,0.0,0,0.0,0.0,0.0,0.0,0.0,0.0,0
6.182,4.068321165155999e-12,-1.6719655329627623e-23,-4.8917239656045736e-12,1e-12,1e-12,1e-12,0.0,0.0,0.0,0.0,0.0,0,0.0,0.0,0.0,0.0,0.0,0.0,0
6.2620000000000005,4.068321172629998e-12,-1.6719655366188394e-23,-4.891723988230513e-12,1e-12,1e-12,1e-12,0.0,0.0,0.0,0.0,0.0,0,0.0,0.0,0.0,0.0,0.0,0.0,0
6.362,4.068321178640179e-12,-1.6719655395588537e-23,-4.89172401568319e-12,1e-12,1e-12,1e-12,0.0,0.0,0.0,0.0,0.0,0,0.0,0.0,0.0,0.0,0.0,0.0,0
6.482,4.068321182257726e-12,-1.6719655413284573e-23,-4.891724006547881e-12,1e-12,1e-12,1e-12,0.0,0.0,0.0,0.0,0.0,0,0.0,0.0,0.0,0.0,0.0,0.0,0
6.562,4.068321180870885e-12,-1.6719655406500516e-23,-4.8917240276828016e-12,1e-12,1e-12,1e-12,0.0,0.0,0.0,0.0,0.0,0,0.0,0.0,0.0,0.0,0.0,0.0,0
6.662,4.068321179340649e-12,-1.6719655399015044e-23,-4.891724032847464e-12,1e-12,1e-12,1e-12,0.0,0.0,0.0,0.0,0.0,0,0.0,0.0,0.0,0.0,0.0,0.0,0
6.782,4.0683211769047284e-12,-1.6719655387099202e-23,-4.891724018948721e-12,1e-12,1e-12,1e-12,0.0,0.0,0.0,0.0,0.0,0,0.0,0.0,0.0,0.0,0.0,0.0,0
6.902,4.068321181685897e-12,-1.6719655410487334e-23,-4.891724027589825e-12,1e-12,1e-12,1e-12,0.0,0.0,0.0,0.0,0.0,0,0.0,0.0,0.0,0.0,0.0,0.0,0
6.982,4.068321182135351e-12,-1.6719655412685935e-23,-4.891724026894809e-12,1e-12,1e-12,1e-12,0.0,0.0,0.0,0.0,0.0,0,0.0,0.0,0.0,0.0,0.0,0.0,0
7.082,4.068321183441236e-12,-1.6719655419073953e-23,-4.891724006300281e-12,1e-12,1e-12,1e-12,0.0,0.0,0.0,0.0,0.0,0,0.0,0.0,0.0,0.0,0.0,0.0,0
7.182,4.068321182354847e-12,-1.6719655413759652e-23,-4.891724023092673e-12,1e-12,1e-12,1e-12,0.0,0.0,0.0,0.0,0.0,0,0.0,0.0,0.0,0.0,0.0,0.0,0
7.282,4.068321183533107e-12,-1.6719655419523374e-23,-4.891724033412617e-12,1e-12,1e-12,1e-12,0.0,0.0,3.0,3.0,4.242640687116409,0,0.0,0.0,0.0,0.0,0.0,0.0,0
7.382,4.068321183099146e-12,-1.671965541740056e-23,-4.891724043090403e-12,1e-12,1e-12,1e-12,0.0,0.0,3.0,3.0,4.242640687116409,0,0.0,0.0,0.0,0.0,0.0,0.0,0
7.482,4.068321183275189e-12,-1.671965541826171e-23,-4.891724057865326e-12,1e-12,1e-12,1e-12,0.0,0.0,3.0,3.0,4.242640687116409,0,0.0,0.0,0.0,0.0,0.0,0.0,0
7.582,4.068321178572287e-12,-1.6719655395256416e-23,-4.891724034082025e-12,1e-12,1e-12,1e-12,0.0,0.0,3.0,3.0,4.242640687116409,0,0.0,0.0,0.0,0.0,0.0,0.0,0
7.682,4.068321172879755e-12,-1.671965536741011e-23,-4.891723967008516e-12,1e-12,1e-12,1e-12,0.0,0.0,3.0,3.0,4.242640687116409,0,0.0,0.0,0.0,0.0,0.0,0.0,0
7.782,4.0683211692714476e-12,-1.6719655349759262e-23,-4.891723926798707e-12,1e-12,1e-12,1e-12,0.0,0.0,3.0,3.0,4.242640687116409,0,0.0,0.0,0.0,0.0,0.0,0.0,0
7.882,4.0683211649324846e-12,-1.6719655328534245e-23,-4.8917238747142724e-12,1e-12,1e-12,1e-12,0.0,0.0,3.0,3.0,4.242640687116409,0,0.0,0.0,0.0,0.0,0.0,0.0,0
7.982,4.068321162737461e-12,-1.6719655317796798e-23,-4.8917238354375825e-12,1e-12,1e-12,1e-12,0.0,0.0,3.0,3.0,4.242640687116409,0,0.0,0.0,0.0,0.0,0.0,0.0,0
8.082,4.06832116185499e-12,-1.6719655313480018e-23,-4.891723807181386e-12,1e-12,1e-12,1e-12,0.0,0.0,3.0,3.0,4.242640687116409,0,0.0,0.0,0.0,0.0,0.0,0.0,0
8.182,4.068321159274594e-12,-1.6719655300857416e-23,-4.891723767180076e-12,1e-12,1e-12,1e-12,0.0,0.0,3.0,3.0,4.242640687116409,0,0.0,0.0,0.0,0.0,0.0,0.0,0
8.282,4.0683211570567784e-12,-1.6719655290008458e-23,-4.891723722285234e-12,1e-12,1e-12,1e-12,0.0,0.0,3.0,3.0,4.242640687116409,0,0.0,0.0,0.0,0.0,0.0,0.0,0
8.382,4.068321152473214e-12,-1.671965526758693e-23,-4.8917236830544274e-12,1e-12,1e-12,1e-12,0.0,0.0,3.0,3.0,4.242640687116409,0,0.0,0.0,0.0,0.0,0.0,0.0,0
8.482,4.068321150239398e-12,-1.6719655256659707e-23,-4.891723650737759e-12,1e-12,1e-12,1e-12,0.0,0.0,3.0,3.0,4.242640687116409,0,0.0,0.0,0.0,0.0,0.0,0.0,0
8.562,4.068321149080429e-12,-1.6719655250990327e-23,-4.891723620404482e-12,1e-12,1e-12,1e-12,0.0,0.0,3.0,3.0,4.242640687116409,0,0.0,0.0,0.0,0.0,0.0,0.0,0
8.662,4.068321146671443e-12,-1.6719655239206243e-23,-4.891723571181232e-12,1e-12,1e-12,1e-12,0.0,0.0,3.0,3.0,4.242640687116409,0,0.0,0.0,0.0,0.0,0.0,0.0,0
8.762,4.068321144274731e-12,-1.6719655227482198e-23,-4.891723504161865e-12,1e-12,1e-12,1e-12,0.0,0.0,3.0,3.0,4.242640687116409,0,0.0,0.0,0.0,0.0,0.0,0.0,0
8.862,4.068321142983875e-12,-1.6719655221167653e-23,-4.891723461394144e-12,1e-12,1e-12,1e-12,0.0,0.0,3.0,3.0,4.242640687116409,0,0.0,0.0,0.0,0.0,0.0,0.0,0
8.962,4.068321140653393e-12,-1.67196552097676e-23,-4.891723395464369e-12,1e-12,1e-12,1e-12,0.0,0.0,3.0,3.0,4.242640687116409,0,0.0,0.0,0.0,0.0,0.0,0.0,0
9.062,4.068321136684435e-12,-1.671965519035256e-23,-4.8917233547486815e-12,1e-12,1e-12,1e-12,0.0,1.0,3.0,3.0,4.242640687116409,75,4.6648230233737245,0.0,0.0,0.0,0.0,0.0,0
9.162,4.3797159963844335e-12,4.4964039158457744e-15,0.08499999995858515,1e-12,1e-12,1e-12,0.0,1.0,3.0,3.0,4.242640687116185,75,4.6648230233737245,0.0,0.0,0.0,0.0,0.0,0
9.262,4.503763333993307e-12,2.173526275253292e-14,0.18499999993415403,1e-12,1e-12,1e-12,0.0,1.0,3.0,3.0,4.242640687116085,75,4.6648230233737245,0.0,0.0,0.0,0.0,0.0,0
9.362,4.6885026274442585e-12,6.669914429674092e-14,0.2849999999100535,1e-12,1e-12,1e-12,0.0,1.0,3.0,3.0,4.242640687115923,75,4.6648230233737245,0.0,0.0,0.0,0.0,0.0,0
9.462,4.951837810996794e-12,1.5916418631502403e-13,0.38499999988650235,1e-12,1e-12,1e-12,0.0,1.0,3.0,3.0,4.242640687115671,75,4.6648230233737245,0.0,0.0,0.0,0.0,0.0,0
9.582,5.358551695038688e-12,3.545028757551871e-13,0.5049999998592992,1e-12,1e-12,1e-12,0.0,1.0,3.0,3.0,4.242640687115245,75,4.6648230233737245,0.0,0.0,0.0,0.0,0.0,0
9.682,5.7559359670214604e-12,6.016746791283036e-13,0.6049999998377801,1e-12,1e-12,1e-12,0.0,1.0,3.0,3.0,4.24264068711479,75,4.6648230233737245,0.0,0.0,0.0,0.0,0.0,0
9.782,6.013256570373315e-12,7.904021789255824e-13,0.7049999998174442,1e-12,1e-12,1e-12,0.0,1.0,3.0,3.0,4.242640687114474,75,4.6648230233737245,0.0,0.0,0.0,0.0,0.0,0
9.882,5.974541324294838e-12,7.554640221228395e-13,0.8049999997971885,1e-12,1e-12,1e-12,0.0,1.0,3.0,3.0,4.242640687114527,75,4.6648230233737245,0.0,0.0,0.0,0.0,0.0,0
9.982,6.0249347930731235e-12,8.150670925145289e-13,0.904999999776788,1e-12,1e-12,1e-12,0.0,1.0,3.0,3.0,4.242640687114449,75,4.6648230233737245,0.0,0.0,0.0,0.0,0.0,0
10.082,0.00408939759256053,0.006143493135225065,1.004999999767573,1e-12,1e-12,1e-12,0.17853951015300756,1.0,3.0,3.0,4.235405189744407,75,4.6648230233737245,0.0,0.0,0.0,0.0,0.0,0
10.182,0.012865740869155495,0.02163945348118458,1.1049999997644047,1e-12,1e-12,1e-12,0.18851466564596742,1.0,3.0,3.0,4.2182463924162885,75,4.6648230233737245,0.0,0.0,0.0,0.0,0.0,0
10.282,0.02043247170467708,0.03880046869527099,1.204694693674535,1e-12,1e-12,1e-12,0.1974147424494057,0.9141838625980006,3.0,3.0,4.200776751967575,75,4.6648230233737245,0.0,0.0,0.0,0.0,0.0,0
10.382,0.02660507802101732,0.05751311485520464,1.2966209644138957,1e-12,1e-12,1e-12,0.20450395174942396,0.7551389830955717,3.0,3.0,4.18321723453367,75,4.6648230233737245,0.0,0.0,0.0,0.0,0.0,0
10.482,0.03133120836096361,0.07733399251795908,1.3736423924065582,1e-12,1e-12,1e-12,0.20950963293012648,0.6201118150846812,3.0,3.0,4.1659297864633515,75,4.6648230233737245,0.0,0.0,0.0,0.0,0.0,0
10.582,0.03475451282947012,0.09799011191160208,1.4355734894095447,1e-12,1e-12,1e-12,0.21508605877350231,0.4235067464515141,3.0,3.0,4.1490170148781065,75,4.6648230233737245,0.0,0.0,0.0,0.0,0.0,0
10.682,0.037160471444734874,0.11933109888168626,1.4789486723124832,1e-12,1e-12,1e-12,0.21718048231594841,0.3205427690357898,3.0,3.0,4.132392937492728,75,4.6648230233737245,0.0,0.0,0.0,0.0,0.0,0
10.782,0.03883288711020508,0.14105298893536072,1.5063614316809881,1e-12,1e-12,1e-12,0.21919729630465512,0.17090053482238377,3.0,3.0,4.116076855761505,75,4.6648230233737245,0.0,0.0,0.0,0.0,0.0,0
10.882,0.04008344996203593,0.16296770606603503,1.519194131260336,1e-12,1e-12,1e-12,0.21992181399729446,0.05332256361693144,3.0,3.0,4.099982709721208,75,4.6648230233737245,0.0,0.0,0.0,0.0,0.0,0
10.982,0.04118463546398216,0.18493653985186123,1.520448132936723,1e-12,1e-12,1e-12,0.2199609629973144,-0.03767717283377081,3.0,3.0,4.084014035979262,75,4.6648230233737245,0.0,0.0,0.0,0.0,0.0,0
11.082,0.04234817066977885,0.20689267597741606,1.5140000949728798,1e-12,1e-12,1e-12,0.2195330292218794,-0.13033328884115214,3.0,3.0,4.068065002805265,75,4.6648230233737245,0.0,0.0,0.0,0.0,0.0,0
11.182,0.043724275691973555,0.22880520844409344,1.501415711615804,1e-12,1e-12,1e-12,0.219295272245653,-0.16012544166829912,3.0,3.0,4.0520472271284715,75,4.6648230233737245,0.0,0.0,0.0,0.0,0.0,0
11.282,0.04542413900411933,0.25065780029102874,1.4842811733832886,1e-12,1e-12,1e-12,0.21875196191671498,-0.21313417633918075,3.0,3.0,4.0358891275009166,75,4.6648230233737245,0.0,0.0,0.0,0.0,0.0,0
11.382,0.04754410329244386,0.2724283819220642,1.46287753246781,1e-12,1e-12,1e-12,0.21846244905629966,-0.23659287976419607,3.0,3.0,4.019532653648619,75,4.6648230233737245,0.0,0.0,0.0,0.0,0.0,0
11.482,0.050152602991560935,0.29411678734684193,1.4391441757331482,1e-12,1e-12,1e-12,0.21825349684182813,-0.25217734565630856,3.0,3.0,4.002924384266538,75,4.6648230233737245,0.0,0.0,0.0,0.0,0.0,0
11.582,0.053289382873348834,0.31571445336619686,1.4138915873488422,1e-12,1e-12,1e-12,0.2181208292398169,-0.26159316676663247,3.0,3.0,3.986037174557466,75,4.6648230233737245,0.0,0.0,0.0,0.0,0.0,0
11.682,0.05697687755803211,0.33721301437114454,1.3878076120154514,1e-12,1e-12,1e-12,0.21807225198056648,-0.2649576246671068,3.0,3.0,3.9688562118149955,75,4.6648230233737245,0.0,0.0,0.0,0.0,0.0,0
11.782,0.061228960343347086,0.35859963390173555,1.361218506673629,1e-12,1e-12,1e-12,0.21804067540989214,-0.2671220228207183,3.0,3.0,3.9513758512129282,75,4.6648230233737245,0.0,0.0,0.0,0.0,0.0,0
11.862,0.06503999508533403,0.37562120435516,1.3398532705550323,1e-12,1e-12,1e-12,0.21806382755649792,-0.26553678738472497,3.0,3.0,3.9371759286929198,75,4.6648230233737245,0.0,0.0,0.0,0.0,0.0,0
11.962,0.07031331796808947,0.396779320275551,1.3132737800479954,1e-12,1e-12,1e-12,0.21809642972904741,-0.26328841833652117,3.0,3.0,3.9191608747562494,75,4.6648230233737245,0.0,0.0,0.0,0.0,0.0,0
12.062,0.07614481805563972,0.41779592008150696,1.2870576272176182,1e-12,1e-12,1e-12,0.21821033230026246,-0.2552787727206751,3.0,3.0,3.9008597815520876,75,4.6648230233737245,0.0,0.0,0.0,0.0,0.0,0
12.182,0.08386047519076413,0.4428178493479965,1.256446170553187,1e-12,1e-12,1e-12,0.2182894000538769,-0.24956845196824862,3.0,3.0,3.8785371314153796,75,4.6648230233737245,0.0,0.0,0.0,0.0,0.0,0
12.262,0.08942542131638324,0.4593733697421095,1.2366962748545602,1e-12,1e-12,1e-12,0.21841990235794323,-0.239847885047491,3.0,3.0,3.8634476898820407,75,4.6648230233737245,0.0,0.0,0.0,0.0,0.0,0
12.362,0.09683589678746436,0.4799190680491137,1.2126974455794293,1e-12,1e-12,1e-12,0.2185340719065293,-0.23101034854387592,3.0,3.0,3.8443685715295683,75,4.6648230233737245,0.0,0.0,0.0,0.0,0.0,0
12.482,0.10636936215886303,0.5043477220888132,1.1849601667521312,1e-12,1e-12,1e-12,0.21865099538933885,-0.2215963173276876,3.0,3.0,3.8211750235361115,75,4.6648230233737245,0.0,0.0,0.0,0.0,0.0,0
12.562,0.11309606063791028,0.5204956842256092,1.1673285218738483,1e-12,1e-12,1e-12,0.21876364466076623,-0.21213332761075376,3.0,3.0,3.8055428005802514,75,4.6648230233737245,0.0,0.0,0.0,0.0,0.0,0
12.662,0.12189998208080793,0.5405203469440629,1.1459983351229368,1e-12,1e-12,1e-12,0.2188746031314446,-0.20238196676558706,3.0,3.0,3.7858288229848176,75,4.6648230233737245,0.0,0.0,0.0,0.0,0.0,0
12.762,0.13112383948733675,0.5603671929822223,1.1256237282981227,1e-12,1e-12,1e-12,0.21893818506045412,-0.19657708828667442,3.0,3.0,3.765933968809772,75,4.6648230233737245,0.0,0.0,0.0,0.0,0.0,0
12.862,0.14074487408564526,0.5800385223835225,1.1063996426135148,1e-12,1e-12,1e-12,0.21903837503102536,-0.18706599069902996,3.0,3.0,3.7458715178467132,75,4.6648230233737245,0.0,0.0,0.0,0.0,0.0,0
12.962,0.15073818760445115,0.5995326726152956,1.0879736494303631,1e-12,1e-12,1e-12,0.2191665112552523,-0.17414889842500925,3.0,3.0,3.7256591719341468,75,4.6648230233737245,0.0,0.0,0.0,0.0,0.0,0
13.062,0.16108400237455547,0.6188535229160239,1.0705715035668606,1e-12,1e-12,1e-12,0.2192490624246249,-0.1652947963883995,3.0,3.0,3.705307353905085,75,4.6648230233737245,0.0,0.0,0.0,0.0,0.0,0
13.162,0.1717597403911265,0.6380019380354102,1.053899816271198,1e-12,1e-12,1e-12,0.21931185491264704,-0.1582293079491588,3.0,3.0,3.6848307709848696,75,4.6648230233737245,0.0,0.0,0.0,0.0,0.0,0
13.262,0.18274895588984522,0.6569818544985606,1.0381663114216897,1e-12,1e-12,1e-12,0.21939864294098751,-0.14791044234351425,3.0,3.0,3.664237639085211,75,4.6648230233737245,0.0,0.0,0.0,0.0,0.0,0
13.382,0.19632087234491388,0.6795424921697725,1.0205223608250282,1e-12,1e-12,1e-12,0.21947323881104422,-0.13842904758123087,3.0,3.0,3.6393872693757743,75,4.6648230233737245,0.0,0.0,0.0,0.0,0.0,0
13.482,0.20792848936016078,0.6981685264907107,1.0066498325421702,1e-12,1e-12,1e-12,0.21951950108978888,-0.13220836456006735,3.0,3.0,3.618575887412696,75,4.6648230233737245,0.0,0.0,0.0,0.0,0.0,0
13.582,0.21978835035483207,0.7166413454021047,0.9934926037664534,1e-12,1e-12,1e-12,0.21957085476151625,-0.12494141616627563,3.0,3.0,3.59768030296604,75,4.6648230233737245,0.0,0.0,0.0,0.0,0.0,0
13.702,0.23433480825616826,0.7386118179494581,0.9787036443228588,1e-12,1e-12,1e-12,0.21962810353888954,-0.11630700539861683,3.0,3.0,3.572503388765545,75,4.6648230233737245,0.0,0.0,0.0,0.0,0.0,0
13.782,0.24420874393090625,0.7531457605543014,0.9694844900239565,1e-12,1e-12,1e-12,0.21966799689689726,-0.1098902992351749,3.0,3.0,3.555663007139735,75,4.6648230233737245,0.0,0.0,0.0,0.0,0.0,0
13.882,0.25673568982519746,0.7711901927882838,0.9584600453616535,1e-12,1e-12,1e-12,0.2196900785974422,-0.1061721065960528,3.0,3.0,3.5345568650400807,75,4.6648230233737245,0.0,0.0,0.0,0.0,0.0,0
13.982,0.2694579289314394,0.7891022667291581,0.9481015578874573,1e-12,1e-12,1e-12,0.21972550143825115,-0.0999191789168461,3.0,3.0,3.5133927746350153,75,4.6648230233737245,0.0,0.0,0.0,0.0,0.0,0
14.082,0.2823620083729997,0.806887428549526,0.9382720169577683,1e-12,1e-12,1e-12,0.2197567751196375,-0.0940540870517097,3.0,3.0,3.4921768289404453,64,4.049291052539841,0.0,0.0,0.0,0.0,0.0,0
14.182,0.2954368612706663,0.8245513276310109,0.9290388869661299,1e-12,1e-12,1e-12,0.21978466008166886,-0.08849757207998432,3.0,3.0,3.4709132368132543,64,4.049291052539841,0.0,0.0,0.0,0.0,0.0,0
14.282,0.3086709896661964,0.8420996221578928,0.9203564056970972,1e-12,1e-12,1e-12,0.21980930067392845,-0.08327978748948106,3.0,3.0,3.449606627219318,64,4.049291052539841,0.0,0.0,0.0,0.0,0.0,0
14.382,0.32205389435491016,0.8595377319150819,0.9121875179317461,1e-12,1e-12,1e-12,0.21983897713148737,-0.0765251034385035,3.0,3.0,3.4282610848409627,64,4.049291052539841,0.0,0.0,0.0,0.0,0.0,0
14.482,0.33557505648745184,0.8768719903398645,0.9045843810714578,1e-12,1e-12,1e-12,0.21985688571242987,-0.07214374708650073,3.0,3.0,3.40688021876544,64,4.049291052539841,0.0,0.0,0.0,0.0,0.0,0
14.582,0.34922498121489526,0.8941073132058465,0.8974195057710723,1e-12,1e-12,1e-12,0.2198728969291793,-0.06798805014983911,3.0,3.0,3.3854677975884324,64,4.049291052539841,0.0,0.0,0.0,0.0,0.0,0
14.682,0.36299582933818086,0.9112480119525826,0.8906269128240751,1e-12,1e-12,1e-12,0.2198875047858019,-0.06396158016071962,3.0,3.0,3.3640267334936365,64,4.049291052539841,0.0,0.0,0.0,0.0,0.0,0
14.782,0.37688037836593086,0.9282983901241153,0.8841839966630559,1e-12,1e-12,1e-12,0.21989557840100116,-0.061623449064721836,3.0,3.0,3.342559514767687,64,4.049291052539841,0.0,0.0,0.0,0.0,0.0,0
14.882,0.39087200661093247,0.9452628261018726,0.8781485626323402,1e-12,1e-12,1e-12,0.21991250175362467,-0.05640891191597164,3.0,3.0,3.3210681624569713,64,4.049291052539841,0.0,0.0,0.0,0.0,0.0,0
14.982,0.4049628515936847,0.9621468177743467,0.8725622464980599,1e-12,1e-12,1e-12,0.21992231340062052,-0.05315198514624542,3.0,3.0,3.299555029684458,64,4.049291052539841,0.0,0.0,0.0,0.0,0.0,0
15.082,0.41914577767386074,0.9789547829440295,0.8672947955256354,1e-12,1e-12,1e-12,0.21992774910955112,-0.05125864733629526,3.0,3.0,3.2780226183300623,64,4.049291052539841,0.0,0.0,0.0,0.0,0.0,0
15.182,0.43341511955528783,0.995690519273593,0.8623159142933566,1e-12,1e-12,1e-12,0.21993595227664342,-0.04826096908103317,3.0,3.0,3.256472699571909,64,4.049291052539841,0.0,0.0,0.0,0.0,0.0,0
15.262,0.444889413151029,1.0090294228170102,0.8585255346243991,1e-12,1e-12,1e-12,0.21994344937794477,-0.04534836668523301,3.0,3.0,3.2392211950152556,64,4.049291052539841,0.0,0.0,0.0,0.0,0.0,0
15.382,0.4621928148196387,1.0289594314783908,0.8531835681384845,1e-12,1e-12,1e-12,0.21995131081489636,-0.04207827387860208,3.0,3.0,3.2133263500477285,64,4.049291052539841,0.0,0.0,0.0,0.0,0.0,0
15.462,0.47378609621340495,1.042196521389891,0.8498436547489401,1e-12,1e-12,1e-12,0.21995483147462241,-0.040528360918347106,3.0,3.0,3.1960524320703114,64,4.049291052539841,0.0,0.0,0.0,0.0,0.0,0
15.562,0.4883386452927983,1.0586898812281256,0.8458636160895104,1e-12,1e-12,1e-12,0.2199622580365497,-0.03704691994697651,3.0,3.0,3.174449202298831,59,3.726438708898462,0.0,0.0,0.0,0.0,0.0,0
15.682,0.50588522247354,1.078408911630566,0.8414452338301748,1e-12,1e-12,1e-12,0.21996587430780323,-0.03522735222309503,3.0,3.0,3.1485108915766338,59,3.726438708898462,0.0,0.0,0.0,0.0,0.0,0
15.782,0.520571907247594,1.0947844734474212,0.8380225948700822,1e-12,1e-12,1e-12,0.21996984977050585,-0.03311188645855978,3.0,3.0,3.1268850106370802,59,3.726438708898462,0.0,0.0,0.0,0.0,0.0,0
15.882,0.5353131893126938,1.111111367967488,0.8347871179905847,1e-12,1e-12,1e-12,0.21997406152057475,-0.030712146925833128,3.0,3.0,3.1052506080826423,59,3.726438708898462,0.0,0.0,0.0,0.0,0.0,0
15.962,0.5471433419609686,1.124139602189031,0.832340389826478,1e-12,1e-12,1e-12,0.2199759603434887,-0.029566623892450572,3.0,3.0,3.087937502113981,59,3.726438708898462,0.0,0.0,0.0,0.0,0.0,0
16.062,0.5619748084890493,1.1403854070523765,0.8294508574853746,1e-12,1e-12,1e-12,0.21997888871604404,-0.027707315480175465,3.0,3.0,3.066289821387692,59,3.726438708898462,0.0,0.0,0.0,0.0,0.0,0
16.182,0.5798327103240654,1.1598257262950677,0.8261903904029435,1e-12,1e-12,1e-12,0.21998237061167475,-0.025319502925820192,3.0,3.0,3.040304436667952,59,3.726438708898462,0.0,0.0,0.0,0.0,0.0,0
16.262,0.5917720936082916,1.172754849255066,0.8241825058078301,1e-12,1e-12,1e-12,0.21998366699134667,-0.02437078038342788,3.0,3.0,3.0229764289594896,59,3.726438708898462,0.0,0.0,0.0,0.0,0.0,0
16.362,0.606731968707037,1.1888834619058253,0.8217815725145559,1e-12,1e-12,1e-12,0.2199856029694247,-0.022880867437590435,3.0,3.0,3.0013122103785075,59,3.726438708898462,0.0,0.0,0.0,0.0,0.0,0
16.482,0.6247331885815632,1.2081922597960035,0.8191166406988173,1e-12,1e-12,1e-12,0.219987369209301,-0.0214314226075889,3.0,3.0,2.975309631497344,59,3.726438708898462,0.0,0.0,0.0,0.0,0.0,0
16.582,0.63977240084409,1.2242474649392472,0.8170384849322899,1e-12,1e-12,1e-12,0.21998968649143388,-0.019365939311801972,3.0,3.0,2.95363697593187,59,3.726438708898462,0.0,0.0,0.0,0.0,0.0,0
16.682,0.6548438196197308,1.2402726534736594,0.8150992912507342,1e-12,1e-12,1e-12,0.21999090513982394,-0.018185831488735094,3.0,3.0,2.93196143298107,59,3.726438708898462,0.0,0.0,0.0,0.0,0.0,0
16.782,0.6699455418557796,1.2562694436765542,0.8132691547569357,1e-12,1e-12,1e-12,0.21999199850900436,-0.0170576983409938,3.0,3.0,2.910283496667263,59,3.726438708898462,0.0,0.0,0.0,0.0,0.0,0
16.882,0.6850756514789058,1.2722395274301947,0.8115423008222399,1e-12,1e-12,1e-12,0.2199927834956198,-0.01619937578320152,3.0,3.0,2.888603640160839,59,3.726438708898462,0.0,0.0,0.0,0.0,0.0,0
16.982,0.7002324180204011,1.2881844787543797,0.8099459111597475,1e-12,1e-12,1e-12,0.21999364161464086,-0.015205759659322249,3.0,3.0,2.8669222713393725,54,3.396601983566901,0.0,0.0,0.0,0.0,0.0,0
17.082,0.7154138634342369,1.3041060460206553,0.8084434244811716,1e-12,1e-12,1e-12,0.21999438360870208,-0.014291020950793154,3.0,3.0,2.845239905268478,54,3.396601983566901,0.0,0.0,0.0,0.0,0.0,0
17.182,0.7306185182782152,1.320005560475291,0.8070403279125836,1e-12,1e-12,1e-12,0.21999491777981853,-0.013594437029365025,3.0,3.0,2.8235569104262277,54,3.396601983566901,0.0,0.0,0.0,0.0,0.0,0
17.282,0.7458449157882796,1.3358843354368777,0.8057154868702084,1e-12,1e-12,1e-12,0.21999551589497246,-0.012769452555152938,3.0,3.0,2.8018736746545,54,3.396601983566901,0.0,0.0,0.0,0.0,0.0,0
17.382,0.7610917209746626,1.3517435939162914,0.8044697370104714,1e-12,1e-12,1e-12,0.21999623434160265,-0.011701855548237328,3.0,3.0,2.7801905442045123,54,3.396601983566901,0.0,0.0,0.0,0.0,0.0,0
17.482,0.7763576798944865,1.3675844856275312,0.8032989292881672,1e-12,1e-12,1e-12,0.21999668065321049,-0.010986529167473336,3.0,3.0,2.7585078537731524,54,3.396601983566901,0.0,0.0,0.0,0.0,0.0,0
17.582,0.7916417297668091,1.383407977737473,0.8021908062721174,1e-12,1e-12,1e-12,0.21999693020938177,-0.010565463045178358,3.0,3.0,2.7368259016879715,54,3.396601983566901,0.0,0.0,0.0,0.0,0.0,0
17.682,0.8069427321649824,1.3992151393295174,0.8011576181118378,1e-12,1e-12,1e-12,0.2199973033784004,-0.009902482899921683,3.0,3.0,2.715144996156892,54,3.396601983566901,0.0,0.0,0.0,0.0,0.0,0
17.782,0.822259575148725,1.4150070016872265,0.8001887401466492,1e-12,1e-12,1e-12,0.21999773901942654,-0.009067393022585746,3.0,3.0,2.6934654560123708,54,3.396601983566901,0.0,0.0,0.0,0.0,0.0,0
17.882,0.8375911690535481,1.4307845892278053,0.7992830521182495,1e-12,1e-12,1e-12,0.21999800491968777,-0.008517539823325038,3.0,3.0,2.6717875958915873,54,3.396601983566901,0.0,0.0,0.0,0.0,0.0,0
18.002,0.8560074104955764,1.4496999131715635,0.7982667159110086,1e-12,1e-12,1e-12,0.21999815304548972,-0.008195247169263453,3.0,3.0,2.6457767447519345,54,3.396601983566901,0.0,0.0,0.0,0.0,0.0,0
18.082,0.8682952916529507,1.4623000317574815,0.797625433765063,1e-12,1e-12,1e-12,0.2199984542995038,-0.007497156566909968,3.0,3.0,2.628437968817606,54,3.396601983566901,0.0,0.0,0.0,0.0,0.0,0
18.182,0.8836661118462598,1.4780395077893693,0.7968783029291474,1e-12,1e-12,1e-12,0.21999863487029098,-0.007045646291641061,3.0,3.0,2.606766745606126,54,3.396601983566901,0.0,0.0,0.0,0.0,0.0,0
18.282,0.8990483505725085,1.493767849310769,0.7961751948272572,1e-12,1e-12,1e-12,0.219998795417777,-0.006618385747269473,3.0,3.0,2.585098281497631,54,3.396601983566901,0.0,0.0,0.0,0.0,0.0,0
18.382,0.9144413222344585,1.5094857086718152,0.7955133390886231,1e-12,1e-12,1e-12,0.21999893825149314,-0.006213619530428094,3.0,3.0,2.5634328255401417,54,3.396601983566901,0.0,0.0,0.0,0.0,0.0,0
18.462,0.9267629995895005,1.5220528565040476,0.7950108243578621,1e-12,1e-12,1e-12,0.219985890460785,-0.022651261281412705,3.0,3.0,2.5461027903128675,49,3.0638645217413356,0.0,0.0,0.0,0.0,0.0,0
18.562,0.9421761820367637,1.537750061668456,0.7936289806382473,1e-12,1e-12,1e-12,0.21968708793522998,-0.10668326445562992,3.0,3.0,2.5244432550420686,49,3.0638645217413356,0.0,0.0,0.0,0.0,0.0,0
18.682,0.9607703332356341,1.556440967211356,0.7813952922617242,1e-12,1e-12,1e-12,0.21953065143610365,-0.1306648097313332,3.0,3.0,2.4984635908809225,49,3.0638645217413356,0.0,0.0,0.0,0.0,0.0,0
18.762,0.9733036754381884,1.5687504932617158,0.771663611377263,1e-12,1e-12,1e-12,0.21969095666686483,-0.10602156120874384,3.0,3.0,2.4811233630214637,49,3.0638645217413356,0.0,0.0,0.0,0.0,0.0,0
18.862000000000002,0.9891330193367971,1.5839852938609291,0.7612062114190593,1e-12,1e-12,1e-12,0.21983028918885922,-0.07856268722147064,3.0,3.0,2.459407176927738,49,3.0638645217413356,0.0,0.0,0.0,0.0,0.0,0
18.982,1.0083240822649437,1.6020815728188853,0.7513599286106735,1e-12,1e-12,1e-12,0.21979852173402434,-0.08560140740843258,3.0,3.0,2.4333000000695146,49,3.0638645217413356,0.0,0.0,0.0,0.0,0.0,0
19.082,1.0244442612255378,1.6170192017300966,0.7424599640144173,1e-12,1e-12,1e-12,0.21949507581781694,-0.13552825176514016,3.0,3.0,2.411525733926132,49,3.0638645217413356,0.0,0.0,0.0,0.0,0.0,0
19.182,1.0407133182332642,1.6317303001671668,0.7270649307991227,1e-12,1e-12,1e-12,0.21897852602087553,-0.19280375521893856,3.0,3.0,2.3897628068135,49,3.0638645217413356,0.0,0.0,0.0,0.0,0.0,0
19.282,1.0572085570345275,1.6461209886536674,0.7071448772008478,1e-12,1e-12,1e-12,0.21860048971714008,-0.22571072516432045,3.0,3.0,2.3680006267364004,49,3.0638645217413356,0.0,0.0,0.0,0.0,0.0,0
19.382,1.0739815540900672,1.6601333499801443,0.6842962542668543,1e-12,1e-12,1e-12,0.21841299170281742,-0.24037243850876977,3.0,3.0,2.3462288238406637,49,3.0638645217413356,0.0,0.0,0.0,0.0,0.0,0
19.462,1.0876207574791772,1.671038399052632,0.6643319280930146,1e-12,1e-12,1e-12,0.21809887326147187,-0.26311913367050277,3.0,3.0,2.328805123666879,49,3.0638645217413356,0.0,0.0,0.0,0.0,0.0,0
19.562,1.1049661531755675,1.6842596997494046,0.6380572843564991,1e-12,1e-12,1e-12,0.2179771013187546,-0.2714276327735923,3.0,3.0,2.3070166489025894,49,3.0638645217413356,0.0,0.0,0.0,0.0,0.0,0
19.662,1.1226493157363449,1.6970077649907749,0.6110641523046493,1e-12,1e-12,1e-12,0.21793544332210724,-0.2742125167681225,3.0,3.0,2.285220855015889,49,3.0638645217413356,0.0,0.0,0.0,0.0,0.0,0
19.782,1.1443113473417128,1.7116561006449398,0.578081288947998,1e-12,1e-12,1e-12,0.21792477103291896,-0.2749214602422613,3.0,3.0,2.259072902455813,44,2.700421757746169,0.0,0.0,0.0,0.0,0.0,0
19.862000000000002,1.1590164182484974,1.7210212679042376,0.5561142612418241,1e-12,1e-12,1e-12,0.21797160751689149,-0.2717965228873739,3.0,3.0,2.241652770933062,44,2.700421757746169,0.0,0.0,0.0,0.0,0.0,0
19.982,1.1814538258878302,1.7344642806296944,0.5235570414165333,1e-12,1e-12,1e-12,0.2180686728969672,-0.2652038333022769,3.0,3.0,2.2155565540920246,44,2.700421757746169,0.0,0.0,0.0,0.0,0.0,0
20.082,1.2004821518636268,1.7451138737665948,0.49700512404917085,1e-12,1e-12,1e-12,0.21815023237015244,-0.2595356419248118,3.0,3.0,2.1938558921621185,44,2.700421757746169,0.0,0.0,0.0,0.0,0.0,0
20.182,1.2197927873852932,1.7552673295286199,0.4712536867784663,1e-12,1e-12,1e-12,0.21826245627506732,-0.2515288322186908,3.0,3.0,2.1722101971918457,44,2.700421757746169,0.0,0.0,0.0,0.0,0.0,0
20.282,1.2393642670325669,1.7649313008306542,0.4462276148084028,1e-12,1e-12,1e-12,0.2183346227294091,-0.2462432385530241,3.0,3.0,2.150635458619064,44,2.700421757746169,0.0,0.0,0.0,0.0,0.0,0
20.382,1.2591774097859472,1.7741150592609465,0.4219898570007814,1e-12,1e-12,1e-12,0.21850965897605176,-0.23292813828899894,3.0,3.0,2.129144705869086,44,2.700421757746169,0.0,0.0,0.0,0.0,0.0,0
20.482,1.279216436351964,1.7828341523080877,0.39895373553727975,1e-12,1e-12,1e-12,0.2186547369874263,-0.22128847992858558,3.0,3.0,2.1077449498714986,44,2.700421757746169,0.0,0.0,0.0,0.0,0.0,0
20.582,1.299458081806163,1.7911032932765656,0.3768715349614284,1e-12,1e-12,1e-12,0.21872444592342744,-0.21547314454833677,3.0,3.0,2.086450110369558,44,2.700421757746169,0.0,0.0,0.0,0.0,0.0,0
20.682,1.3198837425360272,1.7989361828314765,0.35566927175476837,1e-12,1e-12,1e-12,0.21883904390044345,-0.20555721290937512,3.0,3.0,2.065271152053931,44,2.700421757746169,0.0,0.0,0.0,0.0,0.0,0
20.782,1.3404776912361245,1.806347572846661,0.33542438939372327,1e-12,1e-12,1e-12,0.2189905228812792,-0.19166733186022789,3.0,3.0,2.044216331539801,44,2.700421757746169,0.0,0.0,0.0,0.0,0.0,0
20.882,1.361224254169065,1.813354431924403,0.3161794714298694,1e-12,1e-12,1e-12,0.21905097531640005,-0.18583548722162885,3.0,3.0,2.0232927740090396,44,2.700421757746169,0.0,0.0,0.0,0.0,0.0,0
20.982,1.3821087449210747,1.8199750786286728,0.2979951213163075,1e-12,1e-12,1e-12,0.21917995405754803,-0.17273794134703363,3.0,3.0,2.00250616186774,44,2.700421757746169,0.0,0.0,0.0,0.0,0.0,0
21.082,1.403115576356757,1.8262272458895719,0.2806995846287737,1e-12,1e-12,1e-12,0.21921385995031129,-0.1691270303020322,3.0,3.0,1.9818633506794539,40,2.425327578188309,0.0,0.0,0.0,0.0,0.0,0
21.182,1.4242321789913521,1.8321248672129888,0.26417971197775736,1e-12,1e-12,1e-12,0.21934229519539247,-0.15468828185149858,3.0,3.0,1.9613710896994023,40,2.425327578188309,0.0,0.0,0.0,0.0,0.0,0
21.282,1.4454490615172604,1.8376867333646574,0.2486853210479807,1e-12,1e-12,1e-12,0.2197105895146044,-0.10259788426311411,3.0,3.0,1.941030847290709,40,2.425327578188309,0.0,0.0,0.0,0.0,0.0,0
21.382,1.4667718882475267,1.8429598528674977,0.237966613062462,1e-12,1e-12,1e-12,0.21991671617611103,-0.05503356962732131,3.0,3.0,1.9208150209597117,40,2.425327578188309,0.0,0.0,0.0,0.0,0.0,0
21.482,1.4881591497566429,1.848096907630852,0.23451119189189473,1e-12,1e-12,1e-12,0.21996884036163727,0.033661617709886626,3.0,3.0,1.9006692217937773,40,2.425327578188309,0.0,0.0,0.0,0.0,0.0,0
21.582,1.5095462120717338,1.8532354024199889,0.23796253070308374,1e-12,1e-12,1e-12,0.21982515218256482,0.0797429923438519,3.0,3.0,1.880564153708286,40,2.425327578188309,0.0,0.0,0.0,0.0,0.0,0
21.682,1.5308954963508656,1.858487191329016,0.24503940061211213,1e-12,1e-12,1e-12,0.2197073309260418,0.10317399025317425,3.0,3.0,1.860462183169034,40,2.425327578188309,0.0,0.0,0.0,0.0,0.0,0
21.762,1.5479246187921267,1.8628228024767808,0.25395968059805324,1e-12,1e-12,1e-12,0.21946288022013363,0.13978405177644115,3.0,3.0,1.8443684261222737,40,2.425327578188309,0.0,0.0,0.0,0.0,0.0,0
21.862000000000002,1.569132774973476,1.868476261557975,0.26755596095905626,1e-12,1e-12,1e-12,0.21931655541504613,0.15768769357377876,3.0,3.0,1.8242058508602919,40,2.425327578188309,0.0,0.0,0.0,0.0,0.0,0
21.962,1.5902326073569135,1.8744422295128749,0.28381233125616373,1e-12,1e-12,1e-12,0.21917380569749223,0.17338469471721463,3.0,3.0,1.803974610703719,40,2.425327578188309,0.0,0.0,0.0,0.0,0.0,0
22.062,1.6112191910694582,1.8807597159264149,0.30117450146093194,1e-12,1e-12,1e-12,0.21906351737105567,0.18460254877333382,3.0,3.0,1.7836510165239414,40,2.425327578188309,0.0,0.0,0.0,0.0,0.0,0
22.162,1.6320773849057926,1.887450955974706,0.31971891172091443,1e-12,1e-12,1e-12,0.21899411350390893,0.19132589550474377,3.0,3.0,1.7632293260514273,40,2.425327578188309,0.0,0.0,0.0,0.0,0.0,0
22.262,1.6528006093908836,1.8945310458157962,0.3388280759687996,1e-12,1e-12,1e-12,0.21896660160653628,0.19392673713240682,3.0,3.0,1.7427012958974615,0,0.0,0.0,0.0,0.0,0.0,0.0,0
22.362,1.6733804687395668,1.9020088856972068,0.3582207496920976,1e-12,1e-12,1e-12,0.21896660160653628,0.19392673713240682,3.0,3.0,1.7220638396440304,0,0.0,0.0,0.0,0.0,0.0,0.0,0
22.462,1.693811452196367,1.9098843929882703,0.37761342341494053,1e-12,1e-12,1e-12,0.21896660160653628,0.19392673713240682,3.0,3.0,1.7013173011122633,0,0.0,0.0,0.0,0.0,0.0,0.0,0
22.562,1.7140858764037386,1.9181546059941341,0.39700609713756674,1e-12,1e-12,1e-12,0.21896660160653628,0.19392673713240682,3.0,3.0,1.6804655872097018,0,0.0,0.0,0.0,0.0,0.0,0.0,0
22.662,1.734196116880466,1.9268164145853466,0.41639877085981836,1e-12,1e-12,1e-12,0.21896660160653628,0.19392673713240682,3.0,3.0,1.6595127232184577,0,0.0,0.0,0.0,0.0,0.0,0.0,0
22.762,1.7541346108889129,1.9358665613674424,0.4357914445817231,1e-12,1e-12,1e-12,0.21896660160653628,0.19392673713240682,3.0,3.0,1.638462859817357,0,0.0,0.0,0.0,0.0,0.0,0.0,0
22.882,1.7778235456796694,1.947234541676211,0.45906265304757016,1e-12,1e-12,1e-12,0.21896660160653628,0.19392673713240682,3.0,3.0,1.6130810257810093,0,0.0,0.0,0.0,0.0,0.0,0.0,0
22.962,1.7934664343085176,1.9551181110062472,0.47457679202441666,1e-12,1e-12,1e-12,0.21896660160653628,0.19392673713240682,3.0,3.0,1.5960894107434445,0,0.0,0.0,0.0,0.0,0.0,0.0,0
23.062,1.812844972436524,1.9653122740480231,0.49396946574531936,1e-12,1e-12,1e-12,0.21896660160653628,0.19392673713240682,3.0,3.0,1.574774825079735,0,0.0,0.0,0.0,0.0,0.0,0.0,0
23.162,1.8320221870924178,1.9758802983734525,0.5133621394657696,1e-12,1e-12,1e-12,0.21896660160653628,0.19392673713240682,3.0,3.0,1.5533812586432307,0,0.0,0.0,0.0,0.0,0.0,0.0,0
23.282,1.854758948887747,1.9890498188993442,0.5366333479299458,1e-12,1e-12,1e-12,0.21896660160653628,0.19392673713240682,3.0,3.0,1.5276116436516667,0,0.0,0.0,0.0,0.0,0.0,0.0,0
23.382,1.8734679767653168,2.000426152929979,0.5560260216495246,1e-12,1e-12,1e-12,0.21896660160653628,0.19392673713240682,3.0,3.0,1.5060618430594377,0,0.0,0.0,0.0,0.0,0.0,0.0,0
23.482,1.8919528830407817,2.0121631431782054,0.5754186953688952,1e-12,1e-12,1e-12,0.21896660160653628,0.19392673713240682,3.0,3.0,1.4844494161463362,29,1.8205582592441265,0.0,0.0,0.0,0.0,0.0,0
23.582,1.9102225921363625,2.0242617554586593,0.5925816363750082,1e-12,1e-12,1e-12,0.21989543173413936,0.06166671435731064,3.0,3.0,1.4627644788381369,29,1.8205582592441265,0.0,0.0,0.0,0.0,0.0,0
23.682,1.9284204502535875,2.036603507776661,0.5991091966914298,1e-12,1e-12,1e-12,0.21988539281527542,0.06455924318535833,3.0,3.0,1.4409772838816572,29,1.8205582592441265,0.0,0.0,0.0,0.0,0.0,0
23.782,1.9465387578107511,2.0490616919117293,0.6056577940981268,1e-12,1e-12,1e-12,0.21987106471704101,0.06847637392156569,3.0,3.0,1.4191773161182848,29,1.8205582592441265,0.0,0.0,0.0,0.0,0.0,0
23.882,1.9645725351475916,2.061640209838443,0.6124730154344528,1e-12,1e-12,1e-12,0.21986614730910237,0.06977008117284234,3.0,3.0,1.3973650671040572,29,1.8205582592441265,0.0,0.0,0.0,0.0,0.0,0
23.982,1.9825181784521004,2.074342836850237,0.6194876713054988,1e-12,1e-12,1e-12,0.21985995417390472,0.0713660695607572,3.0,3.0,1.3755400542590168,29,1.8205582592441265,0.0,0.0,0.0,0.0,0.0,0
24.082,2.000373011073918,2.0871719959403863,0.6266217798150421,1e-12,1e-12,1e-12,0.2198597134057211,0.07142739636211748,3.0,3.0,1.353701991571588,29,1.8205582592441265,0.0,0.0,0.0,0.0,0.0,0
24.182,2.018135713354819,2.10012834313634,0.6337665715935521,1e-12,1e-12,1e-12,0.21986082518522565,0.07114377024070384,3.0,3.0,1.3318507710009404,29,1.8205582592441265,0.0,0.0,0.0,0.0,0.0,0
24.282,2.0358058116818714,2.1132110596010167,0.6408572908625534,1e-12,1e-12,1e-12,0.2198663891684487,0.06970701226602882,3.0,3.0,1.3099866631383719,29,1.8205582592441265,0.0,0.0,0.0,0.0,0.0,0
24.382,2.053383687478373,2.126418076611302,0.6478475161268061,1e-12,1e-12,1e-12,0.2198697083904868,0.06883563349883426,3.0,3.0,1.2881101738607377,29,1.8205582592441265,0.0,0.0,0.0,0.0,0.0,0
24.482,2.0708701926353212,2.1397467683255753,0.6546893956583612,1e-12,1e-12,1e-12,0.2198791449955608,0.06629577558473287,3.0,3.0,1.2662218690023548,29,1.8205582592441265,0.0,0.0,0.0,0.0,0.0,0
24.582,2.0882667653827744,2.1531937110114225,0.6613533683026441,1e-12,1e-12,1e-12,0.21988358082392218,0.065067641803918,3.0,3.0,1.2443224590821285,29,1.8205582592441265,0.0,0.0,0.0,0.0,0.0,0
24.682,2.1055753542831632,2.166754938734613,0.667809168739344,1e-12,1e-12,1e-12,0.2198882096021479,0.06376087903749617,3.0,3.0,1.2224126876750125,29,1.8205582592441265,0.0,0.0,0.0,0.0,0.0,0
24.782,2.1227981656783657,2.1804262880960033,0.6740244264671397,1e-12,1e-12,1e-12,0.2198993244061229,0.06050793284740563,3.0,3.0,1.200493285021343,29,1.8205582592441265,0.0,0.0,0.0,0.0,0.0,0
24.882,2.1399381650444957,2.194202641964574,0.6799935770270794,1e-12,1e-12,1e-12,0.21990702200383017,0.05814857024133935,3.0,3.0,1.178565120035334,25,1.5501227042513401,0.0,0.0,0.0,0.0,0.0,0
24.982,2.156997725989476,2.2080796331327655,0.6857374754820229,1e-12,1e-12,1e-12,0.21991768065536357,0.0547139599409483,3.0,3.0,1.156629024988587,25,1.5501227042513401,0.0,0.0,0.0,0.0,0.0,0
25.062,2.1705897940585515,2.2192503583967484,0.6900984803286793,1e-12,1e-12,1e-12,0.21992317138675374,0.05285764255621794,3.0,3.0,1.139074752851384,25,1.5501227042513401,0.0,0.0,0.0,0.0,0.0,0
25.162,2.1875125115677263,2.23329597495694,0.695408880638348,1e-12,1e-12,1e-12,0.21992871944427228,0.050913261440979296,3.0,3.0,1.117126215284653,25,1.5501227042513401,0.0,0.0,0.0,0.0,0.0,0
25.282,2.2077240626422885,2.2502667953473265,0.701454695439976,1e-12,1e-12,1e-12,0.2199367074490773,0.047975594539447775,3.0,3.0,1.0907800140609507,25,1.5501227042513401,0.0,0.0,0.0,0.0,0.0,0
25.362,2.22114289035949,2.261647292349604,0.70530050916924,1e-12,1e-12,1e-12,0.21994168563889507,0.04605014558162002,3.0,3.0,1.0732115905692783,25,1.5501227042513401,0.0,0.0,0.0,0.0,0.0,0
25.462,2.2378571080761223,2.2759436242335953,0.7098366484552834,1e-12,1e-12,1e-12,0.21994833308711534,0.0433459384013144,3.0,3.0,1.0512466042742172,25,1.5501227042513401,0.0,0.0,0.0,0.0,0.0,0
25.582,2.257830751652868,2.293197224639677,0.7150202327815098,1e-12,1e-12,1e-12,0.2199525524648015,0.04153825872969441,3.0,3.0,1.024883094040097,25,1.5501227042513401,0.0,0.0,0.0,0.0,0.0,0
25.662,2.271098365769769,2.3047558109472224,0.7182880136959138,1e-12,1e-12,1e-12,0.21995820238058467,0.038986684439352715,3.0,3.0,1.007304360556012,25,1.5501227042513401,0.0,0.0,0.0,0.0,0.0,0
25.782,2.290930727272162,2.322173330817337,0.7229768801272763,1e-12,1e-12,1e-12,0.21996267758182014,0.03684042912715535,3.0,3.0,0.9809323253833817,25,1.5501227042513401,0.0,0.0,0.0,0.0,0.0,0
25.862000000000002,2.3041085482228576,2.3338352789341124,0.7259055052360099,1e-12,1e-12,1e-12,0.219966542726955,0.03488063859998669,3.0,3.0,0.963348508199027,25,1.5501227042513401,0.0,0.0,0.0,0.0,0.0,0
25.982,2.3238126843930202,2.3513992399693238,0.7301024150457465,1e-12,1e-12,1e-12,0.21997021088160562,0.03291299311545459,3.0,3.0,0.9369697069276808,25,1.5501227042513401,0.0,0.0,0.0,0.0,0.0,0
26.082,2.340178571346745,2.366097127888687,0.7333721634945635,1e-12,1e-12,1e-12,0.2199721700309838,0.03181226509260893,3.0,3.0,0.9149847916665031,20,1.2249916611957217,0.0,0.0,0.0,0.0,0.0,0
26.182,2.35649797870066,2.3808471016912995,0.7364523619309832,1e-12,1e-12,1e-12,0.21997519705770444,0.03003235125934056,3.0,3.0,0.8929978515653887,20,1.2249916611957217,0.0,0.0,0.0,0.0,0.0,0
26.282,2.3727734174443613,2.395646019301783,0.7393521777877023,1e-12,1e-12,1e-12,0.2199779127990297,0.02834050782845776,3.0,3.0,0.8710091387868478,20,1.2249916611957217,0.0,0.0,0.0,0.0,0.0,0
26.362,2.3857637339027282,2.4075183821915647,0.7415515013174024,1e-12,1e-12,1e-12,0.2199803159310687,0.026754345421431847,3.0,3.0,0.8534170481247837,20,1.2249916611957217,0.0,0.0,0.0,0.0,0.0,0
26.482,2.4052014673538347,2.425379309831424,0.7447159469275594,1e-12,1e-12,1e-12,0.21998336057457543,0.024598326017809757,3.0,3.0,0.8270273465900883,20,1.2249916611957217,0.0,0.0,0.0,0.0,0.0,0
26.582,2.421358049324689,2.4403089013430073,0.7471532872394157,1e-12,1e-12,1e-12,0.21998560125509806,0.022882229681740807,3.0,3.0,0.8050345539150483,20,1.2249916611957217,0.0,0.0,0.0,0.0,0.0,0
26.682,2.437479468070075,2.4552767409508927,0.7494422515843338,1e-12,1e-12,1e-12,0.21998720745323794,0.021568217982349758,3.0,3.0,0.7830407255001536,20,1.2249916611957217,0.0,0.0,0.0,0.0,0.0,0
26.782,2.453567682714722,2.470280496073619,0.7516025425980173,1e-12,1e-12,1e-12,0.21998864990279993,0.02031586464354662,3.0,3.0,0.761046010576082,20,1.2249916611957217,0.0,0.0,0.0,0.0,0.0,0
26.882,2.469624549863022,2.485317994623959,0.7536451673158219,1e-12,1e-12,1e-12,0.21998968773340322,0.019364773228774057,3.0,3.0,0.7390505292372811,20,1.2249916611957217,0.0,0.0,0.0,0.0,0.0,0
26.982,2.4856516447260932,2.500387426080218,0.755558558332203,1e-12,1e-12,1e-12,0.21999109292188748,0.017997109077177775,3.0,3.0,0.7170543595793296,20,1.2249916611957217,0.0,0.0,0.0,0.0,0.0,0
27.082,2.501650743126979,2.5154867351442993,0.7573668580337863,1e-12,1e-12,1e-12,0.21999212156970427,0.01692601796982407,3.0,3.0,0.6950576131854268,20,1.2249916611957217,0.0,0.0,0.0,0.0,0.0,0
27.182,2.5176232636137374,2.5306142800096603,0.7590879879607876,1e-12,1e-12,1e-12,0.21999270237532018,0.016290169958518952,3.0,3.0,0.6730603761457894,20,1.2249916611957217,0.0,0.0,0.0,0.0,0.0,0
27.282,2.5335706161722484,2.5457685094619613,0.7606922988876439,1e-12,1e-12,1e-12,0.21999358803407856,0.015269693177993204,3.0,3.0,0.6510626829225772,16,0.9546543144049537,0.0,0.0,0.0,0.0,0.0,0
27.382,2.5494945437910457,2.5609474832113177,0.7621909366245623,1e-12,1e-12,1e-12,0.2199945952029326,0.014019232500984025,3.0,3.0,0.6290646060402018,16,0.9546543144049537,0.0,0.0,0.0,0.0,0.0,0
27.482,2.565396596162851,2.576149490176464,0.7635883337570255,1e-12,1e-12,1e-12,0.21999520499744538,0.013204709866305286,3.0,3.0,0.6070662017478058,16,0.9546543144049537,0.0,0.0,0.0,0.0,0.0,0
27.582,2.581277909840849,2.5913732321061094,0.7649205838326036,1e-12,1e-12,1e-12,0.219995549960385,0.012720855627632588,3.0,3.0,0.5850675381754279,16,0.9546543144049537,0.0,0.0,0.0,0.0,0.0,0
27.682,2.5971396567706644,2.606617454238936,0.7661604337128783,1e-12,1e-12,1e-12,0.21999607380117212,0.01194869411807753,3.0,3.0,0.5630686312132062,16,0.9546543144049537,0.0,0.0,0.0,0.0,0.0,0
27.782,2.6129830267347267,2.6218808365341624,0.7673359089209904,1e-12,1e-12,1e-12,0.21999653166443242,0.0112303884507583,3.0,3.0,0.5410695328472285,16,0.9546543144049537,0.0,0.0,0.0,0.0,0.0,0
