diag_stamp,log_stamp,detected,true_available,true_x,true_y,true_yaw,state_available,state_x,state_y,state_yaw,state_age_s,state_fresh,state_pos_error,state_yaw_error_deg,obs_u,obs_v,obs_yaw,obs_yaw_error_deg,pixel_pose_available,pixel_pose_stamp,pixel_pose_u,pixel_pose_v,pixel_pose_yaw,pixel_pose_age_s,pixel_pose_fresh,pred_world_x,pred_world_y,localization_error_m,pred_world_x_calibrated,pred_world_y_calibrated,localization_error_calibrated_m,bev_y_calibration_offset_m,u_red,v_red,red_area_px,u_blue,v_blue,blue_area_px,separation_px,border_margin_px,yolo_score_raw,yolo_score_selected,yolo_detected_after_threshold,yolo_best_class_id,yolo_target_candidate_count,bbox_area_px,bbox_xmin,bbox_ymin,bbox_xmax,bbox_ymax,logit_margin,class_entropy,mask_area_px,mask_bottom_u,mask_bottom_v,mask_used,mask_polygon_points,confidence_logit,mask_compactness,mask_border_frac,mask_score,selected_pixel_source_code,yolo_raw_best_score,yolo_selected_score,yolo_num_target_candidates,yolo_selected_class_id,yolo_selected_pixel_source,yolo_bbox_area,yolo_mask_area,yolo_inference_ms,detector_callback_ms,yolo_receive_stamp,yolo_start_stamp,yolo_finish_stamp,yolo_publish_stamp,yolo_latency_s,frame_age_at_publish_s,detector_total_latency_s,camera_relative_bearing_deg,seed
4.555,5.941000000000001,1,1,3.300000000004068,-1.0,-4.891722702642957e-12,0,nan,nan,nan,nan,0.0,nan,nan,961.1555458949215,299.28824425780243,nan,nan,1,4.555,961.1555458949215,299.28824425780243,0.0,1.386000000000001,0.0,3.263187812276671,-1.0696073315796184,0.07874209658697222,3.2514707215288308,-1.0023835922049633,0.048587780162574805,0.05,nan,nan,nan,nan,nan,nan,nan,299.28824425780243,0.7725447416305542,0.7725447416305542,1.0,0.0,290.0,442.673649340868,950.5477294921875,278.30462646484375,971.5119018554688,299.42034912109375,nan,nan,nan,nan,nan,0.0,nan,1.2227363725213938,nan,nan,nan,1.0,0.7725447416305542,0.7725447416305542,290.0,0.0,bbox_bottom,442.673649340868,nan,2272.454393998487,2286.6194620146416,4.602,4.606,5.44,5.941000000000001,0.8340000000000005,1.386000000000001,1.386000000000001,126.25383773719821,0
5.875,6.525,1,1,3.300000000004068,-1.0,-4.891722484751227e-12,1,3.2514707215288308,-1.0023835922049633,-1.4573504028978098e-41,1.9700000000000006,0.0,0.048587780162574805,2.802750529254935e-10,961.6702383242714,299.5252492382468,nan,nan,1,5.875,961.6702383242714,299.5252492382468,0.0,0.6500000000000004,1.0,3.2674244140271314,-1.0728688375811173,0.07981877155258686,3.2556998008434714,-1.0056268012079217,0.044656114223049014,0.05,nan,nan,nan,nan,nan,nan,nan,299.5252492382468,0.7725447416305542,0.7725447416305542,1.0,0.0,290.0,442.673649340868,950.5477294921875,278.30462646484375,971.5119018554688,299.42034912109375,nan,nan,nan,nan,nan,0.0,nan,1.2227363725213938,nan,nan,nan,1.0,0.7725447416305542,0.7725447416305542,290.0,0.0,bbox_bottom,442.673649340868,nan,178.34646900882944,189.29101899266243,5.9,5.941000000000001,6.0280000000000005,6.525,0.08699999999999974,0.6500000000000004,0.6500000000000004,126.25383773719821,0
6.469,7.03,1,1,3.300000000004068,-1.0,-4.891722302957893e-12,1,3.2556998008434714,-1.0056268012079217,-1.4573504028978098e-41,1.1550000000000002,1.0,0.044656114223049014,2.8027504250950273e-10,960.494146300667,299.7819441760032,nan,nan,1,5.875,961.6702383242714,299.5252492382468,0.0,1.1550000000000002,1.0,3.2674244140271314,-1.0728688375811173,0.07981877155258686,3.2556998008434714,-1.0056268012079217,0.044656114223049014,0.05,nan,nan,nan,nan,nan,nan,nan,299.7819441760032,0.7725447416305542,0.7725447416305542,1.0,0.0,290.0,442.673649340868,950.5477294921875,278.30462646484375,971.5119018554688,299.42034912109375,nan,nan,nan,nan,nan,0.0,nan,1.2227363725213938,nan,nan,nan,1.0,0.7725447416305542,0.7725447416305542,290.0,0.0,bbox_bottom,442.673649340868,nan,213.92489000572823,244.52944999211468,6.5040000000000004,6.549,6.626,7.03,0.07699999999999996,0.5609999999999999,0.5609999999999999,126.25383773719821,0
6.964,7.6240000000000006,1,1,3.300000000004068,-1.0,-4.8917220784913824e-12,1,3.242742151774761,-1.0090913653745144,-1.4573504028978098e-41,1.1550000000000002,1.0,0.05797511628468966,2.8027502964851904e-10,962.3338157189582,300.367430084223,nan,nan,1,6.469,960.494146300667,299.7819441760032,0.0,1.1550000000000002,1.0,3.2544069943031326,-1.0763991333271887,0.08896937530403985,3.242742151774761,-1.0090913653745144,0.05797511628468966,0.05,nan,nan,nan,nan,nan,nan,nan,300.367430084223,0.7725447416305542,0.7725447416305542,1.0,0.0,290.0,442.673649340868,950.5477294921875,278.30462646484375,971.5119018554688,299.42034912109375,nan,nan,nan,nan,nan,0.0,nan,1.2227363725213938,nan,nan,nan,1.0,0.7725447416305542,0.7725447416305542,290.0,0.0,bbox_bottom,442.673649340868,nan,203.87039199704304,214.4699440104887,7.015000000000001,7.039000000000001,7.12,7.6240000000000006,0.08099999999999952,0.6600000000000001,0.6600000000000001,126.25383773719821,0
7.558,8.152000000000001,1,1,3.300000000004068,-1.0,-4.89172183998713e-12,1,3.258927878171824,-1.0171045859452297,-1.4573504028978098e-41,1.1880000000000006,1.0,0.044491415488388864,2.8027501598323197e-10,960.3260804380211,298.1549276500477,nan,nan,1,6.964,962.3338157189582,300.367430084223,0.0,1.1880000000000006,1.0,3.270633565776235,-1.0844424001308972,0.08940305587128555,3.258927878171824,-1.0171045859452297,0.044491415488388864,0.05,nan,nan,nan,nan,nan,nan,nan,298.1549276500477,0.7725447416305542,0.7725447416305542,1.0,0.0,290.0,442.673649340868,950.5477294921875,278.30462646484375,971.5119018554688,299.42034912109375,nan,nan,nan,nan,nan,0.0,nan,1.2227363725213938,nan,nan,nan,1.0,0.7725447416305542,0.7725447416305542,290.0,0.0,bbox_bottom,442.673649340868,nan,208.48589902743697,219.04636398539878,7.588,7.6240000000000006,7.704000000000001,8.152000000000001,0.08000000000000007,0.5940000000000012,0.5940000000000012,126.25383773719821,0
8.086,8.703000000000001,1,1,3.300000000004068,-1.0,-4.891721589538679e-12,1,3.243174917199736,-1.0047272454544973,-1.4573504028978098e-41,0.6170000000000009,1.0,0.05702137218014203,2.8027500163359273e-10,960.4065412112908,299.46167510044097,nan,nan,1,8.086,960.4065412112908,299.46167510044097,0.0,0.6170000000000009,1.0,3.254853397271535,-1.071994208826243,0.08497871405714412,3.243174917199736,-1.0047272454544973,0.05702137218014203,0.05,nan,nan,nan,nan,nan,nan,nan,299.46167510044097,0.7725447416305542,0.7725447416305542,1.0,0.0,290.0,442.673649340868,950.5477294921875,278.30462646484375,971.5119018554688,299.42034912109375,nan,nan,nan,nan,nan,0.0,nan,1.2227363725213938,nan,nan,nan,1.0,0.7725447416305542,0.7725447416305542,290.0,0.0,bbox_bottom,442.673649340868,nan,301.18198101990856,313.10995199601166,8.127,8.152000000000001,8.261000000000001,8.699,0.10899999999999999,0.6129999999999995,0.6129999999999995,126.25383773719821,0
8.647,9.235000000000001,1,1,3.300000000004068,-1.0,-4.89172138755382e-12,1,3.243174917199736,-1.0047272454544973,-1.4573504028978098e-41,1.149000000000001,1.0,0.05702137218014203,2.802749900607128e-10,958.7047848991892,299.2015574571612,nan,nan,1,8.647,958.7047848991892,299.2015574571612,0.0,0.588000000000001,1.0,3.2386461028883984,-1.0684139942868884,0.09189545856878126,3.2270204660780006,-1.0011369644347365,0.07298838989998266,0.05,nan,nan,nan,nan,nan,nan,nan,299.2015574571612,0.7725447416305542,0.7725447416305542,1.0,0.0,290.0,442.673649340868,950.5477294921875,278.30462646484375,971.5119018554688,299.42034912109375,nan,nan,nan,nan,nan,0.0,nan,1.2227363725213938,nan,nan,nan,1.0,0.7725447416305542,0.7725447416305542,290.0,0.0,bbox_bottom,442.673649340868,nan,316.3075759948697,325.82785899285227,8.690000000000001,8.703000000000001,8.775,9.233,0.07199999999999918,0.5860000000000003,0.5860000000000003,126.25383773719821,0
9.175,9.675,1,1,3.300000000004068,-1.0,-4.891721188715167e-12,1,3.2270204660780006,-1.0011369644347365,-1.4573504028978098e-41,1.0280000000000005,1.0,0.07298838989998266,2.8027497866809716e-10,959.7839047265751,298.6880817663903,nan,nan,1,8.647,958.7047848991892,299.2015574571612,0.0,1.0280000000000005,1.0,3.2386461028883984,-1.0684139942868884,0.09189545856878126,3.2270204660780006,-1.0011369644347365,0.07298838989998266,0.05,nan,nan,nan,nan,nan,nan,nan,298.6880817663903,0.7725447416305542,0.7725447416305542,1.0,0.0,290.0,442.673649340868,950.5477294921875,278.30462646484375,971.5119018554688,299.42034912109375,nan,nan,nan,nan,nan,0.0,nan,1.2227363725213938,nan,nan,nan,1.0,0.7725447416305542,0.7725447416305542,290.0,0.0,bbox_bottom,442.673649340868,nan,322.96440401114523,339.28621999803,9.205,9.235000000000001,9.296000000000001,9.672,0.06099999999999994,0.4969999999999999,0.4969999999999999,126.25383773719821,0
9.637,10.189,1,1,3.300000000004068,-1.0,-4.89172095939583e-12,1,3.240058203411081,-0.9941602521213357,-1.4573504028978098e-41,1.0139999999999993,1.0,0.06022558952871598,2.80274965529067e-10,960.4855566909708,299.1040489647246,nan,nan,1,9.175,959.7839047265751,298.6880817663903,0.0,1.0139999999999993,1.0,3.25175354545682,-1.0613394205669204,0.07804002109088141,3.240058203411081,-0.9941602521213357,0.06022558952871598,0.05,nan,nan,nan,nan,nan,nan,nan,299.1040489647246,0.7725447416305542,0.7725447416305542,1.0,0.0,290.0,442.673649340868,950.5477294921875,278.30462646484375,971.5119018554688,299.42034912109375,nan,nan,nan,nan,nan,0.0,nan,1.2227363725213938,nan,nan,nan,1.0,0.7725447416305542,0.7725447416305542,290.0,0.0,bbox_bottom,442.673649340868,nan,285.86087201256305,319.48344499687664,9.669,9.685,9.757000000000001,10.188,0.07200000000000095,0.5510000000000002,0.5510000000000002,126.25383773719821,0
10.132,10.685,1,1,3.300000000004068,-1.0,-4.8917206981679e-12,1,3.24544890262313,-0.999854527679386,-1.4573504028978098e-41,1.048,1.0,0.05455129134732417,2.802749505618091e-10,961.4414462102022,300.46286249053645,nan,nan,1,9.637,960.4855566909708,299.1040489647246,0.0,1.048,1.0,3.2571495580268803,-1.0670711981950511,0.07959086634130935,3.24544890262313,-0.999854527679386,0.05455129134732417,0.05,nan,nan,nan,nan,nan,nan,nan,300.46286249053645,0.7725447416305542,0.7725447416305542,1.0,0.0,290.0,442.673649340868,950.5477294921875,278.30462646484375,971.5119018554688,299.42034912109375,nan,nan,nan,nan,nan,0.0,nan,1.2227363725213938,nan,nan,nan,1.0,0.7725447416305542,0.7725447416305542,290.0,0.0,bbox_bottom,442.673649340868,nan,260.1842369767837,287.6750080031343,10.173,10.194,10.228,10.684000000000001,0.03399999999999892,0.5520000000000014,0.5520000000000014,126.25383773719821,0
10.627,11.196000000000002,1,1,3.300000000004068,-1.0,-4.891720462527339e-12,1,3.249514652335967,-1.018378063526007,-1.4573504028978098e-41,1.0640000000000018,1.0,0.05372637665183634,2.802749370605995e-10,960.9012810108841,300.7868125916434,nan,nan,1,10.627,960.9012810108841,300.7868125916434,0.0,0.5690000000000008,1.0,3.254350111685662,-1.0901964699354885,0.10109063009154912,3.242722810405954,-1.022764391343927,0.061635168220081735,0.05,nan,nan,nan,nan,nan,nan,nan,300.7868125916434,0.7725447416305542,0.7725447416305542,1.0,0.0,290.0,442.673649340868,950.5477294921875,278.30462646484375,971.5119018554688,299.42034912109375,nan,nan,nan,nan,nan,0.0,nan,1.2227363725213938,nan,nan,nan,1.0,0.7725447416305542,0.7725447416305542,290.0,0.0,bbox_bottom,442.673649340868,nan,226.90925898496062,238.2872129965108,10.65,10.685,10.755,11.195,0.07000000000000028,0.5679999999999996,0.5679999999999996,126.25383773719821,0
11.155,11.673,1,1,3.300000000004068,-1.0,-4.8917202656113335e-12,1,3.242722810405954,-1.022764391343927,-1.4573504028978098e-41,1.0459999999999994,1.0,0.061635168220081735,2.8027492577814346e-10,960.3646210003415,299.77185919118676,nan,nan,1,11.155,960.3646210003415,299.77185919118676,0.0,0.5180000000000007,1.0,3.253133790172793,-1.076260486090952,0.08951035338315551,3.2414734846251823,-1.0089506440351803,0.059206984647417006,0.05,nan,nan,nan,nan,nan,nan,nan,299.77185919118676,0.7725447416305542,0.7725447416305542,1.0,0.0,290.0,442.673649340868,950.5477294921875,278.30462646484375,971.5119018554688,299.42034912109375,nan,nan,nan,nan,nan,0.0,nan,1.2227363725213938,nan,nan,nan,1.0,0.7725447416305542,0.7725447416305542,290.0,0.0,bbox_bottom,442.673649340868,nan,247.4597140098922,260.70669598993845,11.176,11.197000000000001,11.248000000000001,11.672,0.051000000000000156,0.5170000000000012,0.5170000000000012,126.25383773719821,0
11.617,12.173,1,1,3.300000000004068,-1.0,-4.8917200789928635e-12,1,3.2414734846251823,-1.0089506440351803,-1.4573504028978098e-41,1.0180000000000007,1.0,0.059206984647417006,2.8027491508569274e-10,961.9332858554799,299.5143614188546,nan,nan,1,11.617,961.9332858554799,299.5143614188546,0.0,0.5559999999999992,1.0,3.2701420269537773,-1.0727190393399615,0.07861015988534026,3.258406524015204,-1.0054854412532637,0.04195363286509549,0.05,nan,nan,nan,nan,nan,nan,nan,299.5143614188546,0.7725447416305542,0.7725447416305542,1.0,0.0,290.0,442.673649340868,950.5477294921875,278.30462646484375,971.5119018554688,299.42034912109375,nan,nan,nan,nan,nan,0.0,nan,1.2227363725213938,nan,nan,nan,1.0,0.7725447416305542,0.7725447416305542,290.0,0.0,bbox_bottom,442.673649340868,nan,362.77228899416514,385.3486360167153,11.663,11.675,11.742,12.173,0.06700000000000017,0.5559999999999992,0.5559999999999992,126.25383773719821,0
12.112,12.66,1,1,3.300000000004068,-1.0,-4.891719851282484e-12,1,3.258406524015204,-1.0054854412532637,-1.4573504028978098e-41,1.0429999999999993,1.0,0.04195363286509549,2.8027490203884906e-10,960.2863164244743,298.49862374483536,nan,nan,1,11.617,961.9332858554799,299.5143614188546,0.0,1.0429999999999993,1.0,3.2701420269537773,-1.0727190393399615,0.07861015988534026,3.258406524015204,-1.0054854412532637,0.04195363286509549,0.05,nan,nan,nan,nan,nan,nan,nan,298.49862374483536,0.7725447416305542,0.7725447416305542,1.0,0.0,290.0,442.673649340868,950.5477294921875,278.30462646484375,971.5119018554688,299.42034912109375,nan,nan,nan,nan,nan,0.0,nan,1.2227363725213938,nan,nan,nan,1.0,0.7725447416305542,0.7725447416305542,290.0,0.0,bbox_bottom,442.673649340868,nan,326.9803959992714,348.36748699308373,12.145000000000001,12.183000000000002,12.242,12.658000000000001,0.058999999999999275,0.5460000000000012,0.5460000000000012,126.25383773719821,0
12.607,13.183000000000002,1,1,3.300000000004068,-1.0,-4.891719659725976e-12,1,3.245929318880855,-0.9915864819960911,-1.4573504028978098e-41,1.0710000000000015,1.0,0.05472134722693061,2.8027489106346964e-10,960.5720898481608,299.6405442445638,nan,nan,1,12.112,960.2863164244743,298.49862374483536,0.0,1.0710000000000015,1.0,3.257654494078153,-1.0587267433847607,0.07240146587398101,3.245929318880855,-0.9915864819960911,0.05472134722693061,0.05,nan,nan,nan,nan,nan,nan,nan,299.6405442445638,0.7725447416305542,0.7725447416305542,1.0,0.0,290.0,442.673649340868,950.5477294921875,278.30462646484375,971.5119018554688,299.42034912109375,nan,nan,nan,nan,nan,0.0,nan,1.2227363725213938,nan,nan,nan,1.0,0.7725447416305542,0.7725447416305542,290.0,0.0,bbox_bottom,442.673649340868,nan,298.8485590030905,321.135881007649,12.636000000000001,12.665000000000001,12.729000000000001,13.182,0.06400000000000006,0.5750000000000011,0.5750000000000011,126.25383773719821,0
13.135,13.696000000000002,1,1,3.300000000004068,-1.0,-4.891719462653512e-12,1,3.244113041007941,-1.0071681186246217,-1.4573504028978098e-41,1.0890000000000022,1.0,0.05634477891030753,2.8027487977204916e-10,960.0201974902894,299.211173546222,nan,nan,1,12.607,960.5720898481608,299.6405442445638,0.0,1.0890000000000022,1.0,3.255788472742056,-1.0744547851104467,0.08659199829477564,3.244113041007941,-1.0071681186246217,0.05634477891030753,0.05,nan,nan,nan,nan,nan,nan,nan,299.211173546222,0.7725447416305542,0.7725447416305542,1.0,0.0,290.0,442.673649340868,950.5477294921875,278.30462646484375,971.5119018554688,299.42034912109375,nan,nan,nan,nan,nan,0.0,nan,1.2227363725213938,nan,nan,nan,1.0,0.7725447416305542,0.7725447416305542,290.0,0.0,bbox_bottom,442.673649340868,nan,238.31288499059156,254.87836601678282,13.164000000000001,13.186,13.257000000000001,13.696000000000002,0.0710000000000015,0.5610000000000017,0.5610000000000017,126.25383773719821,0
13.63,14.139000000000001,1,1,3.300000000004068,-1.0,-4.8917192536995855e-12,1,3.2402964593473658,-1.0013028936621295,-1.4573504028978098e-41,1.0040000000000013,1.0,0.059717755306452444,2.8027486779987104e-10,960.8705906639136,299.9611947057796,nan,nan,1,13.63,960.8705906639136,299.9611947057796,0.0,0.5090000000000003,1.0,3.257481223615522,-1.0788629234083948,0.08959468195209772,3.245811185262633,-1.0115410044730557,0.05540417337465353,0.05,nan,nan,nan,nan,nan,nan,nan,299.9611947057796,0.7725447416305542,0.7725447416305542,1.0,0.0,290.0,442.673649340868,950.5477294921875,278.30462646484375,971.5119018554688,299.42034912109375,nan,nan,nan,nan,nan,0.0,nan,1.2227363725213938,nan,nan,nan,1.0,0.7725447416305542,0.7725447416305542,290.0,0.0,bbox_bottom,442.673649340868,nan,307.49812501017004,323.1382340018172,13.690000000000001,13.696000000000002,13.753,14.139000000000001,0.05699999999999861,0.5090000000000003,0.5090000000000003,126.25383773719821,0
14.092,14.633000000000001,1,1,3.300000000004068,-1.0,-4.8917190374407244e-12,1,3.245811185262633,-1.0115410044730557,-1.4573504028978098e-41,1.0030000000000001,1.0,0.05540417337465353,2.8027485540915106e-10,961.2444747963344,299.77572183013365,nan,nan,1,14.092,961.2444747963344,299.77572183013365,0.0,0.5410000000000004,1.0,3.262052137564131,-1.0763135586722805,0.08522792676692303,3.250357568593617,-1.0090265069846935,0.050456405189887296,0.05,nan,nan,nan,nan,nan,nan,nan,299.77572183013365,0.7725447416305542,0.7725447416305542,1.0,0.0,290.0,442.673649340868,950.5477294921875,278.30462646484375,971.5119018554688,299.42034912109375,nan,nan,nan,nan,nan,0.0,nan,1.2227363725213938,nan,nan,nan,1.0,0.7725447416305542,0.7725447416305542,290.0,0.0,bbox_bottom,442.673649340868,nan,260.2777830034029,278.2961610064376,14.116000000000001,14.142000000000001,14.211,14.632000000000001,0.06899999999999906,0.5400000000000009,0.5400000000000009,126.25383773719821,0
14.587,15.169,1,1,3.300000000004068,-1.0,-4.891718754500823e-12,1,3.250357568593617,-1.0090265069846935,-1.4573504028978098e-41,1.077,1.0,0.050456405189887296,2.802748391978888e-10,960.3759870644097,299.290735487401,nan,nan,1,14.092,961.2444747963344,299.77572183013365,0.0,1.077,1.0,3.262052137564131,-1.0763135586722805,0.08522792676692303,3.250357568593617,-1.0090265069846935,0.050456405189887296,0.05,nan,nan,nan,nan,nan,nan,nan,299.290735487401,0.7725447416305542,0.7725447416305542,1.0,0.0,290.0,442.673649340868,950.5477294921875,278.30462646484375,971.5119018554688,299.42034912109375,nan,nan,nan,nan,nan,0.0,nan,1.2227363725213938,nan,nan,nan,1.0,0.7725447416305542,0.7725447416305542,290.0,0.0,bbox_bottom,442.673649340868,nan,283.3504859881941,310.03619098919444,14.628,14.638000000000002,14.699000000000002,15.169,0.06099999999999994,0.5820000000000007,0.5820000000000007,126.25383773719821,0
15.115,15.707,1,1,3.300000000004068,-1.0,-4.891718495576449e-12,1,3.243570055788527,-1.0023969126902799,-1.4573504028978098e-41,1.120000000000001,1.0,0.05648082678762666,2.80274824362615e-10,961.8137911438895,300.9137802663145,nan,nan,1,15.115,961.8137911438895,300.9137802663145,0.0,0.5920000000000005,1.0,3.2630738883096795,-1.0919372411985748,0.0990756985545466,3.251417639486023,-1.0245122577396288,0.0544159584405101,0.05,nan,nan,nan,nan,nan,nan,nan,300.9137802663145,0.7725447416305542,0.7725447416305542,1.0,0.0,290.0,442.673649340868,950.5477294921875,278.30462646484375,971.5119018554688,299.42034912109375,nan,nan,nan,nan,nan,0.0,nan,1.2227363725213938,nan,nan,nan,1.0,0.7725447416305542,0.7725447416305542,290.0,0.0,bbox_bottom,442.673649340868,nan,252.86534198676236,269.42516601411626,15.148000000000001,15.177000000000001,15.258000000000001,15.706000000000001,0.08099999999999952,0.5910000000000011,0.5910000000000011,126.25383773719821,0
15.643,16.286,1,1,3.300000000004068,-1.0,-4.891718273157243e-12,1,3.251417639486023,-1.0245122577396288,-1.4573504028978098e-41,1.1710000000000012,1.0,0.0544159584405101,2.802748116189332e-10,959.770750141724,300.9342728958328,nan,nan,1,15.643,959.770750141724,300.9342728958328,0.0,0.6430000000000007,1.0,3.242273068804432,-1.0922182308794424,0.10879614281885949,3.230697829619513,-1.024736449456269,0.07358452793700919,0.05,nan,nan,nan,nan,nan,nan,nan,300.9342728958328,0.7725447416305542,0.7725447416305542,1.0,0.0,290.0,442.673649340868,950.5477294921875,278.30462646484375,971.5119018554688,299.42034912109375,nan,nan,nan,nan,nan,0.0,nan,1.2227363725213938,nan,nan,nan,1.0,0.7725447416305542,0.7725447416305542,290.0,0.0,bbox_bottom,442.673649340868,nan,224.20864200103097,241.11240199999884,15.671000000000001,15.709000000000001,15.792000000000002,16.286,0.08300000000000018,0.6430000000000007,0.6430000000000007,126.25383773719821,0
16.237,16.798000000000002,1,1,3.300000000004068,-1.0,-4.891717998895107e-12,1,3.230697829619513,-1.024736449456269,-1.4573504028978098e-41,1.1550000000000011,1.0,0.07358452793700919,2.8027479590487036e-10,962.3756910976105,300.20166052179417,nan,nan,1,16.237,962.3756910976105,300.20166052179417,0.0,0.5610000000000035,1.0,3.2717530309484166,-1.082166300479691,0.08688608746715332,3.2600368675978153,-1.0148518895994187,0.04263367889817881,0.05,nan,nan,nan,nan,nan,nan,nan,300.20166052179417,0.7725447416305542,0.7725447416305542,1.0,0.0,290.0,442.673649340868,950.5477294921875,278.30462646484375,971.5119018554688,299.42034912109375,nan,nan,nan,nan,nan,0.0,nan,1.2227363725213938,nan,nan,nan,1.0,0.7725447416305542,0.7725447416305542,290.0,0.0,bbox_bottom,442.673649340868,nan,357.19301001518033,380.6197689846158,16.255000000000003,16.290000000000003,16.36,16.797,0.06999999999999673,0.5600000000000023,0.5600000000000023,126.25383773719821,0
16.732,17.317,1,1,3.300000000004068,-1.0,-4.891717812793842e-12,1,3.2600368675978153,-1.0148518895994187,-1.4573504028978098e-41,1.0800000000000018,1.0,0.04263367889817881,2.802747852420533e-10,961.2942713041574,299.1064263065573,nan,nan,1,16.732,961.2942713041574,299.1064263065573,0.0,0.5850000000000009,1.0,3.2653587465568887,-1.0671039089150292,0.07551788551110424,3.2536265085862874,-0.9999083618084699,0.04637358196034814,0.05,nan,nan,nan,nan,nan,nan,nan,299.1064263065573,0.7725447416305542,0.7725447416305542,1.0,0.0,290.0,442.673649340868,950.5477294921875,278.30462646484375,971.5119018554688,299.42034912109375,nan,nan,nan,nan,nan,0.0,nan,1.2227363725213938,nan,nan,nan,1.0,0.7725447416305542,0.7725447416305542,290.0,0.0,bbox_bottom,442.673649340868,nan,254.25167600042187,264.6011169999838,16.761000000000003,16.798000000000002,16.868000000000002,17.316000000000003,0.07000000000000028,0.5840000000000032,0.5840000000000032,126.25383773719821,0
17.26,17.856,1,1,3.300000000004068,-1.0,-4.89171758884121e-12,1,3.2536265085862874,-0.9999083618084699,-1.4573504028978098e-41,1.1240000000000023,1.0,0.04637358196034814,2.8027477241051267e-10,962.487836357365,301.3806074375437,nan,nan,1,16.732,961.2942713041574,299.1064263065573,0.0,1.1240000000000023,1.0,3.2653587465568887,-1.0671039089150292,0.07551788551110424,3.2536265085862874,-0.9999083618084699,0.04637358196034814,0.05,nan,nan,nan,nan,nan,nan,nan,301.3806074375437,0.7725447416305542,0.7725447416305542,1.0,0.0,290.0,442.673649340868,950.5477294921875,278.30462646484375,971.5119018554688,299.42034912109375,nan,nan,nan,nan,nan,0.0,nan,1.2227363725213938,nan,nan,nan,1.0,0.7725447416305542,0.7725447416305542,290.0,0.0,bbox_bottom,442.673649340868,nan,269.74703499581665,297.4083329900168,17.285,17.323,17.384,17.855,0.06099999999999994,0.5949999999999989,0.5949999999999989,126.25383773719821,0
17.788,18.382,1,1,3.300000000004068,-1.0,-4.891717381105694e-12,1,3.256298365955392,-1.030863044440848,-1.4573504028978098e-41,1.1219999999999999,1.0,0.05350103111793429,2.802747605081443e-10,962.8314505436942,300.7354528858281,nan,nan,1,17.26,962.487836357365,301.3806074375437,0.0,1.1219999999999999,1.0,3.2679561504404777,-1.098332844108481,0.10342222452314993,3.256298365955392,-1.030863044440848,0.05350103111793429,0.05,nan,nan,nan,nan,nan,nan,nan,300.7354528858281,0.7725447416305542,0.7725447416305542,1.0,0.0,290.0,442.673649340868,950.5477294921875,278.30462646484375,971.5119018554688,299.42034912109375,nan,nan,nan,nan,nan,0.0,nan,1.2227363725213938,nan,nan,nan,1.0,0.7725447416305542,0.7725447416305542,290.0,0.0,bbox_bottom,442.673649340868,nan,255.98926199018024,274.11877299891785,17.821,17.856,17.904,18.382,0.047999999999998266,0.5940000000000012,0.5940000000000012,126.25383773719821,0
18.316,18.936,1,1,3.300000000004068,-1.0,-4.891717151048981e-12,1,3.262434281174822,-1.0221179557472235,-1.4573504028978098e-41,1.1479999999999997,1.0,0.043593430670160846,2.8027474732686563e-10,961.3871960844871,298.2120304888116,nan,nan,1,17.788,962.8314505436942,300.7354528858281,0.0,1.1479999999999997,1.0,3.2741398366314334,-1.0894920639973642,0.09315351613421627,3.262434281174822,-1.0221179557472235,0.043593430670160846,0.05,nan,nan,nan,nan,nan,nan,nan,298.2120304888116,0.7725447416305542,0.7725447416305542,1.0,0.0,290.0,442.673649340868,950.5477294921875,278.30462646484375,971.5119018554688,299.42034912109375,nan,nan,nan,nan,nan,0.0,nan,1.2227363725213938,nan,nan,nan,1.0,0.7725447416305542,0.7725447416305542,290.0,0.0,bbox_bottom,442.673649340868,nan,229.81482002069242,247.8528509964235,18.345000000000002,18.382,18.454,18.935000000000002,0.07199999999999918,0.6190000000000033,0.6190000000000033,126.25383773719821,0
18.877,19.493000000000002,1,1,3.300000000004068,-1.0,-4.891716933578681e-12,1,3.258271026769238,-0.9876997947908144,-1.4573504028978098e-41,1.1770000000000032,1.0,0.04350404872447206,2.8027473486673526e-10,961.025361540708,300.0768240561701,nan,nan,1,18.877,961.025361540708,300.0768240561701,0.0,0.6160000000000032,1.0,3.258569687501535,-1.080451646250496,0.0904927520770173,3.246899747350261,-1.0131182702005794,0.05469667124198271,0.05,nan,nan,nan,nan,nan,nan,nan,300.0768240561701,0.7725447416305542,0.7725447416305542,1.0,0.0,290.0,442.673649340868,950.5477294921875,278.30462646484375,971.5119018554688,299.42034912109375,nan,nan,nan,nan,nan,0.0,nan,1.2227363725213938,nan,nan,nan,1.0,0.7725447416305542,0.7725447416305542,290.0,0.0,bbox_bottom,442.673649340868,nan,208.23346701217815,227.0113310078159,18.923000000000002,18.939,18.992,19.493000000000002,0.053000000000000824,0.6160000000000032,0.6160000000000032,126.25383773719821,0
19.438,20.03,1,1,3.300000000004068,-1.0,-4.8917167355917765e-12,1,3.246899747350261,-1.0131182702005794,-1.4573504028978098e-41,1.1530000000000022,1.0,0.05469667124198271,2.8027472352292127e-10,959.7414542100786,299.81547118127577,nan,nan,1,19.438,959.7414542100786,299.81547118127577,0.0,0.5920000000000023,1.0,3.2466243617481405,-1.0768600771945835,0.09357579935851462,3.234990791469327,-1.0095278563197103,0.06570370796509489,0.05,nan,nan,nan,nan,nan,nan,nan,299.81547118127577,0.7725447416305542,0.7725447416305542,1.0,0.0,290.0,442.673649340868,950.5477294921875,278.30462646484375,971.5119018554688,299.42034912109375,nan,nan,nan,nan,nan,0.0,nan,1.2227363725213938,nan,nan,nan,1.0,0.7725447416305542,0.7725447416305542,290.0,0.0,bbox_bottom,442.673649340868,nan,263.4933639783412,285.93686199747026,19.469,19.504,19.586000000000002,20.03,0.08200000000000074,0.5920000000000023,0.5920000000000023,126.25383773719821,0
19.966,20.582,1,1,3.300000000004068,-1.0,-4.891716519441763e-12,1,3.234990791469327,-1.0095278563197103,-1.4573504028978098e-41,1.144000000000002,1.0,0.06570370796509489,2.8027471113843777e-10,961.4596793686503,300.1163918450566,nan,nan,1,19.966,961.4596793686503,300.1163918450566,0.0,0.6159999999999997,1.0,3.2628128596456283,-1.0809951770034376,0.08912408263682996,3.25112801958691,-1.0136679801563993,0.05074725757566434,0.05,nan,nan,nan,nan,nan,nan,nan,300.1163918450566,0.7725447416305542,0.7725447416305542,1.0,0.0,290.0,442.673649340868,950.5477294921875,278.30462646484375,971.5119018554688,299.42034912109375,nan,nan,nan,nan,nan,0.0,nan,1.2227363725213938,nan,nan,nan,1.0,0.7725447416305542,0.7725447416305542,290.0,0.0,bbox_bottom,442.673649340868,nan,247.59290801011957,265.67867799894884,19.999000000000002,20.03,20.128,20.581,0.09799999999999898,0.6149999999999984,0.6149999999999984,126.25383773719821,0
20.527,21.088,1,1,3.300000000004068,-1.0,-4.891716245512173e-12,1,3.25112801958691,-1.0136679801563993,-1.4573504028978098e-41,1.1219999999999999,1.0,0.05074725757566434,2.8027469544342835e-10,959.8456977070709,298.75864654905473,nan,nan,1,19.966,961.4596793686503,300.1163918450566,0.0,1.1219999999999999,1.0,3.2628128596456283,-1.0809951770034376,0.08912408263682996,3.25112801958691,-1.0136679801563993,0.05074725757566434,0.05,nan,nan,nan,nan,nan,nan,nan,298.75864654905473,0.7725447416305542,0.7725447416305542,1.0,0.0,290.0,442.673649340868,950.5477294921875,278.30462646484375,971.5119018554688,299.42034912109375,nan,nan,nan,nan,nan,0.0,nan,1.2227363725213938,nan,nan,nan,1.0,0.7725447416305542,0.7725447416305542,290.0,0.0,bbox_bottom,442.673649340868,nan,310.0272049778141,323.2749270100612,20.560000000000002,20.582,20.653000000000002,21.088,0.0710000000000015,0.5609999999999999,0.5609999999999999,126.25383773719821,0
21.022,21.616,1,1,3.300000000004068,-1.0,-4.891715958516867e-12,1,3.240393379232434,-0.9951251424661023,-1.4573504028978098e-41,1.0889999999999986,1.0,0.059805630803371736,2.802746789998086e-10,960.5933804266849,298.2505472133209,nan,nan,1,21.022,960.5933804266849,298.2505472133209,0.0,0.5940000000000012,1.0,3.2618164348021006,-1.0553037921411645,0.06720486646609782,3.250065943754376,-0.9882051923940851,0.051308161728987584,0.05,nan,nan,nan,nan,nan,nan,nan,298.2505472133209,0.7725447416305542,0.7725447416305542,1.0,0.0,290.0,442.673649340868,950.5477294921875,278.30462646484375,971.5119018554688,299.42034912109375,nan,nan,nan,nan,nan,0.0,nan,1.2227363725213938,nan,nan,nan,1.0,0.7725447416305542,0.7725447416305542,290.0,0.0,bbox_bottom,442.673649340868,nan,235.08835598477162,252.50921701081097,21.061,21.088,21.150000000000002,21.616,0.062000000000001165,0.5940000000000012,0.5940000000000012,126.25383773719821,0
21.55,22.122,1,1,3.300000000004068,-1.0,-4.891715728218306e-12,1,3.250065943754376,-0.9882051923940851,-1.4573504028978098e-41,1.1000000000000014,1.0,0.051308161728987584,2.80274665804673e-10,962.7691835509582,298.9244383926516,nan,nan,1,21.022,960.5933804266849,298.2505472133209,0.0,1.1000000000000014,1.0,3.2618164348021006,-1.0553037921411645,0.06720486646609782,3.250065943754376,-0.9882051923940851,0.051308161728987584,0.05,nan,nan,nan,nan,nan,nan,nan,298.9244383926516,0.7725447416305542,0.7725447416305542,1.0,0.0,290.0,442.673649340868,950.5477294921875,278.30462646484375,971.5119018554688,299.42034912109375,nan,nan,nan,nan,nan,0.0,nan,1.2227363725213938,nan,nan,nan,1.0,0.7725447416305542,0.7725447416305542,290.0,0.0,bbox_bottom,442.673649340868,nan,207.01341799576767,221.59509698394686,21.581000000000003,21.628,21.691000000000003,22.121000000000002,0.06300000000000239,0.5710000000000015,0.5710000000000015,126.25383773719821,0
22.078,22.630000000000003,1,1,3.300000000004068,-1.0,-4.8917155350092525e-12,1,3.269314693979827,-0.997465046541782,-1.4573504028978098e-41,1.0800000000000018,1.0,0.030789835901424683,2.8027465473460966e-10,961.3587853032883,299.16177657561985,nan,nan,1,21.55,962.7691835509582,298.9244383926516,0.0,1.0800000000000018,1.0,3.281114499030754,-1.0645969265558872,0.0673010034656225,3.269314693979827,-0.997465046541782,0.030789835901424683,0.05,nan,nan,nan,nan,nan,nan,nan,299.16177657561985,0.7725447416305542,0.7725447416305542,1.0,0.0,290.0,442.673649340868,950.5477294921875,278.30462646484375,971.5119018554688,299.42034912109375,nan,nan,nan,nan,nan,0.0,nan,1.2227363725213938,nan,nan,nan,1.0,0.7725447416305542,0.7725447416305542,290.0,0.0,bbox_bottom,442.673649340868,nan,214.5432429970242,241.58206200809218,22.109,22.128,22.201,22.630000000000003,0.0730000000000004,0.5520000000000032,0.5520000000000032,126.25383773719821,0
22.573,23.131,1,1,3.300000000004068,-1.0,-4.891715388051591e-12,1,3.2540507377880186,-1.0006648369662643,-1.4573504028978098e-41,1.0530000000000008,1.0,0.04595407170633513,2.802746463145559e-10,962.6132885526303,300.74071010817556,nan,nan,1,22.078,961.3587853032883,299.16177657561985,0.0,1.0530000000000008,1.0,3.26578254895951,-1.0678661376689114,0.07600425381570665,3.2540507377880186,-1.0006648369662643,0.04595407170633513,0.05,nan,nan,nan,nan,nan,nan,nan,300.74071010817556,0.7725447416305542,0.7725447416305542,1.0,0.0,290.0,442.673649340868,950.5477294921875,278.30462646484375,971.5119018554688,299.42034912109375,nan,nan,nan,nan,nan,0.0,nan,1.2227363725213938,nan,nan,nan,1.0,0.7725447416305542,0.7725447416305542,290.0,0.0,bbox_bottom,442.673649340868,nan,222.265800985042,241.25364000792615,22.618000000000002,22.644000000000002,22.697000000000003,23.131,0.053000000000000824,0.5579999999999998,0.5579999999999998,126.25383773719821,0
23.068,23.579,1,1,3.300000000004068,-1.0,-4.891715196794861e-12,1,3.260208480718951,-1.0221835853287369,-1.4573504028978098e-41,1.0060000000000002,1.0,0.04555739747895186,2.802746353563525e-10,961.663168296653,297.2168392404471,nan,nan,1,23.068,961.663168296653,297.2168392404471,0.0,0.5109999999999992,1.0,3.2770508260588103,-1.0410172258596362,0.047000823418213745,3.265202915567826,-0.9740869374493129,0.04338575683353689,0.05,nan,nan,nan,nan,nan,nan,nan,297.2168392404471,0.7725447416305542,0.7725447416305542,1.0,0.0,290.0,442.673649340868,950.5477294921875,278.30462646484375,971.5119018554688,299.42034912109375,nan,nan,nan,nan,nan,0.0,nan,1.2227363725213938,nan,nan,nan,1.0,0.7725447416305542,0.7725447416305542,290.0,0.0,bbox_bottom,442.673649340868,nan,248.01504498464055,259.1830809833482,23.095000000000002,23.131,23.192,23.578000000000003,0.06099999999999994,0.5100000000000016,0.5100000000000016,126.25383773719821,0
23.53,24.127000000000002,1,1,3.300000000004068,-1.0,-4.891714955202964e-12,1,3.265202915567826,-0.9740869374493129,-1.4573504028978098e-41,1.059000000000001,1.0,0.04338575683353689,2.802746215141564e-10,961.081844648088,300.1040353118703,nan,nan,1,23.068,961.663168296653,297.2168392404471,0.0,1.059000000000001,1.0,3.2770508260588103,-1.0410172258596362,0.047000823418213745,3.265202915567826,-0.9740869374493129,0.04338575683353689,0.05,nan,nan,nan,nan,nan,nan,nan,300.1040353118703,0.7725447416305542,0.7725447416305542,1.0,0.0,290.0,442.673649340868,950.5477294921875,278.30462646484375,971.5119018554688,299.42034912109375,nan,nan,nan,nan,nan,0.0,nan,1.2227363725213938,nan,nan,nan,1.0,0.7725447416305542,0.7725447416305542,290.0,0.0,bbox_bottom,442.673649340868,nan,198.2421189895831,222.72366198012605,23.563000000000002,23.586000000000002,23.649,24.126,0.06299999999999883,0.5960000000000001,0.5960000000000001,126.25383773719821,0
24.091,24.589000000000002,1,1,3.300000000004068,-1.0,-4.8917148256931514e-12,1,3.247358707343918,-1.013489913460337,-1.4573504028978098e-41,1.059000000000001,1.0,0.05434228057506395,2.8027461409379075e-10,962.0337772496703,298.80244207638617,nan,nan,1,23.53,961.081844648088,300.1040353118703,0.0,1.059000000000001,1.0,3.2590294099544788,-1.0808254539902236,0.09061646242122486,3.247358707343918,-1.013489913460337,0.05434228057506395,0.05,nan,nan,nan,nan,nan,nan,nan,298.80244207638617,0.7725447416305542,0.7725447416305542,1.0,0.0,290.0,442.673649340868,950.5477294921875,278.30462646484375,971.5119018554688,299.42034912109375,nan,nan,nan,nan,nan,0.0,nan,1.2227363725213938,nan,nan,nan,1.0,0.7725447416305542,0.7725447416305542,290.0,0.0,bbox_bottom,442.673649340868,nan,205.2979959989898,219.26271900883876,24.114,24.130000000000003,24.185000000000002,24.587000000000003,0.054999999999999716,0.4960000000000022,0.4960000000000022,126.25383773719821,0
24.52,25.107000000000003,1,1,3.300000000004068,-1.0,-4.891714628608319e-12,1,3.262373670504726,-0.9957808512327047,-1.4573504028978098e-41,1.0160000000000018,1.0,0.03786214320285662,2.8027460280166164e-10,962.8518270371565,298.09991815108043,nan,nan,1,24.52,962.8518270371565,298.09991815108043,0.0,0.5870000000000033,1.0,3.2854301740575895,-1.0532242758812729,0.05518245528423438,3.273582956112334,-0.9862059979467335,0.02980158889427425,0.05,nan,nan,nan,nan,nan,nan,nan,298.09991815108043,0.7725447416305542,0.7725447416305542,1.0,0.0,290.0,442.673649340868,950.5477294921875,278.30462646484375,971.5119018554688,299.42034912109375,nan,nan,nan,nan,nan,0.0,nan,1.2227363725213938,nan,nan,nan,1.0,0.7725447416305542,0.7725447416305542,290.0,0.0,bbox_bottom,442.673649340868,nan,230.7139259937685,261.3622510107234,24.55,24.597,24.672,25.106,0.07499999999999929,0.5860000000000021,0.5860000000000021,126.25383773719821,0
25.048,25.642000000000003,1,1,3.300000000004068,-1.0,-4.891714367664816e-12,1,3.273582956112334,-0.9862059979467335,-1.4573504028978098e-41,1.1220000000000034,1.0,0.02980158889427425,2.802745878507002e-10,960.3682876520129,300.3553991092078,nan,nan,1,24.52,962.8518270371565,298.09991815108043,0.0,1.1220000000000034,1.0,3.2854301740575895,-1.0532242758812729,0.05518245528423438,3.273582956112334,-0.9862059979467335,0.02980158889427425,0.05,nan,nan,nan,nan,nan,nan,nan,300.3553991092078,0.7725447416305542,0.7725447416305542,1.0,0.0,290.0,442.673649340868,950.5477294921875,278.30462646484375,971.5119018554688,299.42034912109375,nan,nan,nan,nan,nan,0.0,nan,1.2227363725213938,nan,nan,nan,1.0,0.7725447416305542,0.7725447416305542,290.0,0.0,bbox_bottom,442.673649340868,nan,249.7339959954843,261.0778289963491,25.067,25.107000000000003,25.187,25.642000000000003,0.0799999999999983,0.5940000000000047,0.5940000000000047,126.25383773719821,0
25.576,26.203000000000003,1,1,3.300000000004068,-1.0,-4.891714099816079e-12,1,3.2419024189135897,-1.0313970689212775,-1.4573504028978098e-41,0.6270000000000024,1.0,0.06603866189901313,2.80274572504098e-10,961.0788702876534,301.422741704739,nan,nan,1,25.576,961.0788702876534,301.422741704739,0.0,0.6270000000000024,1.0,3.2535028821078544,-1.0989097689122997,0.10929375260708607,3.2419024189135897,-1.0313970689212775,0.06603866189901313,0.05,nan,nan,nan,nan,nan,nan,nan,301.422741704739,0.7725447416305542,0.7725447416305542,1.0,0.0,290.0,442.673649340868,950.5477294921875,278.30462646484375,971.5119018554688,299.42034912109375,nan,nan,nan,nan,nan,0.0,nan,1.2227363725213938,nan,nan,nan,1.0,0.7725447416305542,0.7725447416305542,290.0,0.0,bbox_bottom,442.673649340868,nan,230.99365501548164,250.83787500625476,25.603,25.656000000000002,25.727,26.202,0.07099999999999795,0.6260000000000012,0.6260000000000012,126.25383773719821,0
26.137,26.764000000000003,1,1,3.300000000004068,-1.0,-4.891713836608358e-12,1,3.2419024189135897,-1.0313970689212775,-1.4573504028978098e-41,1.1880000000000024,1.0,0.06603866189901313,2.802745574234065e-10,961.2183348663406,298.78715503090154,nan,nan,1,26.137,961.2183348663406,298.78715503090154,0.0,0.6270000000000024,1.0,3.2659244952276243,-1.0627050983419466,0.07136574376998141,3.254178175816051,-0.9955506121700164,0.04603733945374289,0.05,nan,nan,nan,nan,nan,nan,nan,298.78715503090154,0.7725447416305542,0.7725447416305542,1.0,0.0,290.0,442.673649340868,950.5477294921875,278.30462646484375,971.5119018554688,299.42034912109375,nan,nan,nan,nan,nan,0.0,nan,1.2227363725213938,nan,nan,nan,1.0,0.7725447416305542,0.7725447416305542,290.0,0.0,bbox_bottom,442.673649340868,nan,235.01273401780054,247.66928900498897,26.181,26.203000000000003,26.270000000000003,26.764000000000003,0.06700000000000017,0.6270000000000024,0.6270000000000024,126.25383773719821,0
26.698,27.318,1,1,3.300000000004068,-1.0,-4.891713626507085e-12,1,3.2503373399930897,-0.9892816469975905,-1.4573504028978098e-41,0.620000000000001,1.0,0.050806130441613986,2.802745453854903e-10,960.6522521685953,298.32920300347456,nan,nan,1,26.698,960.6522521685953,298.32920300347456,0.0,0.620000000000001,1.0,3.2620859344386117,-1.0563893122152652,0.06795020897548723,3.2503373399930897,-0.9892816469975905,0.050806130441613986,0.05,nan,nan,nan,nan,nan,nan,nan,298.32920300347456,0.7725447416305542,0.7725447416305542,1.0,0.0,290.0,442.673649340868,950.5477294921875,278.30462646484375,971.5119018554688,299.42034912109375,nan,nan,nan,nan,nan,0.0,nan,1.2227363725213938,nan,nan,nan,1.0,0.7725447416305542,0.7725447416305542,290.0,0.0,bbox_bottom,442.673649340868,nan,220.49305701511912,250.67095100530423,26.739,26.774,26.846,27.310000000000002,0.07199999999999918,0.6120000000000019,0.6120000000000019,126.25383773719821,0
27.259,27.849,1,1,3.300000000004068,-1.0,-4.89171336283359e-12,1,3.2503373399930897,-0.9892816469975905,-1.4573504028978098e-41,1.1509999999999998,1.0,0.050806130441613986,2.8027453027811184e-10,959.7521355074415,300.05076061186196,nan,nan,1,27.259,959.7521355074415,300.05076061186196,0.0,0.5899999999999999,1.0,3.2457541121830515,-1.0800936272983859,0.09673471703221681,3.2341326460800914,-1.0127300372250132,0.06708622929258008,0.05,nan,nan,nan,nan,nan,nan,nan,300.05076061186196,0.7725447416305542,0.7725447416305542,1.0,0.0,290.0,442.673649340868,950.5477294921875,278.30462646484375,971.5119018554688,299.42034912109375,nan,nan,nan,nan,nan,0.0,nan,1.2227363725213938,nan,nan,nan,1.0,0.7725447416305542,0.7725447416305542,290.0,0.0,bbox_bottom,442.673649340868,nan,248.70977300452068,267.4665159720462,27.291,27.318,27.384,27.849,0.06599999999999895,0.5899999999999999,0.5899999999999999,126.25383773719821,0
27.787,28.447000000000003,1,1,3.300000000004068,-1.0,-4.891713072026248e-12,1,3.2341326460800914,-1.0127300372250132,-1.4573504028978098e-41,1.1880000000000024,1.0,0.06708622929258008,2.802745136160785e-10,961.6109814862409,300.7149079405349,nan,nan,1,27.259,959.7521355074415,300.05076061186196,0.0,1.1880000000000024,1.0,3.2457541121830515,-1.0800936272983859,0.09673471703221681,3.2341326460800914,-1.0127300372250132,0.06708622929258008,0.05,nan,nan,nan,nan,nan,nan,nan,300.7149079405349,0.7725447416305542,0.7725447416305542,1.0,0.0,290.0,442.673649340868,950.5477294921875,278.30462646484375,971.5119018554688,299.42034912109375,nan,nan,nan,nan,nan,0.0,nan,1.2227363725213938,nan,nan,nan,1.0,0.7725447416305542,0.7725447416305542,290.0,0.0,bbox_bottom,442.673649340868,nan,250.90032801381312,266.0433379933238,27.814,27.849,27.945,28.447000000000003,0.09600000000000009,0.6600000000000037,0.6600000000000037,126.25383773719821,0
28.381,28.963,1,1,3.300000000004068,-1.0,-4.8917128430589946e-12,1,3.250188728395541,-1.0218066919797901,-1.4573504028978098e-41,1.176000000000002,1.0,0.054375496267711605,2.802745004972212e-10,960.2752098825682,301.10945657353744,nan,nan,1,28.381,960.2752098825682,301.10945657353744,0.0,0.5820000000000007,1.0,3.246660145259691,-1.0946190340589508,0.10861814632187458,3.235074474906408,-1.0271270936904369,0.07036478537803292,0.05,nan,nan,nan,nan,nan,nan,nan,301.10945657353744,0.7725447416305542,0.7725447416305542,1.0,0.0,290.0,442.673649340868,950.5477294921875,278.30462646484375,971.5119018554688,299.42034912109375,nan,nan,nan,nan,nan,0.0,nan,1.2227363725213938,nan,nan,nan,1.0,0.7725447416305542,0.7725447416305542,290.0,0.0,bbox_bottom,442.673649340868,nan,216.75014300853945,231.28365800948814,28.431,28.447000000000003,28.502000000000002,28.961000000000002,0.054999999999999716,0.5800000000000018,0.5800000000000018,126.25383773719821,0
28.909,29.529000000000003,1,1,3.300000000004068,-1.0,-4.891712609679276e-12,1,3.235074474906408,-1.0271270936904369,-1.4573504028978098e-41,1.1480000000000032,1.0,0.07036478537803292,2.8027448712554835e-10,960.7424279660195,300.99475739993835,nan,nan,1,28.381,960.2752098825682,301.10945657353744,0.0,1.1480000000000032,1.0,3.246660145259691,-1.0946190340589508,0.10861814632187458,3.235074474906408,-1.0271270936904369,0.07036478537803292,0.05,nan,nan,nan,nan,nan,nan,nan,300.99475739993835,0.7725447416305542,0.7725447416305542,1.0,0.0,290.0,442.673649340868,950.5477294921875,278.30462646484375,971.5119018554688,299.42034912109375,nan,nan,nan,nan,nan,0.0,nan,1.2227363725213938,nan,nan,nan,1.0,0.7725447416305542,0.7725447416305542,290.0,0.0,bbox_bottom,442.673649340868,nan,220.53606499684975,241.01076598162763,28.942,28.966,29.041,29.529000000000003,0.07499999999999929,0.6200000000000045,0.6200000000000045,126.25383773719821,0
29.47,30.097,1,1,3.300000000004068,-1.0,-4.891712401998475e-12,1,3.2402635766263908,-1.0255830384092317,-1.4573504028978098e-41,1.1880000000000024,1.0,0.0649840913778545,2.8027447522631495e-10,960.5970298266456,298.68486582875147,nan,nan,1,28.909,960.7424279660195,300.99475739993835,0.0,1.1880000000000024,1.0,3.251873612259394,-1.0930472321973912,0.1047565588254308,3.2402635766263908,-1.0255830384092317,0.0649840913778545,0.05,nan,nan,nan,nan,nan,nan,nan,298.68486582875147,0.7725447416305542,0.7725447416305542,1.0,0.0,290.0,442.673649340868,950.5477294921875,278.30462646484375,971.5119018554688,299.42034912109375,nan,nan,nan,nan,nan,0.0,nan,1.2227363725213938,nan,nan,nan,1.0,0.7725447416305542,0.7725447416305542,290.0,0.0,bbox_bottom,442.673649340868,nan,225.67883299780078,247.47715800185688,29.494000000000003,29.539,29.602,30.097,0.06299999999999883,0.6270000000000024,0.6270000000000024,126.25383773719821,0
30.031,30.668000000000003,1,1,3.300000000004068,-1.0,-4.89171217442997e-12,1,3.2483079699716297,-0.9941378906055571,-1.4573504028978098e-41,1.198000000000004,1.0,0.05202336297690613,2.8027446218760007e-10,961.2796010453868,300.45180220596325,nan,nan,1,30.031,961.2796010453868,300.45180220596325,0.0,0.637000000000004,1.0,3.2595844836043852,-1.0856005393154546,0.09466185238494824,3.2479245561254877,-1.0182234759798787,0.05517197596552435,0.05,nan,nan,nan,nan,nan,nan,nan,300.45180220596325,0.7725447416305542,0.7725447416305542,1.0,0.0,290.0,442.673649340868,950.5477294921875,278.30462646484375,971.5119018554688,299.42034912109375,nan,nan,nan,nan,nan,0.0,nan,1.2227363725213938,nan,nan,nan,1.0,0.7725447416305542,0.7725447416305542,290.0,0.0,bbox_bottom,442.673649340868,nan,246.2002630054485,266.0178260121029,30.059,30.097,30.175,30.666,0.0779999999999994,0.6350000000000016,0.6350000000000016,126.25383773719821,0
30.625,31.241000000000003,1,1,3.300000000004068,-1.0,-4.891711876159469e-12,1,3.253702368583893,-0.9962003955495291,-1.4573504028978098e-41,0.6160000000000032,1.0,0.046453284804181934,2.802744450979592e-10,961.1908252505435,298.8348202969704,nan,nan,1,30.625,961.1908252505435,298.8348202969704,0.0,0.6160000000000032,1.0,3.265445061300227,-1.0633620444223535,0.07217196451674657,3.253702368583893,-0.9962003955495291,0.046453284804181934,0.05,nan,nan,nan,nan,nan,nan,nan,298.8348202969704,0.7725447416305542,0.7725447416305542,1.0,0.0,290.0,442.673649340868,950.5477294921875,278.30462646484375,971.5119018554688,299.42034912109375,nan,nan,nan,nan,nan,0.0,nan,1.2227363725213938,nan,nan,nan,1.0,0.7725447416305542,0.7725447416305542,290.0,0.0,bbox_bottom,442.673649340868,nan,243.36083998787217,264.8259559937287,30.658,30.672,30.757,31.237000000000002,0.08500000000000085,0.6120000000000019,0.6120000000000019,126.25383773719821,0
31.186,31.809,1,1,3.300000000004068,-1.0,-4.891711706404412e-12,1,3.253702368583893,-0.9962003955495291,-1.4573504028978098e-41,1.184000000000001,1.0,0.046453284804181934,2.8027443537171084e-10,959.6885959597514,298.01882890617634,nan,nan,1,30.625,961.1908252505435,298.8348202969704,0.0,1.184000000000001,1.0,3.265445061300227,-1.0633620444223535,0.07217196451674657,3.253702368583893,-0.9962003955495291,0.046453284804181934,0.05,nan,nan,nan,nan,nan,nan,nan,298.01882890617634,0.7725447416305542,0.7725447416305542,1.0,0.0,290.0,442.673649340868,950.5477294921875,278.30462646484375,971.5119018554688,299.42034912109375,nan,nan,nan,nan,nan,0.0,nan,1.2227363725213938,nan,nan,nan,1.0,0.7725447416305542,0.7725447416305542,290.0,0.0,bbox_bottom,442.673649340868,nan,247.41007899865508,276.5710800013039,31.219,31.244000000000003,31.318,31.809,0.07399999999999807,0.6230000000000011,0.6230000000000011,126.25383773719821,0
31.747,32.407000000000004,1,1,3.300000000004068,-1.0,-4.891711490406902e-12,1,3.2418515843549662,-0.9850133231334115,-1.4573504028978098e-41,1.2210000000000036,1.0,0.06004863633759102,2.8027442299596515e-10,961.532498523703,300.41006215437955,nan,nan,1,31.747,961.532498523703,300.41006215437955,0.0,0.6600000000000037,1.0,3.2623246666250547,-1.085027633188686,0.09300069435702897,3.2506526178089907,-1.0176628745728458,0.052413178377991185,0.05,nan,nan,nan,nan,nan,nan,nan,300.41006215437955,0.7725447416305542,0.7725447416305542,1.0,0.0,290.0,442.673649340868,950.5477294921875,278.30462646484375,971.5119018554688,299.42034912109375,nan,nan,nan,nan,nan,0.0,nan,1.2227363725213938,nan,nan,nan,1.0,0.7725447416305542,0.7725447416305542,290.0,0.0,bbox_bottom,442.673649340868,nan,225.82218100433238,240.62897599651478,31.771,31.817000000000004,31.875000000000004,32.407000000000004,0.05799999999999983,0.6600000000000037,0.6600000000000037,126.25383773719821,0
32.341,32.986000000000004,1,1,3.300000000004068,-1.0,-4.891711248072486e-12,1,3.2506526178089907,-1.0176628745728458,-1.4573504028978098e-41,1.2390000000000043,1.0,0.052413178377991185,2.802744091112259e-10,960.8655210812028,298.34598426286533,nan,nan,1,31.747,961.532498523703,300.41006215437955,0.0,1.2390000000000043,1.0,3.2623246666250547,-1.085027633188686,0.09300069435702897,3.2506526178089907,-1.0176628745728458,0.052413178377991185,0.05,nan,nan,nan,nan,nan,nan,nan,298.34598426286533,0.7725447416305542,0.7725447416305542,1.0,0.0,290.0,442.673649340868,950.5477294921875,278.30462646484375,971.5119018554688,299.42034912109375,nan,nan,nan,nan,nan,0.0,nan,1.2227363725213938,nan,nan,nan,1.0,0.7725447416305542,0.7725447416305542,290.0,0.0,bbox_bottom,442.673649340868,nan,215.62733899918385,233.2093500008341,32.374,32.414,32.493,32.985,0.07900000000000063,0.6439999999999984,0.6439999999999984,126.25383773719821,0
32.935,33.523,1,1,3.300000000004068,-1.0,-4.891711057063461e-12,1,3.2524291894568735,-0.9895166007875458,-1.4573504028978098e-41,1.1820000000000022,1.0,0.048712253850184,2.8027439816721495e-10,961.9028578264498,298.1399551763792,nan,nan,1,32.341,960.8655210812028,298.34598426286533,0.0,1.1820000000000022,1.0,3.264185256716671,-1.0566208726860737,0.06699715710740818,3.2524291894568735,-0.9895166007875458,0.048712253850184,0.05,nan,nan,nan,nan,nan,nan,nan,298.1399551763792,0.7725447416305542,0.7725447416305542,1.0,0.0,290.0,442.673649340868,950.5477294921875,278.30462646484375,971.5119018554688,299.42034912109375,nan,nan,nan,nan,nan,0.0,nan,1.2227363725213938,nan,nan,nan,1.0,0.7725447416305542,0.7725447416305542,290.0,0.0,bbox_bottom,442.673649340868,nan,213.8339440280106,231.54781400808133,32.980000000000004,32.991,33.050000000000004,33.523,0.059000000000004604,0.588000000000001,0.588000000000001,126.25383773719821,0
33.463,34.072,1,1,3.300000000004068,-1.0,-4.89171082536374e-12,1,3.2637968954861294,-0.9867282129318495,-1.4573504028978098e-41,1.1370000000000005,1.0,0.03855911187669034,2.802743848917988e-10,960.3167475787689,300.04136697463383,nan,nan,1,32.935,961.9028578264498,298.1399551763792,0.0,1.1370000000000005,1.0,3.275604711406245,-1.0537771003659842,0.05905172842131052,3.2637968954861294,-0.9867282129318495,0.03855911187669034,0.05,nan,nan,nan,nan,nan,nan,nan,300.04136697463383,0.7725447416305542,0.7725447416305542,1.0,0.0,290.0,442.673649340868,950.5477294921875,278.30462646484375,971.5119018554688,299.42034912109375,nan,nan,nan,nan,nan,0.0,nan,1.2227363725213938,nan,nan,nan,1.0,0.7725447416305542,0.7725447416305542,290.0,0.0,bbox_bottom,442.673649340868,nan,224.8506939795334,250.97264398937114,33.496,33.536,33.586000000000006,34.07,0.05000000000000426,0.6069999999999993,0.6069999999999993,126.25383773719821,0
34.024,34.618,1,1,3.300000000004068,-1.0,-4.891710549871759e-12,1,3.2398804836932857,-1.0126171747466295,-1.4573504028978098e-41,1.1550000000000011,1.0,0.06142922219945011,2.80274369107271e-10,958.7796745002536,299.8067187186601,nan,nan,1,33.463,960.3167475787689,300.04136697463383,0.0,1.1550000000000011,1.0,3.251524561348263,-1.0799645481347364,0.09351041178000083,3.2398804836932857,-1.0126171747466295,0.06142922219945011,0.05,nan,nan,nan,nan,nan,nan,nan,299.8067187186601,0.7725447416305542,0.7725447416305542,1.0,0.0,290.0,442.673649340868,950.5477294921875,278.30462646484375,971.5119018554688,299.42034912109375,nan,nan,nan,nan,nan,0.0,nan,1.2227363725213938,nan,nan,nan,1.0,0.7725447416305542,0.7725447416305542,290.0,0.0,bbox_bottom,442.673649340868,nan,246.3872319785878,262.1380989730824,34.057,34.075,34.145,34.618,0.07000000000000028,0.5940000000000012,0.5940000000000012,126.25383773719821,0
34.552,35.229,1,1,3.300000000004068,-1.0,-4.891710250627161e-12,1,3.225298441297363,-1.0093832686991597,-1.4573504028978098e-41,1.2049999999999983,1.0,0.07528856888460511,2.8027435196181846e-10,960.4481748374186,299.52962881857155,nan,nan,1,34.552,960.4481748374186,299.52962881857155,0.0,0.6769999999999996,1.0,3.254992742453101,-1.0729291337735452,0.0856989602341752,3.243316253759574,-1.0056541205637772,0.05696504338328852,0.05,nan,nan,nan,nan,nan,nan,nan,299.52962881857155,0.7725447416305542,0.7725447416305542,1.0,0.0,290.0,442.673649340868,950.5477294921875,278.30462646484375,971.5119018554688,299.42034912109375,nan,nan,nan,nan,nan,0.0,nan,1.2227363725213938,nan,nan,nan,1.0,0.7725447416305542,0.7725447416305542,290.0,0.0,bbox_bottom,442.673649340868,nan,230.1658059877809,249.77411699364893,34.585,34.63,34.698,35.229,0.06799999999999784,0.6769999999999996,0.6769999999999996,126.25383773719821,0
35.179,35.734,1,1,3.300000000004068,-1.0,-4.891710043691564e-12,1,3.243316253759574,-1.0056541205637772,-1.4573504028978098e-41,1.1820000000000022,1.0,0.05696504338328852,2.8027434010528216e-10,960.9541141476074,299.6224635161377,nan,nan,1,35.179,960.9541141476074,299.6224635161377,0.0,0.5549999999999997,1.0,3.259743949883486,-1.0742060977079053,0.0844221209656925,3.2480525852191353,-1.006931988999878,0.052407884658057756,0.05,nan,nan,nan,nan,nan,nan,nan,299.6224635161377,0.7725447416305542,0.7725447416305542,1.0,0.0,290.0,442.673649340868,950.5477294921875,278.30462646484375,971.5119018554688,299.42034912109375,nan,nan,nan,nan,nan,0.0,nan,1.2227363725213938,nan,nan,nan,1.0,0.7725447416305542,0.7725447416305542,290.0,0.0,bbox_bottom,442.673649340868,nan,181.23548701987602,198.33359000040218,35.21,35.236000000000004,35.29,35.729,0.05399999999999494,0.5499999999999972,0.5499999999999972,126.25383773719821,0
35.674,36.330000000000005,1,1,3.300000000004068,-1.0,-4.891709811400057e-12,1,3.2480525852191353,-1.006931988999878,-1.4573504028978098e-41,1.1510000000000034,1.0,0.052407884658057756,2.802743267959592e-10,961.7239876105351,298.66197937019535,nan,nan,1,35.179,960.9541141476074,299.6224635161377,0.0,1.1510000000000034,1.0,3.259743949883486,-1.0742060977079053,0.0844221209656925,3.2480525852191353,-1.006931988999878,0.052407884658057756,0.05,nan,nan,nan,nan,nan,nan,nan,298.66197937019535,0.7725447416305542,0.7725447416305542,1.0,0.0,290.0,442.673649340868,950.5477294921875,278.30462646484375,971.5119018554688,299.42034912109375,nan,nan,nan,nan,nan,0.0,nan,1.2227363725213938,nan,nan,nan,1.0,0.7725447416305542,0.7725447416305542,290.0,0.0,bbox_bottom,442.673649340868,nan,207.53125599003397,235.53984699537978,35.707,35.74,35.803000000000004,36.330000000000005,0.06300000000000239,0.6560000000000059,0.6560000000000059,126.25383773719821,0
36.268,36.864000000000004,1,1,3.300000000004068,-1.0,-4.891709589675529e-12,1,3.259818313301989,-0.9938552941937013,-1.4573504028978098e-41,1.1900000000000048,1.0,0.040648805095230174,2.802743140920795e-10,962.4507976961401,300.1464429100415,nan,nan,1,35.674,961.7239876105351,298.66197937019535,0.0,1.1900000000000048,1.0,3.2715911625486647,-1.060979467074818,0.06727226360318458,3.259818313301989,-0.9938552941937013,0.040648805095230174,0.05,nan,nan,nan,nan,nan,nan,nan,300.1464429100415,0.7725447416305542,0.7725447416305542,1.0,0.0,290.0,442.673649340868,950.5477294921875,278.30462646484375,971.5119018554688,299.42034912109375,nan,nan,nan,nan,nan,0.0,nan,1.2227363725213938,nan,nan,nan,1.0,0.7725447416305542,0.7725447416305542,290.0,0.0,bbox_bottom,442.673649340868,nan,174.2633739777375,200.46020901645534,36.319,36.351,36.397000000000006,36.864000000000004,0.04600000000000648,0.5960000000000036,0.5960000000000036,126.25383773719821,0
36.829,37.423,1,1,3.300000000004068,-1.0,-4.891709347312016e-12,1,3.2610247122398346,-1.014102924375193,-1.4573504028978098e-41,1.1550000000000011,1.0,0.04144834776245275,2.802743002056731e-10,961.8735483361314,300.58521310220476,nan,nan,1,36.268,962.4507976961401,300.1464429100415,0.0,1.1550000000000011,1.0,3.272746760825098,-1.081407917929649,0.08584863509332342,3.2610247122398346,-1.014102924375193,0.04144834776245275,0.05,nan,nan,nan,nan,nan,nan,nan,300.58521310220476,0.7725447416305542,0.7725447416305542,1.0,0.0,290.0,442.673649340868,950.5477294921875,278.30462646484375,971.5119018554688,299.42034912109375,nan,nan,nan,nan,nan,0.0,nan,1.2227363725213938,nan,nan,nan,1.0,0.7725447416305542,0.7725447416305542,290.0,0.0,bbox_bottom,442.673649340868,nan,251.9280079868622,266.6590859880671,36.859,36.870000000000005,36.943000000000005,37.423,0.0730000000000004,0.5940000000000012,0.5940000000000012,126.25383773719821,0
37.357,37.984,1,1,3.300000000004068,-1.0,-4.891709122259964e-12,1,3.2533766331219054,-1.0200519464248652,-1.4573504028978098e-41,1.1550000000000011,1.0,0.050752525994815396,2.8027428731114037e-10,961.817403895534,300.26442780167235,nan,nan,1,36.829,961.8735483361314,300.58521310220476,0.0,1.1550000000000011,1.0,3.265052705014668,-1.0874312174432539,0.09415694987989844,3.2533766331219054,-1.0200519464248652,0.050752525994815396,0.05,nan,nan,nan,nan,nan,nan,nan,300.26442780167235,0.7725447416305542,0.7725447416305542,1.0,0.0,290.0,442.673649340868,950.5477294921875,278.30462646484375,971.5119018554688,299.42034912109375,nan,nan,nan,nan,nan,0.0,nan,1.2227363725213938,nan,nan,nan,1.0,0.7725447416305542,0.7725447416305542,290.0,0.0,bbox_bottom,442.673649340868,nan,221.8254579929635,241.5127269923687,37.387,37.426,37.498000000000005,37.984,0.07200000000000273,0.6270000000000024,0.6270000000000024,126.25383773719821,0
37.918,38.516000000000005,1,1,3.300000000004068,-1.0,-4.891708942263252e-12,1,3.254133481848237,-1.0156906254375415,-1.4573504028978098e-41,1.159000000000006,1.0,0.048476109727993114,2.8027427699808845e-10,961.105409284571,297.99357527010403,nan,nan,1,37.918,961.105409284571,297.99357527010403,0.0,0.5980000000000061,1.0,3.2681044218089945,-1.0517557947571976,0.06079465600977785,3.2563200743744734,-0.9847055287966773,0.04628019827524725,0.05,nan,nan,nan,nan,nan,nan,nan,297.99357527010403,0.7725447416305542,0.7725447416305542,1.0,0.0,290.0,442.673649340868,950.5477294921875,278.30462646484375,971.5119018554688,299.42034912109375,nan,nan,nan,nan,nan,0.0,nan,1.2227363725213938,nan,nan,nan,1.0,0.7725447416305542,0.7725447416305542,290.0,0.0,bbox_bottom,442.673649340868,nan,197.97641798504628,223.86353099136613,37.947,38.001000000000005,38.062000000000005,38.504000000000005,0.06099999999999994,0.5860000000000056,0.5860000000000056,126.25383773719821,0
38.446,39.072,1,1,3.300000000004068,-1.0,-4.891708702773752e-12,1,3.2563200743744734,-0.9847055287966773,-1.4573504028978098e-41,1.1540000000000035,1.0,0.04628019827524725,2.8027426327635085e-10,960.8947705737911,298.65083448091707,nan,nan,1,38.446,960.8947705737911,298.65083448091707,0.0,0.6260000000000048,1.0,3.2632055405966094,-1.0608258330017089,0.07108877691618348,3.251464627499257,-0.9936811645859431,0.048944969763712425,0.05,nan,nan,nan,nan,nan,nan,nan,298.65083448091707,0.7725447416305542,0.7725447416305542,1.0,0.0,290.0,442.673649340868,950.5477294921875,278.30462646484375,971.5119018554688,299.42034912109375,nan,nan,nan,nan,nan,0.0,nan,1.2227363725213938,nan,nan,nan,1.0,0.7725447416305542,0.7725447416305542,290.0,0.0,bbox_bottom,442.673649340868,nan,249.03307101340033,269.32877299259417,38.479,38.521,38.597,39.072,0.07600000000000051,0.6260000000000048,0.6260000000000048,126.25383773719821,0
39.007,39.622,1,1,3.300000000004068,-1.0,-4.891708513348309e-12,1,3.251464627499257,-0.9936811645859431,-1.4573504028978098e-41,1.176000000000002,1.0,0.048944969763712425,2.8027425242307244e-10,959.6070739053127,299.67880191200675,nan,nan,1,39.007,959.6070739053127,299.67880191200675,0.0,0.615000000000002,1.0,3.24582837086446,-1.0749809596285427,0.0925024848880093,3.2341927885054598,-1.007663572192431,0.06625193902046318,0.05,nan,nan,nan,nan,nan,nan,nan,299.67880191200675,0.7725447416305542,0.7725447416305542,1.0,0.0,290.0,442.673649340868,950.5477294921875,278.30462646484375,971.5119018554688,299.42034912109375,nan,nan,nan,nan,nan,0.0,nan,1.2227363725213938,nan,nan,nan,1.0,0.7725447416305542,0.7725447416305542,290.0,0.0,bbox_bottom,442.673649340868,nan,238.57917700661346,260.32651000423357,39.042,39.080000000000005,39.142,39.620000000000005,0.06199999999999761,0.6130000000000067,0.6130000000000067,126.25383773719821,0
39.568,40.153000000000006,1,1,3.300000000004068,-1.0,-4.891708320257052e-12,1,3.2341927885054598,-1.007663572192431,-1.4573504028978098e-41,1.146000000000008,1.0,0.06625193902046318,2.8027424135975834e-10,960.4612662196805,298.3905446830823,nan,nan,1,39.568,960.4612662196805,298.3905446830823,0.0,0.585000000000008,1.0,3.2598862146073113,-1.0572357388046356,0.06989310105703947,3.2481483962648228,-0.9901147175250431,0.05278548683058074,0.05,nan,nan,nan,nan,nan,nan,nan,298.3905446830823,0.7725447416305542,0.7725447416305542,1.0,0.0,290.0,442.673649340868,950.5477294921875,278.30462646484375,971.5119018554688,299.42034912109375,nan,nan,nan,nan,nan,0.0,nan,1.2227363725213938,nan,nan,nan,1.0,0.7725447416305542,0.7725447416305542,290.0,0.0,bbox_bottom,442.673649340868,nan,235.9837670228444,254.8592289967928,39.61,39.623000000000005,39.691,40.152,0.06799999999999784,0.5840000000000032,0.5840000000000032,126.25383773719821,0
40.096,40.713,1,1,3.300000000004068,-1.0,-4.891708114096522e-12,1,3.2481483962648228,-0.9901147175250431,-1.4573504028978098e-41,1.1450000000000031,1.0,0.05278548683058074,2.802742295476301e-10,959.9868145937565,299.68876620080266,nan,nan,1,40.096,959.9868145937565,299.68876620080266,0.0,0.6170000000000044,1.0,3.2496434122535156,-1.0751179708604297,0.09043503456110061,3.2379934820802188,-1.0078093039032263,0.06249634783324221,0.05,nan,nan,nan,nan,nan,nan,nan,299.68876620080266,0.7725447416305542,0.7725447416305542,1.0,0.0,290.0,442.673649340868,950.5477294921875,278.30462646484375,971.5119018554688,299.42034912109375,nan,nan,nan,nan,nan,0.0,nan,1.2227363725213938,nan,nan,nan,1.0,0.7725447416305542,0.7725447416305542,290.0,0.0,bbox_bottom,442.673649340868,nan,246.92297098226845,275.81160998670384,40.121,40.158,40.225,40.71,0.06700000000000017,0.6140000000000043,0.6140000000000043,126.25383773719821,0
40.657,41.274,1,1,3.3000000000043075,-0.9999999999999991,0.008999999977366687,1,3.2379934820802188,-1.0078093039032263,-1.4573504028978098e-41,1.1780000000000044,1.0,0.062496347833479814,-0.5156620143209476,961.3884876229985,300.7428065908606,nan,nan,1,40.096,959.9868145937565,299.68876620080266,0.0,1.1780000000000044,1.0,3.2496434122535156,-1.0751179708604297,0.09043503456123464,3.2379934820802188,-1.0078093039032263,0.062496347833479814,0.05,nan,nan,nan,nan,nan,nan,nan,300.7428065908606,0.7725447416305542,0.7725447416305542,1.0,0.0,290.0,442.673649340868,950.5477294921875,278.30462646484375,971.5119018554688,299.42034912109375,nan,nan,nan,nan,nan,0.0,nan,1.2227363725213938,nan,nan,nan,1.0,0.7725447416305542,0.7725447416305542,290.0,0.0,bbox_bottom,442.673649340868,nan,190.1167619798798,212.21499601961114,40.690000000000005,40.717000000000006,40.777,41.274,0.05999999999999517,0.6170000000000044,0.6170000000000044,126.7694997518014,0
41.218,41.838,1,1,3.300000000005608,-0.9999999999994968,0.5689999998453907,1,3.24782592343772,-1.0221796924507867,0.018002384856630995,1.1810000000000045,1.0,0.05669279515904679,-31.5698378606302,961.015901005304,300.4621888803066,nan,nan,1,40.657,961.3884876229985,300.7428065908606,0.0,1.1810000000000045,1.0,3.2594746275662443,-1.0895929702870797,0.09833212158954378,3.24782592343772,-1.0221796924507867,0.05669279515904679,0.05,nan,nan,nan,nan,nan,nan,nan,300.4621888803066,0.7725447416305542,0.7725447416305542,1.0,0.0,290.0,442.673649340868,950.5477294921875,278.30462646484375,971.5119018554688,299.42034912109375,nan,nan,nan,nan,nan,0.0,nan,1.2227363725213938,nan,nan,nan,1.0,0.7725447416305542,0.7725447416305542,290.0,0.0,bbox_bottom,442.673649340868,nan,236.73449401394464,254.39588198787533,41.251000000000005,41.278000000000006,41.354,41.836000000000006,0.0759999999999934,0.6180000000000021,0.6180000000000021,158.85513627157357,0
41.779,42.357,1,1,3.37110363102334,-0.9057091782090421,1.0546818675485359,1,3.2452166969851803,-1.0183576609206872,0.5812883096275128,1.1389999999999958,1.0,0.1689295735469778,-27.123452917556506,963.3580143384912,300.75490196427467,nan,nan,1,41.779,963.3580143384912,300.75490196427467,0.0,0.5779999999999959,1.0,3.2793986032875524,-1.0897587750267372,0.20563089797201617,3.2676734809625163,-1.0223959867662489,0.15592821179270522,0.05,nan,nan,nan,nan,nan,nan,nan,300.75490196427467,0.9069395065307617,0.9069395065307617,1.0,0.0,291.0,458.0620595216751,950.0250854492188,280.40789794921875,973.8864135742188,299.604736328125,nan,nan,nan,nan,nan,0.0,nan,2.2768260025711946,nan,nan,nan,1.0,0.9069395065307617,0.9069395065307617,291.0,0.0,bbox_bottom,458.0620595216751,nan,200.57114999508485,221.0985410201829,41.812000000000005,41.844,41.908,42.355000000000004,0.06400000000000006,0.5760000000000005,0.5760000000000005,173.3014746225372,0
42.307,42.947,1,1,3.4273526915252877,-0.6892402705669267,1.598014767588505,1,3.2676734809625163,-1.0223959867662489,1.0638323182889187,1.1679999999999993,1.0,0.3694457761596865,-30.60639983482738,964.1179419433324,296.2681734652972,nan,nan,1,41.779,963.3580143384912,300.75490196427467,0.0,1.1679999999999993,1.0,3.2793986032875524,-1.0897587750267372,0.4269724635629127,3.2676734809625163,-1.0223959867662489,0.3694457761596865,0.05,nan,nan,nan,nan,nan,nan,nan,296.2681734652972,0.8863836526870728,0.8863836526870728,1.0,0.0,293.0,432.5194751508534,955.3076171875,275.6884765625,977.6588745117188,295.03948974609375,nan,nan,nan,nan,nan,0.0,nan,2.0543224751206677,nan,nan,nan,1.0,0.8863836526870728,0.8863836526870728,293.0,0.0,bbox_bottom,432.5194751508534,nan,220.06507002515718,239.81963901314884,42.34,42.36,42.421,42.946000000000005,0.06099999999999994,0.6390000000000029,0.6390000000000029,142.9731035738157,0
42.901,43.49,1,1,3.375842290835356,-0.4583168514471857,1.9180716809463927,1,3.294097112756443,-0.9611362566278843,1.6037858218889145,1.1829999999999998,1.0,0.5094208754707885,-18.00725328463694,968.9858907602018,280.7505230618377,nan,nan,1,42.901,968.9858907602018,280.7505230618377,0.0,0.5889999999999986,1.0,3.424153070699549,-0.8082098712371321,0.3532124810207226,3.411107895854486,-0.7437584059673241,0.28761179381979185,0.05,nan,nan,nan,nan,nan,nan,nan,280.7505230618377,0.8772331476211548,0.8772331476211548,1.0,0.0,290.0,455.7898161560297,957.0067138671875,260.7474060058594,980.2858276367188,280.3267517089844,nan,nan,nan,nan,nan,0.0,nan,1.9664857563090543,nan,nan,nan,1.0,0.8772331476211548,0.8772331476211548,290.0,0.0,bbox_bottom,455.7898161560297,nan,220.45079799136147,238.8248530041892,42.934000000000005,42.954,43.011,43.488,0.05700000000000216,0.5869999999999962,0.5869999999999962,126.29686272474767,0
43.429,44.086000000000006,1,1,3.2749843821591673,-0.2669699020890075,2.1788586168779127,1,3.411107895854486,-0.7437584059673241,1.9232822987465676,1.1850000000000023,1.0,0.4958395793109735,-14.643444372418932,960.0202447517206,265.92581746300516,nan,nan,1,42.901,968.9858907602018,280.7505230618377,0.0,1.1850000000000023,1.0,3.424153070699549,-0.8082098712371321,0.5614196307970716,3.411107895854486,-0.7437584059673241,0.4958395793109735,0.05,nan,nan,nan,nan,nan,nan,nan,265.92581746300516,0.8742220997810364,0.8742220997810364,1.0,0.0,293.0,461.1109403818846,948.092041015625,245.59359741210938,971.2059936523438,265.5430603027344,nan,nan,nan,nan,nan,0.0,nan,1.9388168072166807,nan,nan,nan,1.0,0.8742220997810364,0.8742220997810364,293.0,0.0,bbox_bottom,461.1109403818846,nan,228.02769899135455,250.0259219959844,43.458000000000006,43.492000000000004,43.556000000000004,44.086000000000006,0.06400000000000006,0.6570000000000036,0.6570000000000036,113.12105180901729,0
44.023,44.677,1,1,3.133023953045667,-0.02610902127684467,1.9256601695451172,1,3.383459488634259,-0.5272690329734007,2.171997240027688,1.2479999999999976,1.0,0.5602493327164586,14.114074476268003,949.9823475698618,254.4270821748598,nan,nan,1,44.023,949.9823475698618,254.4270821748598,0.0,0.6539999999999964,1.0,3.341921654646694,-0.4143703643658583,0.44089127942325695,3.3281283927386767,-0.35324851905390314,0.3809015534147233,0.05,nan,nan,nan,nan,nan,nan,nan,254.4270821748598,0.8442581295967102,0.8442581295967102,1.0,0.0,293.0,445.0219258731231,938.2643432617188,235.26507568359375,961.0615234375,254.78599548339844,nan,nan,nan,nan,nan,0.0,nan,1.6902583287329003,nan,nan,nan,1.0,0.8442581295967102,0.8442581295967102,293.0,0.0,bbox_bottom,445.0219258731231,nan,212.13167798123322,230.98200498498045,44.051,44.099000000000004,44.171,44.675000000000004,0.07199999999999562,0.652000000000001,0.652000000000001,129.8828007796887,0
44.617,45.300000000000004,1,1,3.0602706604634076,0.28235375542348695,1.8020871836142138,1,3.3281283927386767,-0.35324851905390314,1.9154808590838606,1.277000000000001,0.0,0.6897376429197418,6.4969790278868915,926.9878910688115,237.80978644396757,nan,nan,1,44.617,926.9878910688115,237.80978644396757,0.0,0.6830000000000069,1.0,3.1655944085841705,-0.15088739774220988,0.44585983079276015,3.1517686957667457,-0.09167659786192384,0.3850592105679075,0.05,nan,nan,nan,nan,nan,nan,nan,237.80978644396757,0.8675636053085327,0.8675636053085327,1.0,0.0,294.0,351.6142201423645,918.9857177734375,220.167236328125,938.7933349609375,237.918701171875,nan,nan,nan,nan,nan,0.0,nan,1.8795863392678396,nan,nan,nan,1.0,0.8675636053085327,0.8675636053085327,294.0,0.0,bbox_bottom,351.6142201423645,nan,231.82759201154113,247.21307298750617,44.644000000000005,44.679,44.759,45.299,0.0799999999999983,0.6820000000000022,0.6820000000000022,138.85828903990924,0
45.244,45.937000000000005,0,1,2.972044264580927,0.6118259229491223,1.8126270542454994,1,3.1517686957667457,-0.09167659786192384,1.789595398784808,1.3200000000000074,0.0,0.7260968722922324,-1.31961665309706,1262.848795006948,24.15754645391972,nan,nan,1,44.617,926.9878910688115,237.80978644396757,0.0,1.3200000000000074,0.0,3.1655944085841705,-0.15088739774220988,0.7868883451949681,3.1517686957667457,-0.09167659786192384,0.7260968722922324,0.05,nan,nan,nan,nan,nan,nan,nan,16.151204993052033,0.00079871661728248,0.00079871661728248,0.0,0.0,293.0,710.422067760257,1247.3050537109375,1.3485794067382812,1280.0,23.077383041381836,nan,nan,nan,nan,nan,0.0,nan,-7.131705311084118,nan,nan,nan,1.0,0.00079871661728248,0.00079871661728248,293.0,0.0,bbox_bottom,710.422067760257,nan,214.70390100148506,233.0689960217569,45.277,45.305,45.371,45.937000000000005,0.0660000000000025,0.693000000000005,0.693000000000005,140.21150143692626,0
45.871,46.582,0,1,2.87615293962311,0.9548354634051097,1.9121402527891325,1,3.1517686957667457,-0.09167659786192384,1.789595398784808,1.9650000000000034,0.0,1.0821975510099824,-7.021302935494645,1263.3640044900983,23.16156793118025,nan,nan,1,44.617,926.9878910688115,237.80978644396757,0.0,1.9650000000000034,0.0,3.1655944085841705,-0.15088739774220988,1.142978306713715,3.1517686957667457,-0.09167659786192384,1.0821975510099824,0.05,nan,nan,nan,nan,nan,nan,nan,15.635995509901704,0.0007986842538230121,0.0007986842538230121,0.0,0.0,293.0,710.4433004298771,1247.3055419921875,1.3483150005340576,1280.0,23.078092575073242,nan,nan,nan,nan,nan,0.0,nan,-7.131745863620966,nan,nan,nan,1.0,0.0007986842538230121,0.0007986842538230121,293.0,0.0,bbox_bottom,710.4433004298771,nan,247.06325001898222,266.3739279960282,45.904,45.95,46.02,46.582,0.07000000000000028,0.7109999999999985,0.7109999999999985,136.42558256955547,0
46.531,47.244,0,1,2.741192131478206,1.2883314503312944,1.9532840911392635,1,3.1517686957667457,-0.09167659786192384,1.789595398784808,2.6270000000000024,0.0,1.4397900292129533,-9.378671225925652,1262.8031040053274,22.567529234982732,nan,nan,1,44.617,926.9878910688115,237.80978644396757,0.0,2.6270000000000024,0.0,3.1655944085841705,-0.15088739774220988,1.5004893153444154,3.1517686957667457,-0.09167659786192384,1.4397900292129533,0.05,nan,nan,nan,nan,nan,nan,nan,16.19689599467256,0.0007987493299879134,0.0007987493299879134,0.0,0.0,293.0,710.4467246951535,1247.305419921875,1.3483505249023438,1280.0,23.07815170288086,nan,nan,nan,nan,nan,0.0,nan,-7.131664322598452,nan,nan,nan,1.0,0.0007987493299879134,0.0007987493299879134,293.0,0.0,bbox_bottom,710.4467246951535,nan,252.34795099822804,274.04453401686624,46.564,46.587,46.662000000000006,47.242000000000004,0.07500000000000284,0.7110000000000056,0.7110000000000056,136.09574545593998,0
47.191,47.905,0,1,2.637263853733997,1.5668356760190347,2.122678137637893,1,3.1517686957667457,-0.09167659786192384,1.789595398784808,3.288000000000004,0.0,1.736484435602269,-19.08423516493995,1263.6412379344072,21.592663985047977,nan,nan,1,44.617,926.9878910688115,237.80978644396757,0.0,3.288000000000004,0.0,3.1655944085841705,-0.15088739774220988,1.797138206516146,3.1517686957667457,-0.09167659786192384,1.736484435602269,0.05,nan,nan,nan,nan,nan,nan,nan,15.358762065592828,0.0007986523560248315,0.0007986523560248315,0.0,0.0,293.0,710.4416401020717,1247.3055419921875,1.3483123779296875,1280.0,23.078039169311523,nan,nan,nan,nan,nan,0.0,nan,-7.131785834274755,nan,nan,nan,1.0,0.0007986523560248315,0.0007986523560248315,293.0,0.0,bbox_bottom,710.4416401020717,nan,258.1364059878979,286.20045000570826,47.219,47.247,47.315000000000005,47.901,0.06800000000000495,0.7100000000000009,0.7100000000000009,127.91449091915013,0
47.851,48.564,0,1,2.4885347646991076,1.6737363059845305,2.752393796010775,1,3.1517686957667457,-0.09167659786192384,1.789595398784808,3.9470000000000027,0.0,1.8858849297841591,-55.16428468300807,1263.9530898994508,22.971457653778813,nan,nan,1,44.617,926.9878910688115,237.80978644396757,0.0,3.9470000000000027,0.0,3.1655944085841705,-0.15088739774220988,1.9461915171892143,3.1517686957667457,-0.09167659786192384,1.8858849297841591,0.05,nan,nan,nan,nan,nan,nan,nan,15.046910100549212,0.0007990329759195447,0.0007990329759195447,0.0,0.0,293.0,710.4293448145909,1247.3048095703125,1.3486659526824951,1280.0,23.077529907226562,nan,nan,nan,nan,nan,0.0,nan,-7.131308989187934,nan,nan,nan,1.0,0.0007990329759195447,0.0007990329759195447,293.0,0.0,bbox_bottom,710.4293448145909,nan,284.96264800196514,307.2781820083037,47.884,47.907000000000004,47.995000000000005,48.563,0.08800000000000097,0.7120000000000033,0.7120000000000033,93.16803668735669,0
48.511,49.191,0,1,2.264615385259087,1.6930282107521086,-2.9721843754996224,1,3.1517686957667457,-0.09167659786192384,1.789595398784808,4.574000000000005,0.0,1.9930409554835418,-87.17011596274439,1262.4696757028073,20.676893782551446,nan,nan,1,44.617,926.9878910688115,237.80978644396757,0.0,4.574000000000005,0.0,3.1655944085841705,-0.15088739774220988,2.052264108666522,3.1517686957667457,-0.09167659786192384,1.9930409554835418,0.05,nan,nan,nan,nan,nan,nan,nan,16.530324297192692,0.0007954391767270863,0.0007954391767270863,0.0,0.0,293.0,710.2703626999573,1247.310791015625,1.347150206565857,1280.0,23.07512664794922,nan,nan,nan,nan,nan,0.0,nan,-7.135820416577246,nan,nan,nan,1.0,0.0007954391767270863,0.0007954391767270863,293.0,0.0,bbox_bottom,710.2703626999573,nan,251.3874180149287,272.8132240008563,48.544000000000004,48.566,48.64,49.189,0.07399999999999807,0.6779999999999973,0.6779999999999973,62.81780612898433,0
49.138,49.809000000000005,0,1,1.9577249506213101,1.5991310577262312,-2.810202434937073,1,3.1517686957667457,-0.09167659786192384,1.789595398784808,5.192000000000007,0.0,2.069920528309348,-96.45099751431744,1264.1663724463804,22.779312628537138,nan,nan,1,44.617,926.9878910688115,237.80978644396757,0.0,5.192000000000007,0.0,3.1655944085841705,-0.15088739774220988,2.12638501263521,3.1517686957667457,-0.09167659786192384,2.069920528309348,0.05,nan,nan,nan,nan,nan,nan,nan,14.833627553619635,0.000797801127191633,0.000797801127191633,0.0,0.0,293.0,710.3849864823278,1247.306640625,1.3481725454330444,1280.0,23.07689666748047,nan,nan,nan,nan,nan,0.0,nan,-7.132853086079143,nan,nan,nan,1.0,0.000797801127191633,0.000797801127191633,293.0,0.0,bbox_bottom,710.3849864823278,nan,281.3687429879792,307.7702160226181,49.183,49.193000000000005,49.268,49.808,0.07499999999999574,0.6700000000000017,0.6700000000000017,55.59549816893881,0
49.765,50.429,0,1,1.6581852439885139,1.541454936131212,3.1386642828409412,1,3.1517686957667457,-0.09167659786192384,1.789595398784808,5.812000000000005,0.0,2.213122259331497,-77.29595332884024,1263.1253870945943,22.838922427031825,nan,nan,1,44.617,926.9878910688115,237.80978644396757,0.0,5.812000000000005,0.0,3.1655944085841705,-0.15088739774220988,2.2663417581042617,3.1517686957667457,-0.09167659786192384,2.213122259331497,0.05,nan,nan,nan,nan,nan,nan,nan,15.874612905405684,0.0007953660096973181,0.0007953660096973181,0.0,0.0,293.0,710.2694079698995,1247.310791015625,1.3471298217773438,1280.0,23.075077056884766,nan,nan,nan,nan,nan,0.0,nan,-7.135912477219263,nan,nan,nan,1.0,0.0007953660096973181,0.0007953660096973181,293.0,0.0,bbox_bottom,710.2694079698995,nan,277.6559639896732,311.2532469967846,49.79600000000001,49.815000000000005,49.893,50.425000000000004,0.07799999999999585,0.6600000000000037,0.6600000000000037,76.91668316498489,0
50.392,51.127,0,1,1.2768167761704263,1.5550618938150182,-3.0883013313647565,1,3.1517686957667457,-0.09167659786192384,1.789595398784808,6.510000000000005,0.0,2.495434303035921,-80.51710446176534,1265.4691859018187,23.02836027056438,nan,nan,1,44.617,926.9878910688115,237.80978644396757,0.0,6.510000000000005,0.0,3.1655944085841705,-0.15088739774220988,2.5451412397097095,3.1517686957667457,-0.09167659786192384,2.495434303035921,0.05,nan,nan,nan,nan,nan,nan,nan,13.530814098181281,0.000798719993326813,0.000798719993326813,0.0,0.0,292.0,710.447285934817,1247.305419921875,1.3483428955078125,1280.0,23.078161239624023,nan,nan,nan,nan,nan,0.0,nan,-7.131701080878081,nan,nan,nan,1.0,0.000798719993326813,0.000798719993326813,292.0,0.0,bbox_bottom,710.447285934817,nan,229.87568099051714,258.60594600089826,50.418000000000006,50.436,50.506,51.125,0.07000000000000028,0.732999999999997,0.732999999999997,76.6883455033302,0
51.085,51.771,1,1,0.9614765431463481,1.4954766747086912,-2.901193749738769,1,3.1517686957667457,-0.09167659786192384,1.789595398784808,7.1540000000000035,0.0,2.704890981992085,-91.23757920383397,758.1649273684573,143.7632170473168,nan,nan,1,44.617,926.9878910688115,237.80978644396757,0.0,7.1540000000000035,0.0,3.1655944085841705,-0.15088739774220988,2.7511179952519846,3.1517686957667457,-0.09167659786192384,2.704890981992085,0.05,nan,nan,nan,nan,nan,nan,nan,143.7632170473168,0.8893352746963501,0.8893352746963501,1.0,0.0,293.0,264.0139272212982,751.0358276367188,126.50590515136719,765.1207885742188,145.2502899169922,nan,nan,nan,nan,nan,0.0,nan,2.083969163649335,nan,nan,nan,1.0,0.8893352746963501,0.8893352746963501,293.0,0.0,bbox_bottom,264.0139272212982,nan,204.7654610069003,234.39646398765035,51.108000000000004,51.139,51.193000000000005,51.771,0.054000000000002046,0.6859999999999999,0.6859999999999999,68.40030835029206,0
51.712,52.410000000000004,1,1,0.9202355692172768,1.485633272263692,2.8082007897264285,1,1.4876088911693213,1.6524194158096859,-2.901957397848897,1.3250000000000028,0.0,0.5913798306856967,32.83203549986237,734.8763429726062,146.39757526371773,nan,nan,1,51.712,734.8763429726062,146.39757526371773,0.0,0.6980000000000004,1.0,1.1991110591228755,1.5483135869295999,0.2858327495524348,1.1882757004041347,1.5973638322075687,0.2903949551077639,0.05,nan,nan,nan,nan,nan,nan,nan,146.39757526371773,0.8983955979347229,0.8983955979347229,1.0,0.0,294.0,244.54012698307633,726.556396484375,127.1559066772461,739.901611328125,145.48008728027344,nan,nan,nan,nan,nan,0.0,nan,2.179523641897743,nan,nan,nan,1.0,0.8983955979347229,0.8983955979347229,294.0,0.0,bbox_bottom,244.54012698307633,nan,264.1080309986137,291.7839309957344,51.745000000000005,51.777,51.84,52.408,0.06300000000000239,0.695999999999998,0.695999999999998,101.59743595126814,0
52.372,53.065000000000005,1,1,0.7198227547206324,1.619579436294666,2.560372459962565,1,1.1882757004041347,1.5973638322075687,2.8067466252051756,1.3530000000000015,0.0,0.46897941893488776,14.116199849460326,727.5736182166146,145.53543518238357,nan,nan,1,51.712,734.8763429726062,146.39757526371773,0.0,1.3530000000000015,0.0,1.1991110591228755,1.5483135869295999,0.4845576333342625,1.1882757004041347,1.5973638322075687,0.46897941893488776,0.05,nan,nan,nan,nan,nan,nan,nan,145.53543518238357,0.8849911689758301,0.8849911689758301,1.0,0.0,294.0,212.84777395427227,720.0490112304688,129.00753784179688,732.96435546875,145.48776245117188,nan,nan,nan,nan,nan,0.0,nan,2.0405687494703058,nan,nan,nan,1.0,0.8849911689758301,0.8849911689758301,294.0,0.0,bbox_bottom,212.84777395427227,nan,323.3514089952223,357.4168040067889,52.402,52.418000000000006,52.510000000000005,53.065000000000005,0.09199999999999875,0.693000000000005,0.693000000000005,117.52821133591995,0
52.999,53.67100000000001,1,1,0.6552724062350803,1.653414507177112,-3.1281169366640422,1,1.097801669395328,1.6158228532760823,2.563387899381273,1.2990000000000066,0.0,0.4441230473598129,-33.90079381630589,712.7632734411684,141.48042864661784,nan,nan,1,52.999,712.7632734411684,141.48042864661784,0.0,0.6720000000000041,1.0,0.9268953735190494,1.6538707797645853,0.2716233505073196,0.9168246907087496,1.7026813265879726,0.2661518683163009,0.05,nan,nan,nan,nan,nan,nan,nan,141.48042864661784,0.9047204852104187,0.9047204852104187,1.0,0.0,294.0,246.32588231563568,704.4484252929688,124.46177673339844,719.2448120117188,141.10948181152344,nan,nan,nan,nan,nan,0.0,nan,2.250811207307599,nan,nan,nan,1.0,0.9047204852104187,0.9047204852104187,294.0,0.0,bbox_bottom,246.32588231563568,nan,274.56766000250354,296.9048270024359,53.032000000000004,53.074000000000005,53.146,53.669000000000004,0.07199999999999562,0.6700000000000017,0.6700000000000017,83.99405416203462,0
53.626,54.27,1,1,0.5921576330139238,1.6179207790044812,-2.529292130367758,1,0.9168246907087496,1.7026813265879726,-3.1222021419044044,1.2710000000000008,0.0,0.33554887688512486,-33.971241292102796,705.3461907868434,137.5668469585839,nan,nan,1,53.626,705.3461907868434,137.5668469585839,0.0,0.6440000000000055,1.0,0.8376809181066165,1.7390851432239185,0.2737927805465442,0.8277239198121404,1.7873616065047062,0.2901752392949142,0.05,nan,nan,nan,nan,nan,nan,nan,137.5668469585839,0.7916872501373291,0.7916872501373291,1.0,0.0,294.0,199.35922080185264,698.7555541992188,121.0430908203125,710.71044921875,137.7190399169922,nan,nan,nan,nan,nan,0.0,nan,1.335125872108096,nan,nan,nan,1.0,0.7916872501373291,0.7916872501373291,294.0,0.0,bbox_bottom,199.35922080185264,nan,315.13951101806015,339.50161398388445,53.657000000000004,53.678000000000004,53.745000000000005,54.267,0.06700000000000017,0.6410000000000053,0.6410000000000053,50.16213606580978,0
54.22,54.894000000000005,1,1,0.5394550795762543,1.5739100947565392,-1.924496424514465,1,0.8277239198121404,1.7873616065047062,-2.5153709897313155,1.2680000000000078,0.0,0.35869272660387297,-33.85461880855305,700.6324047765675,139.35163877163131,nan,nan,1,54.22,700.6324047765675,139.35163877163131,0.0,0.6740000000000066,1.0,0.7750143986354064,1.7000892206227192,0.2672253068104979,0.7654046517436864,1.7488801051602956,0.2857756352513913,0.05,nan,nan,nan,nan,nan,nan,nan,139.35163877163131,0.9133452773094177,0.9133452773094177,1.0,0.0,294.0,229.73201222810894,695.52978515625,120.85667419433594,708.6828002929688,138.32278442382812,nan,nan,nan,nan,nan,0.0,nan,2.3551824702331987,nan,nan,nan,1.0,0.9133452773094177,0.9133452773094177,294.0,0.0,bbox_bottom,229.73201222810894,nan,293.839187012054,323.5838449909352,54.251000000000005,54.275000000000006,54.349000000000004,54.892,0.07399999999999807,0.6720000000000041,0.6720000000000041,15.90459789991777,0
54.847,55.507000000000005,1,1,0.5394550795761548,1.5739100947538818,-1.3044964245487534,1,0.7654046517436864,1.7488801051602956,-1.902917226808053,1.2870000000000061,0.0,0.285775635253097,-34.28698634229067,692.4123304024528,139.2507707262029,nan,nan,1,54.22,700.6324047765675,139.35163877163131,0.0,1.2870000000000061,0.0,0.7750143986354064,1.7000892206227192,0.26722530681184037,0.7654046517436864,1.7488801051602956,0.285775635253097,0.05,nan,nan,nan,nan,nan,nan,nan,139.2507707262029,0.8469486236572266,0.8469486236572266,1.0,0.0,294.0,221.782994389534,688.0860595703125,121.77989196777344,700.6085205078125,139.49070739746094,nan,nan,nan,nan,nan,0.0,nan,1.710866377856612,nan,nan,nan,1.0,0.8469486236572266,0.8469486236572266,294.0,0.0,bbox_bottom,221.782994389534,nan,244.02907799230888,267.70051498897374,54.881,54.902,54.967000000000006,55.507000000000005,0.06500000000000483,0.6600000000000037,0.6600000000000037,19.618785396229523,0
55.441,56.18000000000001,1,1,0.5394550795786728,1.5739100947494702,-0.6444964246892833,1,0.6608386305099097,1.7513316632990963,-1.270478869699676,1.3330000000000055,0.0,0.21497064781798897,-35.86615214837565,693.7162233612097,137.40951717835142,nan,nan,1,55.441,693.7162233612097,137.40951717835142,0.0,0.7390000000000043,1.0,0.6887655162993721,1.7425328792814077,0.22522710755375377,0.6793737074990328,1.7911668366687292,0.25841384318276694,0.05,nan,nan,nan,nan,nan,nan,nan,137.40951717835142,0.8521751761436462,0.8521751761436462,1.0,0.0,295.0,213.30278409272432,687.77783203125,121.09068298339844,700.0636596679688,138.45237731933594,nan,nan,nan,nan,nan,0.0,nan,1.751764161360279,nan,nan,nan,1.0,0.8521751761436462,0.8521751761436462,295.0,0.0,bbox_bottom,213.30278409272432,nan,250.44369700481184,273.8769430143293,55.473000000000006,55.508,55.584,56.178000000000004,0.07600000000000051,0.7370000000000019,0.7370000000000019,57.433999866835066,0
56.134,56.827000000000005,1,1,0.6750349843698769,1.5495081635338552,-0.009060951320083242,1,0.6793737074990328,1.7911668366687292,-0.6151342030676004,1.3860000000000028,0.0,0.2416976185643941,-34.72543940090258,693.4469549234459,140.29141529370762,nan,nan,1,55.441,693.7162233612097,137.40951717835142,0.0,1.3860000000000028,0.0,0.6887655162993721,1.7425328792814077,0.19351245023638738,0.6793737074990328,1.7911668366687292,0.2416976185643941,0.05,nan,nan,nan,nan,nan,nan,nan,140.29141529370762,0.9037200808525085,0.9037200808525085,1.0,0.0,294.0,241.9633840834722,686.4196166992188,121.6302490234375,699.248046875,140.4917449951172,nan,nan,nan,nan,nan,0.0,nan,2.2392598942173825,nan,nan,nan,1.0,0.9037200808525085,0.9037200808525085,294.0,0.0,bbox_bottom,241.9633840834722,nan,252.41595300030895,275.2568110008724,56.164,56.187000000000005,56.258,56.827000000000005,0.07099999999999795,0.693000000000005,0.693000000000005,94.9506017166405,0
56.761,57.515,1,1,0.8403705877648391,1.5039597214427922,-0.5975645546046044,1,0.6729352461367405,1.728863124470611,0.04155548378946803,1.3810000000000002,0.0,0.2803856885071197,36.618880802219486,698.9829925142465,143.02631145754015,nan,nan,1,56.761,698.9829925142465,143.02631145754015,0.0,0.7539999999999978,1.0,0.749487433135029,1.620504660529136,0.14779198429585266,0.7401914455112627,1.670078326375985,0.19398776107685892,0.05,nan,nan,nan,nan,nan,nan,nan,143.02631145754015,0.8540700078010559,0.8540700078010559,1.0,0.0,294.0,198.7751219784841,693.850830078125,124.65999603271484,704.9888916015625,142.5064697265625,nan,nan,nan,nan,nan,0.0,nan,1.7668861655544006,nan,nan,nan,1.0,0.8540700078010559,0.8540700078010559,294.0,0.0,bbox_bottom,198.7751219784841,nan,292.4242070002947,315.5236270104069,56.79900000000001,56.837,56.903000000000006,57.514,0.0660000000000025,0.7530000000000001,0.7530000000000001,62.604003084824846,0
57.454,58.193000000000005,1,1,0.884618117780275,1.468828874547785,-1.2686558243675345,1,0.7401914455112627,1.670078326375985,-0.5736144974268136,1.4320000000000022,0.0,0.24771032583211317,39.822934620875714,713.2544085082698,145.95764452561957,nan,nan,1,56.761,698.9829925142465,143.02631145754015,0.0,1.4320000000000022,0.0,0.749487433135029,1.620504660529136,0.20313996649048038,0.7401914455112627,1.670078326375985,0.24771032583211317,0.05,nan,nan,nan,nan,nan,nan,nan,145.95764452561957,0.8899532556533813,0.8899532556533813,1.0,0.0,294.0,267.2731714793481,706.8304443359375,125.20256805419922,720.6315307617188,144.56866455078125,nan,nan,nan,nan,nan,0.0,nan,2.0902637154761443,nan,nan,nan,1.0,0.8899532556533813,0.8899532556533813,294.0,0.0,bbox_bottom,267.2731714793481,nan,232.66861602314748,254.59396099904552,57.487,57.52,57.585,58.191,0.06499999999999773,0.7370000000000019,0.7370000000000019,24.545768838048367,0
58.147,58.819,1,1,0.8846181177803012,1.4688288745465838,-1.8886558242727638,1,0.9166738489422069,1.6073664034779847,-1.2390800617877775,1.365000000000002,0.0,0.14219780878319851,37.217949664382104,721.4544213847811,145.04141408347806,nan,nan,1,58.147,721.4544213847811,145.04141408347806,0.0,0.6720000000000041,1.0,1.0317039964121206,1.5772604472744711,0.18273385470989612,1.0214361928840852,1.6264869647828089,0.20874687804141728,0.05,nan,nan,nan,nan,nan,nan,nan,145.04141408347806,0.8556579351425171,0.8556579351425171,1.0,0.0,295.0,267.7486089449376,714.2034912109375,126.11219787597656,728.00244140625,145.5157470703125,nan,nan,nan,nan,nan,0.0,nan,1.7796847547456502,nan,nan,nan,1.0,0.8556579351425171,0.8556579351425171,295.0,0.0,bbox_bottom,267.7486089449376,nan,233.79732598550618,256.0045880090911,58.18000000000001,58.2,58.265,58.818000000000005,0.06499999999999773,0.6710000000000065,0.6710000000000065,10.977614454631256,0
58.774,59.50000000000001,1,1,0.8702808248658118,1.459465182096805,-2.5864260597709263,1,1.0214361928840852,1.6264869647828089,-1.866233451368309,1.3530000000000086,0.0,0.22526478014183743,41.263996897988,719.6340431294832,144.11445749645821,nan,nan,1,58.774,719.6340431294832,144.11445749645821,0.0,0.7260000000000062,1.0,1.0101433308512604,1.5971187277260586,0.19623969834066357,0.999904991722337,1.646222792345061,0.22733418048962145,0.05,nan,nan,nan,nan,nan,nan,nan,144.11445749645821,0.9081353545188904,0.9081353545188904,1.0,0.0,294.0,271.57478879671544,714.5791015625,126.02181243896484,728.5775146484375,145.42221069335938,nan,nan,nan,nan,nan,0.0,nan,2.2910771874098397,nan,nan,nan,1.0,0.9081353545188904,0.9081353545188904,294.0,0.0,bbox_bottom,271.57478879671544,nan,235.00069297733717,262.5703870144207,58.807,58.825,58.894000000000005,59.50000000000001,0.06900000000000261,0.7260000000000062,0.7260000000000062,51.06346260132837,0
59.434,60.127,1,1,0.8218825244963406,1.4341979941812815,3.0812077009285703,1,0.999904991722337,1.646222792345061,-2.559224085962371,1.3530000000000015,0.0,0.27685106803771303,36.8270639797157,724.2053305406278,147.07941607849023,nan,nan,1,58.774,719.6340431294832,144.11445749645821,0.0,1.3530000000000015,0.0,1.0101433308512604,1.5971187277260586,0.24896846512796128,0.999904991722337,1.646222792345061,0.27685106803771303,0.05,nan,nan,nan,nan,nan,nan,nan,147.07941607849023,0.9139020442962646,0.9139020442962646,1.0,0.0,294.0,277.9252143530175,715.7062377929688,128.38235473632812,730.53076171875,147.13002014160156,nan,nan,nan,nan,nan,0.0,nan,2.362237725294909,nan,nan,nan,1.0,0.9139020442962646,0.9139020442962646,294.0,0.0,bbox_bottom,277.9252143530175,nan,270.82863298710436,295.8591240167152,59.463,59.508,59.587,60.127,0.07900000000000063,0.693000000000005,0.693000000000005,86.7003009368171,0
60.061,60.79600000000001,1,1,0.8218825244952233,1.434197994181547,2.4212077010138513,1,1.0528131285191935,1.58334204011223,3.1299912004269066,1.362000000000009,0.0,0.274905238785021,40.61030310488133,717.7606676589298,150.77958889451614,nan,nan,1,60.061,717.7606676589298,150.77958889451614,0.0,0.7350000000000065,1.0,0.9759649793310452,1.4556282192056709,0.15556560491579652,0.9662412321078346,1.5060947282299644,0.1612717483950995,0.05,nan,nan,nan,nan,nan,nan,nan,150.77958889451614,0.8495083451271057,0.8495083451271057,1.0,0.0,294.0,219.23871692735702,712.03173828125,130.903076171875,724.0558471679688,149.13633728027344,nan,nan,nan,nan,nan,0.0,nan,1.7307501313368856,nan,nan,nan,1.0,0.8495083451271057,0.8495083451271057,294.0,0.0,bbox_bottom,219.23871692735702,nan,270.6847540102899,291.9096600089688,60.093,60.14,60.217000000000006,60.794000000000004,0.07700000000000529,0.7330000000000041,0.7330000000000041,124.51551541057457,0
60.754,61.361000000000004,1,1,0.8218825244959875,1.4341979941801233,1.8412077011386727,1,0.9662412321078346,1.5060947282299644,2.4783856651016554,1.3000000000000043,0.0,0.1612717483950501,36.50760813381777,716.4206588613948,149.32191971480708,nan,nan,1,60.754,716.4206588613948,149.32191971480708,0.0,0.6070000000000064,1.0,0.9613661056514766,1.4863163613854724,0.14890263131359205,0.9516156694583255,1.5365447962797198,0.16524393121029587,0.05,nan,nan,nan,nan,nan,nan,nan,149.32191971480708,0.8559519052505493,0.8559519052505493,1.0,0.0,294.0,252.62968607246876,710.3629760742188,132.69924926757812,725.0436401367188,149.90757751464844,nan,nan,nan,nan,nan,0.0,nan,1.7820669539793679,nan,nan,nan,1.0,0.8559519052505493,0.8559519052505493,294.0,0.0,bbox_bottom,252.62968607246876,nan,251.7417140188627,273.5211460094433,60.781000000000006,60.800000000000004,60.86300000000001,61.36000000000001,0.06300000000000239,0.6060000000000088,0.6060000000000088,157.74706752100298,0
61.315,61.913000000000004,1,1,0.8183048626286529,1.5891019662189696,1.3629568966036651,1,0.9516156694583255,1.5365447962797198,1.8960392098424057,1.159000000000006,1.0,0.1432969899530394,30.543366681650763,714.646919159179,151.0122100842657,nan,nan,1,61.315,714.646919159179,151.0122100842657,0.0,0.5980000000000061,1.0,0.9365385598164695,1.4507438270209678,0.18199500496726265,0.9269801320006057,1.501357154219045,0.1396762907796761,0.05,nan,nan,nan,nan,nan,nan,nan,151.0122100842657,0.8330872654914856,0.8330872654914856,1.0,0.0,292.0,250.8995372056961,707.9027099609375,133.0428466796875,722.3363037109375,150.42587280273438,nan,nan,nan,nan,nan,0.0,nan,1.6076672691859875,nan,nan,nan,1.0,0.8330872654914856,0.8330872654914856,292.0,0.0,bbox_bottom,250.8995372056961,nan,329.2368809925392,372.7234340040013,61.343,61.370000000000005,61.425000000000004,61.911,0.054999999999999716,0.5960000000000036,0.5960000000000036,174.67626700253612,0
61.876,62.404,1,1,0.8183048626295695,1.5891019662208299,0.862956896600861,1,0.9269801320006057,1.501357154219045,1.4155904001431188,1.0890000000000057,1.0,0.13967629078013158,31.663567370499404,712.739815631774,141.7741859111516,nan,nan,1,61.876,712.739815631774,141.7741859111516,0.0,0.5280000000000058,1.0,0.9261591296102003,1.6475177269360424,0.1226578330391751,0.916108472236802,1.6963873657421917,0.1451747326591724,0.05,nan,nan,nan,nan,nan,nan,nan,141.7741859111516,0.8674526214599609,0.8674526214599609,1.0,0.0,293.0,222.02948594652116,706.6024169921875,126.06414794921875,720.2042846679688,142.38760375976562,nan,nan,nan,nan,nan,0.0,nan,1.8786207398987564,nan,nan,nan,1.0,0.8674526214599609,0.8674526214599609,293.0,0.0,bbox_bottom,222.02948594652116,nan,341.78515698295087,391.01964799920097,61.905,61.925000000000004,61.98500000000001,62.404,0.060000000000002274,0.5280000000000058,0.5280000000000058,146.02837724583986,0
62.338,62.913000000000004,1,1,0.8183048626297822,1.5891019662211772,0.3629568966586643,1,0.916108472236802,1.6963873657421917,0.9042353960787857,1.0370000000000061,1.0,0.14517473265877245,31.012973557947333,711.6049030933492,142.53176334444754,nan,nan,1,61.876,712.739815631774,141.7741859111516,0.0,1.0370000000000061,1.0,0.9261591296102003,1.6475177269360424,0.12265783303882268,0.916108472236802,1.6963873657421917,0.14517473265877245,0.05,nan,nan,nan,nan,nan,nan,nan,142.53176334444754,0.8821982741355896,0.8821982741355896,1.0,0.0,294.0,252.44718808028847,705.773193359375,124.8297119140625,720.6469116210938,141.8024139404297,nan,nan,nan,nan,nan,0.0,nan,2.0134139094385546,nan,nan,nan,1.0,0.8821982741355896,0.8821982741355896,294.0,0.0,bbox_bottom,252.44718808028847,nan,331.7226179933641,356.2390239967499,62.367000000000004,62.411,62.470000000000006,62.900000000000006,0.059000000000004604,0.5620000000000047,0.5620000000000047,117.38048749261199,0
62.833,63.42700000000001,1,1,0.8183048626290597,1.5891019662210168,-0.15704310321611722,1,0.9006534773768595,1.6802187136160454,0.41509746980565654,1.0890000000000057,1.0,0.12281512938856921,32.78124012234413,712.671862014765,140.98625447818478,nan,nan,1,62.338,711.6049030933492,142.53176334444754,0.0,1.0890000000000057,1.0,0.910599862935076,1.6311612890990452,0.10142659277746541,0.9006534773768595,1.6802187136160454,0.12281512938856921,0.05,nan,nan,nan,nan,nan,nan,nan,140.98625447818478,0.8983429670333862,0.8983429670333862,1.0,0.0,294.0,212.40215246379375,705.34130859375,125.18514251708984,718.39013671875,141.46263122558594,nan,nan,nan,nan,nan,0.0,nan,2.178947192843792,nan,nan,nan,1.0,0.8983429670333862,0.8983429670333862,294.0,0.0,bbox_bottom,212.40215246379375,nan,249.5879610069096,271.261638001306,62.876000000000005,62.916000000000004,62.955000000000005,63.42700000000001,0.03900000000000148,0.5940000000000083,0.5940000000000083,87.58668215297804,0
