diag_stamp,log_stamp,detected,true_available,true_x,true_y,true_yaw,state_available,state_x,state_y,state_yaw,state_age_s,state_fresh,state_pos_error,state_yaw_error_deg,obs_u,obs_v,obs_yaw,obs_yaw_error_deg,pixel_pose_available,pixel_pose_stamp,pixel_pose_u,pixel_pose_v,pixel_pose_yaw,pixel_pose_age_s,pixel_pose_fresh,pred_world_x,pred_world_y,localization_error_m,pred_world_x_calibrated,pred_world_y_calibrated,localization_error_calibrated_m,localization_error_captime_m,state_error_captime_m,bev_y_calibration_offset_m,u_red,v_red,red_area_px,u_blue,v_blue,blue_area_px,separation_px,border_margin_px,yolo_score_raw,yolo_score_selected,yolo_detected_after_threshold,yolo_best_class_id,yolo_target_candidate_count,bbox_area_px,bbox_xmin,bbox_ymin,bbox_xmax,bbox_ymax,logit_margin,class_entropy,mask_area_px,mask_bottom_u,mask_bottom_v,mask_used,mask_polygon_points,confidence_logit,mask_compactness,mask_border_frac,mask_score,selected_pixel_source_code,yolo_raw_best_score,yolo_selected_score,yolo_num_target_candidates,yolo_selected_class_id,yolo_selected_pixel_source,yolo_bbox_area,yolo_mask_area,yolo_inference_ms,detector_callback_ms,yolo_receive_stamp,yolo_start_stamp,yolo_finish_stamp,yolo_publish_stamp,yolo_latency_s,frame_age_at_publish_s,detector_total_latency_s,camera_relative_bearing_deg,seed
5.6,6.016,1,1,3.300000000004068,-1.0,-4.89172273916826e-12,0,nan,nan,nan,nan,0.0,nan,nan,961.1433998988277,299.32135583006806,nan,nan,0,nan,nan,nan,nan,nan,0.0,nan,nan,nan,nan,nan,nan,nan,nan,0.05,nan,nan,nan,nan,nan,nan,nan,299.32135583006806,0.7701787948608398,0.7701787948608398,1.0,0.0,290.0,443.2688313797116,950.5385131835938,278.3034362792969,971.496826171875,299.4534606933594,nan,nan,nan,nan,nan,0.0,nan,1.2093210513561041,nan,nan,nan,1.0,0.7701787948608398,0.7701787948608398,290.0,0.0,bbox_bottom,443.2688313797116,nan,112.74246399989352,118.92254799931834,5.625,5.625,5.625,5.625,0.0,0.025000000000000355,0.025000000000000355,126.25383773719821,0
5.8,6.416,1,1,3.300000000004068,-1.0,-4.891722591293192e-12,1,3.251210999017653,-1.0028345890188268,-5.605193857299268e-42,0.8160000000000007,1.0,0.04887127491848429,2.8027505902989845e-10,961.6580923281776,299.5583608105124,nan,nan,1,5.6,961.1433998988277,299.32135583006806,0.0,0.8160000000000007,1.0,3.262925846210467,-1.0700631134439458,0.07926747595937943,3.251210999017653,-1.0028345890188268,0.04887127491848429,0.04887127491848429,0.04887127491848429,0.05,nan,nan,nan,nan,nan,nan,nan,299.5583608105124,0.7701787948608398,0.7701787948608398,1.0,0.0,290.0,443.2688313797116,950.5385131835938,278.3034362792969,971.496826171875,299.4534606933594,nan,nan,nan,nan,nan,0.0,nan,1.2093210513561041,nan,nan,nan,1.0,0.7701787948608398,0.7701787948608398,290.0,0.0,bbox_bottom,443.2688313797116,nan,97.707408000133,105.59359699982451,6.016,6.016,6.016,6.016,0.0,0.2160000000000002,0.2160000000000002,126.25383773719821,0
6.4,6.868,1,1,3.300000000004068,-1.0,-4.891722415970773e-12,1,3.2554399777278,-1.0060775233241677,-5.605193857299268e-42,1.0680000000000005,1.0,0.044972568027824594,2.802750489846638e-10,960.4820003045733,299.81505574826883,nan,nan,1,5.8,961.6580923281776,299.5583608105124,0.0,1.0680000000000005,1.0,3.26716234771879,-1.0733243425172825,0.08034158707170642,3.2554399777278,-1.0060775233241677,0.044972568027824594,0.044972568027824594,0.044972568027824594,0.05,nan,nan,nan,nan,nan,nan,nan,299.81505574826883,0.7701787948608398,0.7701787948608398,1.0,0.0,290.0,443.2688313797116,950.5385131835938,278.3034362792969,971.496826171875,299.4534606933594,nan,nan,nan,nan,nan,0.0,nan,1.2093210513561041,nan,nan,nan,1.0,0.7701787948608398,0.7701787948608398,290.0,0.0,bbox_bottom,443.2688313797116,nan,100.22335299981933,108.62103500039666,6.416,6.416,6.416,6.416,0.0,0.016000000000000014,0.016000000000000014,126.25383773719821,0
6.8,7.266,1,1,3.300000000004068,-1.0,-4.891722262537001e-12,1,3.242482963982611,-1.009541792200442,-5.605193857299268e-42,0.8659999999999997,1.0,0.058303132257967225,2.802750401935562e-10,962.3216697228645,300.4005416564886,nan,nan,1,6.4,960.4820003045733,299.81505574826883,0.0,0.8659999999999997,1.0,3.2541455665925842,-1.0768543386103564,0.08949423683524838,3.242482963982611,-1.009541792200442,0.058303132257967225,0.058303132257967225,0.058303132257967225,0.05,nan,nan,nan,nan,nan,nan,nan,300.4005416564886,0.7701787948608398,0.7701787948608398,1.0,0.0,290.0,443.2688313797116,950.5385131835938,278.3034362792969,971.496826171875,299.4534606933594,nan,nan,nan,nan,nan,0.0,nan,1.2093210513561041,nan,nan,nan,1.0,0.7701787948608398,0.7701787948608398,290.0,0.0,bbox_bottom,443.2688313797116,nan,107.04729600001883,117.35313899953326,6.868,6.868,6.868,6.868,0.0,0.0680000000000005,0.0680000000000005,126.25383773719821,0
7.2,7.696000000000001,1,1,3.300000000004068,-1.0,-4.891722109172589e-12,1,3.2586681983950045,-1.0175543352731098,-5.605193857299268e-42,0.8960000000000008,1.0,0.044905150162667724,2.8027503140642265e-10,960.3139344419274,298.1880392223133,nan,nan,1,6.8,962.3216697228645,300.4005416564886,0.0,0.8960000000000008,1.0,3.2703716460285075,-1.0848969230592314,0.08991844585081621,3.2586681983950045,-1.0175543352731098,0.044905150162667724,0.044905150162667724,0.044905150162667724,0.05,nan,nan,nan,nan,nan,nan,nan,298.1880392223133,0.7701787948608398,0.7701787948608398,1.0,0.0,290.0,443.2688313797116,950.5385131835938,278.3034362792969,971.496826171875,299.4534606933594,nan,nan,nan,nan,nan,0.0,nan,1.2093210513561041,nan,nan,nan,1.0,0.7701787948608398,0.7701787948608398,290.0,0.0,bbox_bottom,443.2688313797116,nan,108.49632100143936,122.97765599942068,7.266,7.266,7.266,7.266,0.0,0.06599999999999984,0.06599999999999984,126.25383773719821,0
7.6,8.127,1,1,3.300000000004068,-1.0,-4.891721928023203e-12,1,3.247491997286323,-0.9873434077979231,-5.605193857299268e-42,0.9270000000000005,1.0,0.054011847548259315,2.802750210273274e-10,960.394395215197,299.4947866727066,nan,nan,1,7.2,960.3139344419274,298.1880392223133,0.0,0.9270000000000005,1.0,3.259234862539411,-1.0544409784062354,0.06801188544909313,3.247491997286323,-0.9873434077979231,0.054011847548259315,0.054011847548259315,0.054011847548259315,0.05,nan,nan,nan,nan,nan,nan,nan,299.4947866727066,0.7701787948608398,0.7701787948608398,1.0,0.0,290.0,443.2688313797116,950.5385131835938,278.3034362792969,971.496826171875,299.4534606933594,nan,nan,nan,nan,nan,0.0,nan,1.2093210513561041,nan,nan,nan,1.0,0.7701787948608398,0.7701787948608398,290.0,0.0,bbox_bottom,443.2688313797116,nan,104.77115499998035,113.07440999917162,7.696000000000001,7.696000000000001,7.696000000000001,7.696000000000001,0.0,0.09600000000000097,0.09600000000000097,126.25383773719821,0
8.0,8.529,1,1,3.300000000004068,-1.0,-4.891721718387637e-12,1,3.2429156046103866,-1.005178042495665,-5.605193857299268e-42,0.9290000000000003,1.0,0.05731876064212376,2.8027500901609424e-10,958.6926389030955,299.2346690294268,nan,nan,1,7.6,960.394395215197,299.4947866727066,0.0,0.9290000000000003,1.0,3.254591843265112,-1.0724497880189687,0.08550364017059808,3.2429156046103866,-1.005178042495665,0.05731876064212376,0.05731876064212376,0.05731876064212376,0.05,nan,nan,nan,nan,nan,nan,nan,299.2346690294268,0.7701787948608398,0.7701787948608398,1.0,0.0,290.0,443.2688313797116,950.5385131835938,278.3034362792969,971.496826171875,299.4534606933594,nan,nan,nan,nan,nan,0.0,nan,1.2093210513561041,nan,nan,nan,1.0,0.7701787948608398,0.7701787948608398,290.0,0.0,bbox_bottom,443.2688313797116,nan,107.3923059993831,116.66880400116497,8.127,8.127,8.127,8.127,0.0,0.12700000000000067,0.12700000000000067,126.25383773719821,0
8.4,8.934000000000001,1,1,3.300000000004068,-1.0,-4.8917215458628664e-12,1,3.226761752995252,-1.0015880643282191,-5.605193857299268e-42,0.934000000000001,1.0,0.07325546241226592,2.80274999131153e-10,959.7717587304813,298.72119333865595,nan,nan,1,8.0,958.6926389030955,299.2346690294268,0.0,0.934000000000001,1.0,3.2383851498848713,-1.06886987749979,0.09240914338985715,3.226761752995252,-1.0015880643282191,0.07325546241226592,0.07325546241226592,0.07325546241226592,0.05,nan,nan,nan,nan,nan,nan,nan,298.72119333865595,0.7701787948608398,0.7701787948608398,1.0,0.0,290.0,443.2688313797116,950.5385131835938,278.3034362792969,971.496826171875,299.4534606933594,nan,nan,nan,nan,nan,0.0,nan,1.2093210513561041,nan,nan,nan,1.0,0.7701787948608398,0.7701787948608398,290.0,0.0,bbox_bottom,443.2688313797116,nan,107.67320699960692,116.28603499957535,8.529,8.529,8.529,8.529,0.0,0.12899999999999956,0.12899999999999956,126.25383773719821,0
8.8,9.327,1,1,3.300000000004068,-1.0,-4.8917213918558395e-12,1,3.2397987658187315,-0.9946119457451348,-5.605193857299268e-42,0.9269999999999996,1.0,0.0604418706369278,2.8027499030720036e-10,960.4734106948771,299.1371605369902,nan,nan,1,8.8,960.4734106948771,299.1371605369902,0.0,0.5269999999999992,1.0,3.2568877865203634,-1.0675271954561438,0.08011607253002849,3.245189374503677,-1.0003057384592655,0.054811478211681336,0.054811478211681336,0.0604418706369278,0.05,nan,nan,nan,nan,nan,nan,nan,299.1371605369902,0.7701787948608398,0.7701787948608398,1.0,0.0,290.0,443.2688313797116,950.5385131835938,278.3034362792969,971.496826171875,299.4534606933594,nan,nan,nan,nan,nan,0.0,nan,1.2093210513561041,nan,nan,nan,1.0,0.7701787948608398,0.7701787948608398,290.0,0.0,bbox_bottom,443.2688313797116,nan,109.4689820001804,117.35924200002046,8.934000000000001,8.934000000000001,8.934000000000001,8.934000000000001,0.0,0.13400000000000034,0.13400000000000034,126.25383773719821,0
9.2,9.764000000000001,1,1,3.300000000004068,-1.0,-4.891721212738145e-12,1,3.245189374503677,-1.0003057384592655,-5.605193857299268e-42,0.9640000000000004,1.0,0.054811478211681336,2.802749800445124e-10,961.4293002141085,300.4959740628021,nan,nan,1,8.8,960.4734106948771,299.1371605369902,0.0,0.9640000000000004,1.0,3.2568877865203634,-1.0675271954561438,0.08011607253002849,3.245189374503677,-1.0003057384592655,0.054811478211681336,0.054811478211681336,0.054811478211681336,0.05,nan,nan,nan,nan,nan,nan,nan,300.4959740628021,0.7701787948608398,0.7701787948608398,1.0,0.0,290.0,443.2688313797116,950.5385131835938,278.3034362792969,971.496826171875,299.4534606933594,nan,nan,nan,nan,nan,0.0,nan,1.2093210513561041,nan,nan,nan,1.0,0.7701787948608398,0.7701787948608398,290.0,0.0,bbox_bottom,443.2688313797116,nan,104.86203899927204,112.73202400116134,9.327,9.327,9.327,9.327,0.0,0.12700000000000067,0.12700000000000067,126.25383773719821,0
9.6,10.21,1,1,3.300000000004068,-1.0,-4.8917210177571576e-12,1,3.2424639567852838,-1.0232136593978278,-5.605193857299268e-42,0.6100000000000012,1.0,0.06204248747360298,2.8027496887292476e-10,960.8891350147903,300.81992416390904,nan,nan,1,9.6,960.8891350147903,300.81992416390904,0.0,0.6100000000000012,1.0,3.2540890226184325,-1.0906505050326045,0.10161364035979917,3.2424639567852838,-1.0232136593978278,0.06204248747360298,0.06204248747360298,0.06204248747360298,0.05,nan,nan,nan,nan,nan,nan,nan,300.81992416390904,0.7701787948608398,0.7701787948608398,1.0,0.0,290.0,443.2688313797116,950.5385131835938,278.3034362792969,971.496826171875,299.4534606933594,nan,nan,nan,nan,nan,0.0,nan,1.2093210513561041,nan,nan,nan,1.0,0.7701787948608398,0.7701787948608398,290.0,0.0,bbox_bottom,443.2688313797116,nan,123.71934399925522,138.60077199933585,9.764000000000001,9.764000000000001,9.764000000000001,9.764000000000001,0.0,0.16400000000000148,0.16400000000000148,126.25383773719821,0
10.0,10.615,1,1,3.300000000004068,-1.0,-4.891720813849105e-12,1,3.2424639567852838,-1.0232136593978278,-5.605193857299268e-42,1.0150000000000006,1.0,0.06204248747360298,2.802749571898539e-10,960.3524750042477,299.8049707634524,nan,nan,1,10.0,960.3524750042477,299.8049707634524,0.0,0.6150000000000002,1.0,3.2528724131117,-1.0767157031409738,0.09003504070478184,3.2412143473189112,-1.0094010826542168,0.059532623969478365,0.059532623969478365,0.06204248747360298,0.05,nan,nan,nan,nan,nan,nan,nan,299.8049707634524,0.7701787948608398,0.7701787948608398,1.0,0.0,290.0,443.2688313797116,950.5385131835938,278.3034362792969,971.496826171875,299.4534606933594,nan,nan,nan,nan,nan,0.0,nan,1.2093210513561041,nan,nan,nan,1.0,0.7701787948608398,0.7701787948608398,290.0,0.0,bbox_bottom,443.2688313797116,nan,100.3427779996855,108.64354200020898,10.21,10.21,10.21,10.21,0.0,0.21000000000000085,0.21000000000000085,126.25383773719821,0
10.6,11.036000000000001,1,1,3.300000000004068,-1.0,-4.891720589054978e-12,1,3.2412143473189112,-1.0094010826542168,-5.605193857299268e-42,1.0360000000000014,1.0,0.059532623969478365,2.802749443100992e-10,961.9211398593861,299.54747299112023,nan,nan,1,10.0,960.3524750042477,299.8049707634524,0.0,1.0360000000000014,1.0,3.2528724131117,-1.0767157031409738,0.09003504070478184,3.2412143473189112,-1.0094010826542168,0.059532623969478365,0.059532623969478365,0.059532623969478365,0.05,nan,nan,nan,nan,nan,nan,nan,299.54747299112023,0.7701787948608398,0.7701787948608398,1.0,0.0,290.0,443.2688313797116,950.5385131835938,278.3034362792969,971.496826171875,299.4534606933594,nan,nan,nan,nan,nan,0.0,nan,1.2093210513561041,nan,nan,nan,1.0,0.7701787948608398,0.7701787948608398,290.0,0.0,bbox_bottom,443.2688313797116,nan,105.47565200067766,115.51417199916614,10.615,10.615,10.615,10.615,0.0,0.015000000000000568,0.015000000000000568,126.25383773719821,0
11.0,11.449,1,1,3.300000000004068,-1.0,-4.891720397697173e-12,1,3.2581465823753817,-1.0059361756613352,-5.605193857299268e-42,0.8490000000000002,1.0,0.042272292919635544,2.802749333461046e-10,960.2741704283806,298.531735317101,nan,nan,1,10.6,961.9211398593861,299.54747299112023,0.0,0.8490000000000002,1.0,3.269879841627716,-1.0731745569929076,0.0791311552533187,3.2581465823753817,-1.0059361756613352,0.042272292919635544,0.042272292919635544,0.042272292919635544,0.05,nan,nan,nan,nan,nan,nan,nan,298.531735317101,0.7701787948608398,0.7701787948608398,1.0,0.0,290.0,443.2688313797116,950.5385131835938,278.3034362792969,971.496826171875,299.4534606933594,nan,nan,nan,nan,nan,0.0,nan,1.2093210513561041,nan,nan,nan,1.0,0.7701787948608398,0.7701787948608398,290.0,0.0,bbox_bottom,443.2688313797116,nan,107.26625999996031,115.95421799938777,11.036000000000001,11.036000000000001,11.036000000000001,11.036000000000001,0.0,0.036000000000001364,0.036000000000001364,126.25383773719821,0
11.4,11.879000000000001,1,1,3.300000000004068,-1.0,-4.891720231708526e-12,1,3.2456695686454338,-0.9920383948685902,-5.605193857299268e-42,0.8790000000000013,1.0,0.05491068136422794,2.802749238356557e-10,960.559943852067,299.6736558168294,nan,nan,1,11.4,960.559943852067,299.6736558168294,0.0,0.479000000000001,1.0,3.2555269390162627,-1.074910155419419,0.0871170737489877,3.243853748055947,-1.007618708714693,0.056660800650019306,0.056660800650019306,0.05491068136422794,0.05,nan,nan,nan,nan,nan,nan,nan,299.6736558168294,0.7701787948608398,0.7701787948608398,1.0,0.0,290.0,443.2688313797116,950.5385131835938,278.3034362792969,971.496826171875,299.4534606933594,nan,nan,nan,nan,nan,0.0,nan,1.2093210513561041,nan,nan,nan,1.0,0.7701787948608398,0.7701787948608398,290.0,0.0,bbox_bottom,443.2688313797116,nan,99.30220999922312,106.20095199919888,11.449,11.449,11.449,11.449,0.0,0.04899999999999949,0.04899999999999949,126.25383773719821,0
11.8,12.294,1,1,3.300000000004068,-1.0,-4.891720077655824e-12,1,3.243853748055947,-1.007618708714693,-5.605193857299268e-42,0.8940000000000001,1.0,0.056660800650019306,2.8027491500908604e-10,960.0080514941957,299.24428511848765,nan,nan,1,11.8,960.0080514941957,299.24428511848765,0.0,0.4939999999999998,1.0,3.251711638189631,-1.0690022162259065,0.08422037598353935,3.240037185684386,-1.0017539809461264,0.05998846180971831,0.05998846180971831,0.056660800650019306,0.05,nan,nan,nan,nan,nan,nan,nan,299.24428511848765,0.7701787948608398,0.7701787948608398,1.0,0.0,290.0,443.2688313797116,950.5385131835938,278.3034362792969,971.496826171875,299.4534606933594,nan,nan,nan,nan,nan,0.0,nan,1.2093210513561041,nan,nan,nan,1.0,0.7701787948608398,0.7701787948608398,290.0,0.0,bbox_bottom,443.2688313797116,nan,99.57170500092616,107.8195499994763,11.879000000000001,11.879000000000001,11.879000000000001,11.879000000000001,0.0,0.07900000000000063,0.07900000000000063,126.25383773719821,0
12.2,12.677000000000001,1,1,3.300000000004068,-1.0,-4.8917199082765136e-12,1,3.240037185684386,-1.0017539809461264,-5.605193857299268e-42,0.8770000000000007,1.0,0.05998846180971831,2.802749053043664e-10,960.8584446678199,299.9943062780452,nan,nan,1,11.8,960.0080514941957,299.24428511848765,0.0,0.8770000000000007,1.0,3.251711638189631,-1.0690022162259065,0.08422037598353935,3.240037185684386,-1.0017539809461264,0.05998846180971831,0.05998846180971831,0.05998846180971831,0.05,nan,nan,nan,nan,nan,nan,nan,299.9943062780452,0.7701787948608398,0.7701787948608398,1.0,0.0,290.0,443.2688313797116,950.5385131835938,278.3034362792969,971.496826171875,299.4534606933594,nan,nan,nan,nan,nan,0.0,nan,1.2093210513561041,nan,nan,nan,1.0,0.7701787948608398,0.7701787948608398,290.0,0.0,bbox_bottom,443.2688313797116,nan,106.87829999915266,115.31745700085594,12.294,12.294,12.294,12.294,0.0,0.0940000000000012,0.0940000000000012,126.25383773719821,0
12.6,13.071000000000002,1,1,3.300000000004068,-1.0,-4.891719764186527e-12,1,3.245551926794776,-1.0119912239257616,-5.605193857299268e-42,0.8710000000000022,1.0,0.055752866540135886,2.802748970486183e-10,961.2323288002407,299.8088334023993,nan,nan,1,12.2,960.8584446678199,299.9943062780452,0.0,0.8710000000000022,1.0,3.2572197255232713,-1.0793179196205365,0.09011927794640943,3.245551926794776,-1.0119912239257616,0.055752866540135886,0.055752866540135886,0.055752866540135886,0.05,nan,nan,nan,nan,nan,nan,nan,299.8088334023993,0.7701787948608398,0.7701787948608398,1.0,0.0,290.0,443.2688313797116,950.5385131835938,278.3034362792969,971.496826171875,299.4534606933594,nan,nan,nan,nan,nan,0.0,nan,1.2093210513561041,nan,nan,nan,1.0,0.7701787948608398,0.7701787948608398,290.0,0.0,bbox_bottom,443.2688313797116,nan,127.13652000093134,140.57898099963495,12.677000000000001,12.677000000000001,12.677000000000001,12.677000000000001,0.0,0.07700000000000173,0.07700000000000173,126.25383773719821,0
13.0,13.491000000000001,1,1,3.300000000004068,-1.0,-4.891719576608579e-12,1,3.250098055576599,-1.0094769401547317,-5.605193857299268e-42,0.8910000000000018,1.0,0.05079386234909294,2.8027488630119357e-10,960.363841068316,299.3238470596666,nan,nan,1,12.6,961.2323288002407,299.8088334023993,0.0,0.8910000000000018,1.0,3.2617903833494193,-1.0767687712167526,0.08575207891955346,3.250098055576599,-1.0094769401547317,0.05079386234909294,0.05079386234909294,0.05079386234909294,0.05,nan,nan,nan,nan,nan,nan,nan,299.3238470596666,0.7701787948608398,0.7701787948608398,1.0,0.0,290.0,443.2688313797116,950.5385131835938,278.3034362792969,971.496826171875,299.4534606933594,nan,nan,nan,nan,nan,0.0,nan,1.2093210513561041,nan,nan,nan,1.0,0.7701787948608398,0.7701787948608398,290.0,0.0,bbox_bottom,443.2688313797116,nan,99.3787630013685,108.4571910014347,13.071000000000002,13.071000000000002,13.071000000000002,13.071000000000002,0.0,0.0710000000000015,0.0710000000000015,126.25383773719821,0
13.4,13.9,1,1,3.300000000004068,-1.0,-4.891719422596753e-12,1,3.2433106695780545,-1.0028479074977579,-5.605193857299268e-42,0.9000000000000004,1.0,0.05676082065355947,2.8027487747696593e-10,961.8016451477957,300.94689183858014,nan,nan,1,13.0,960.363841068316,299.3238470596666,0.0,0.9000000000000004,1.0,3.254994826061291,-1.0700974327942796,0.08330135512684161,3.2433106695780545,-1.0028479074977579,0.05676082065355947,0.05676082065355947,0.05676082065355947,0.05,nan,nan,nan,nan,nan,nan,nan,300.94689183858014,0.7701787948608398,0.7701787948608398,1.0,0.0,290.0,443.2688313797116,950.5385131835938,278.3034362792969,971.496826171875,299.4534606933594,nan,nan,nan,nan,nan,0.0,nan,1.2093210513561041,nan,nan,nan,1.0,0.7701787948608398,0.7701787948608398,290.0,0.0,bbox_bottom,443.2688313797116,nan,106.06419099894993,115.98180599867192,13.491000000000001,13.491000000000001,13.491000000000001,13.491000000000001,0.0,0.09100000000000108,0.09100000000000108,126.25383773719821,0
13.8,14.350000000000001,1,1,3.300000000004068,-1.0,-4.89171919327703e-12,1,3.2511584594988445,-1.0249613787339782,-5.605193857299268e-42,0.9500000000000011,1.0,0.054850401158282304,2.8027486433791364e-10,959.7586041456302,300.96738446809843,nan,nan,1,13.8,959.7586041456302,300.96738446809843,0.0,0.5500000000000007,1.0,3.2420125407307805,-1.092672094634423,0.1093190859681083,3.2304395343646273,-1.0251855491735746,0.07397952599976819,0.07397952599976819,0.054850401158282304,0.05,nan,nan,nan,nan,nan,nan,nan,300.96738446809843,0.7701787948608398,0.7701787948608398,1.0,0.0,290.0,443.2688313797116,950.5385131835938,278.3034362792969,971.496826171875,299.4534606933594,nan,nan,nan,nan,nan,0.0,nan,1.2093210513561041,nan,nan,nan,1.0,0.7701787948608398,0.7701787948608398,290.0,0.0,bbox_bottom,443.2688313797116,nan,101.00199099906604,112.04905100021278,13.9,13.9,13.9,13.9,0.0,0.09999999999999964,0.09999999999999964,126.25383773719821,0
14.2,14.761000000000001,1,1,3.300000000004068,-1.0,-4.891719030948852e-12,1,3.2304395343646273,-1.0251855491735746,-5.605193857299268e-42,0.9610000000000003,1.0,0.07397952599976819,2.8027485503719415e-10,962.3635451015167,300.2347720940598,nan,nan,1,14.2,962.3635451015167,300.2347720940598,0.0,0.5610000000000017,1.0,3.271491008109278,-1.0826210164493428,0.08740134425728129,3.2597770856494876,-1.0153018299624723,0.04303520465126582,0.04303520465126582,0.07397952599976819,0.05,nan,nan,nan,nan,nan,nan,nan,300.2347720940598,0.7701787948608398,0.7701787948608398,1.0,0.0,290.0,443.2688313797116,950.5385131835938,278.3034362792969,971.496826171875,299.4534606933594,nan,nan,nan,nan,nan,0.0,nan,1.2093210513561041,nan,nan,nan,1.0,0.7701787948608398,0.7701787948608398,290.0,0.0,bbox_bottom,443.2688313797116,nan,112.74927500016929,121.32972900144523,14.33,14.33,14.33,14.33,0.0,0.13000000000000078,0.13000000000000078,126.25383773719821,0
14.6,15.08,1,1,3.300000000004068,-1.0,-4.891718891548091e-12,1,3.2597770856494876,-1.0153018299624723,-5.605193857299268e-42,0.8800000000000008,1.0,0.04303520465126582,2.802748470501189e-10,961.2821253080637,299.1395378788229,nan,nan,1,14.6,961.2821253080637,299.1395378788229,0.0,0.4800000000000004,1.0,3.265096627195,-1.0675599033963699,0.07604331647407031,3.253366633945969,-1.0003595689260578,0.0466347522746854,0.0466347522746854,0.04303520465126582,0.05,nan,nan,nan,nan,nan,nan,nan,299.1395378788229,0.7701787948608398,0.7701787948608398,1.0,0.0,290.0,443.2688313797116,950.5385131835938,278.3034362792969,971.496826171875,299.4534606933594,nan,nan,nan,nan,nan,0.0,nan,1.2093210513561041,nan,nan,nan,1.0,0.7701787948608398,0.7701787948608398,290.0,0.0,bbox_bottom,443.2688313797116,nan,110.78461799843353,121.57032499999332,14.761000000000001,14.761000000000001,14.761000000000001,14.761000000000001,0.0,0.16100000000000136,0.16100000000000136,126.25383773719821,0
15.0,15.409,1,1,3.300000000004068,-1.0,-4.891718705922858e-12,1,3.253366633945969,-1.0003595689260578,-5.605193857299268e-42,0.809000000000001,1.0,0.0466347522746854,2.8027483641457644e-10,962.4756903612713,301.4137190098093,nan,nan,1,15.0,962.4756903612713,301.4137190098093,0.0,0.4090000000000007,1.0,3.267694683467864,-1.0987861898434594,0.1039343291713202,3.2560391340225716,-1.031311628350226,0.05397199095628926,0.05397199095628926,0.0466347522746854,0.05,nan,nan,nan,nan,nan,nan,nan,301.4137190098093,0.7701787948608398,0.7701787948608398,1.0,0.0,290.0,443.2688313797116,950.5385131835938,278.3034362792969,971.496826171875,299.4534606933594,nan,nan,nan,nan,nan,0.0,nan,1.2093210513561041,nan,nan,nan,1.0,0.7701787948608398,0.7701787948608398,290.0,0.0,bbox_bottom,443.2688313797116,nan,114.48628600010125,124.74829100028728,15.08,15.08,15.08,15.08,0.0,0.08000000000000007,0.08000000000000007,126.25383773719821,0
15.2,15.743,1,1,3.300000000004068,-1.0,-4.891718562160432e-12,1,3.2560391340225716,-1.031311628350226,-5.605193857299268e-42,0.7430000000000003,1.0,0.05397199095628926,2.8027482817759617e-10,962.8193045476005,300.76856445809375,nan,nan,1,15.0,962.4756903612713,301.4137190098093,0.0,0.7430000000000003,1.0,3.267694683467864,-1.0987861898434594,0.1039343291713202,3.2560391340225716,-1.031311628350226,0.05397199095628926,0.05397199095628926,0.05397199095628926,0.05,nan,nan,nan,nan,nan,nan,nan,300.76856445809375,0.7701787948608398,0.7701787948608398,1.0,0.0,290.0,443.2688313797116,950.5385131835938,278.3034362792969,971.496826171875,299.4534606933594,nan,nan,nan,nan,nan,0.0,nan,1.2093210513561041,nan,nan,nan,1.0,0.7701787948608398,0.7701787948608398,290.0,0.0,bbox_bottom,443.2688313797116,nan,106.04252200027986,119.41182900045533,15.409,15.409,15.409,15.409,0.0,0.2090000000000014,0.2090000000000014,126.25383773719821,0
15.6,16.056,1,1,3.300000000004068,-1.0,-4.89171840280125e-12,1,3.262174575114065,-1.0225672807336468,-5.605193857299268e-42,0.8560000000000016,1.0,0.04404594110494723,2.8027481904698766e-10,961.3750500883933,298.2451420610772,nan,nan,1,15.6,961.3750500883933,298.2451420610772,0.0,0.4560000000000013,1.0,3.269792119292195,-1.0552291588014895,0.06295058410390564,3.2580106561705238,-0.9881520392406684,0.04362887999623954,0.04362887999623954,0.04404594110494723,0.05,nan,nan,nan,nan,nan,nan,nan,298.2451420610772,0.7701787948608398,0.7701787948608398,1.0,0.0,290.0,443.2688313797116,950.5385131835938,278.3034362792969,971.496826171875,299.4534606933594,nan,nan,nan,nan,nan,0.0,nan,1.2093210513561041,nan,nan,nan,1.0,0.7701787948608398,0.7701787948608398,290.0,0.0,bbox_bottom,443.2688313797116,nan,108.05787199933548,121.59446300029231,15.743,15.743,15.743,15.743,0.0,0.14300000000000068,0.14300000000000068,126.25383773719821,0
16.0,16.458000000000002,1,1,3.300000000004068,-1.0,-4.891718249733159e-12,1,3.2580106561705238,-0.9881520392406684,-5.605193857299268e-42,0.8580000000000023,1.0,0.04362887999623954,2.8027481027683205e-10,961.0132155446142,300.1099356284357,nan,nan,1,16.0,961.0132155446142,300.1099356284357,0.0,0.45800000000000196,1.0,3.2583081819740682,-1.0809065076732214,0.09101687027427198,3.246640481111268,-1.0135683560574404,0.0550575929602138,0.0550575929602138,0.04362887999623954,0.05,nan,nan,nan,nan,nan,nan,nan,300.1099356284357,0.7701787948608398,0.7701787948608398,1.0,0.0,290.0,443.2688313797116,950.5385131835938,278.3034362792969,971.496826171875,299.4534606933594,nan,nan,nan,nan,nan,0.0,nan,1.2093210513561041,nan,nan,nan,1.0,0.7701787948608398,0.7701787948608398,290.0,0.0,bbox_bottom,443.2688313797116,nan,98.84321600111434,107.24077800114173,16.056,16.056,16.056,16.056,0.0,0.05600000000000094,0.05600000000000094,126.25383773719821,0
16.4,16.936,1,1,3.300000000004068,-1.0,-4.891717996801812e-12,1,3.246640481111268,-1.0135683560574404,-5.605193857299268e-42,0.9359999999999999,1.0,0.0550575929602138,2.8027479578493336e-10,959.7293082139848,299.8485827535414,nan,nan,1,16.0,961.0132155446142,300.1099356284357,0.0,0.9359999999999999,1.0,3.2583081819740682,-1.0809065076732214,0.09101687027427198,3.246640481111268,-1.0135683560574404,0.0550575929602138,0.0550575929602138,0.0550575929602138,0.05,nan,nan,nan,nan,nan,nan,nan,299.8485827535414,0.7701787948608398,0.7701787948608398,1.0,0.0,290.0,443.2688313797116,950.5385131835938,278.3034362792969,971.496826171875,299.4534606933594,nan,nan,nan,nan,nan,0.0,nan,1.2093210513561041,nan,nan,nan,1.0,0.7701787948608398,0.7701787948608398,290.0,0.0,bbox_bottom,443.2688313797116,nan,109.77258499951859,123.83071399926848,16.458000000000002,16.458000000000002,16.458000000000002,16.458000000000002,0.0,0.05800000000000338,0.05800000000000338,126.25383773719821,0
16.8,17.616,1,1,3.300000000004068,-1.0,-4.891717735568044e-12,1,3.2347319437231414,-1.0099782452716584,-5.605193857299268e-42,1.216000000000001,1.0,0.0660263928243213,2.80274780817341e-10,961.4475333725566,300.14950341732225,nan,nan,1,16.4,959.7293082139848,299.8485827535414,0.0,1.216000000000001,1.0,3.2463632755067557,-1.0773152433608655,0.09409859228888838,3.2347319437231414,-1.0099782452716584,0.0660263928243213,0.0660263928243213,0.0660263928243213,0.05,nan,nan,nan,nan,nan,nan,nan,300.14950341732225,0.7701787948608398,0.7701787948608398,1.0,0.0,290.0,443.2688313797116,950.5385131835938,278.3034362792969,971.496826171875,299.4534606933594,nan,nan,nan,nan,nan,0.0,nan,1.2093210513561041,nan,nan,nan,1.0,0.7701787948608398,0.7701787948608398,290.0,0.0,bbox_bottom,443.2688313797116,nan,120.99242599833815,134.94924099904893,16.936,16.936,16.936,16.936,0.0,0.13599999999999923,0.13599999999999923,126.25383773719821,0
17.6,18.198,1,1,3.300000000004068,-1.0,-4.8917175185754246e-12,1,3.250868587142046,-1.0141180198833093,-5.605193857299268e-42,1.3979999999999997,0.0,0.051119606955100615,2.802747683845797e-10,959.8335517109772,298.79175812132036,nan,nan,1,17.6,959.8335517109772,298.79175812132036,0.0,0.597999999999999,1.0,3.251825705411518,-1.0627685955156858,0.07912432775386842,3.2401339508909097,-0.9955767541900589,0.06002923404404104,0.06002923404404104,0.051119606955100615,0.05,nan,nan,nan,nan,nan,nan,nan,298.79175812132036,0.7701787948608398,0.7701787948608398,1.0,0.0,290.0,443.2688313797116,950.5385131835938,278.3034362792969,971.496826171875,299.4534606933594,nan,nan,nan,nan,nan,0.0,nan,1.2093210513561041,nan,nan,nan,1.0,0.7701787948608398,0.7701787948608398,290.0,0.0,bbox_bottom,443.2688313797116,nan,112.51679900124145,126.52568400153541,17.616,17.616,17.616,17.616,0.0,0.015999999999998238,0.015999999999998238,126.25383773719821,0
18.0,18.639000000000003,1,1,3.300000000004068,-1.0,-4.8917173404887814e-12,1,3.2401339508909097,-0.9955767541900589,-5.605193857299268e-42,1.0390000000000015,1.0,0.06002923404404104,2.8027475818096667e-10,960.5812344305912,298.2836587855865,nan,nan,1,18.0,960.5812344305912,298.2836587855865,0.0,0.6390000000000029,1.0,3.2615541779784976,-1.0557607894824323,0.0677299555213643,3.2498059348954067,-0.9886573929882259,0.05145968233438766,0.05145968233438766,0.06002923404404104,0.05,nan,nan,nan,nan,nan,nan,nan,298.2836587855865,0.7701787948608398,0.7701787948608398,1.0,0.0,290.0,443.2688313797116,950.5385131835938,278.3034362792969,971.496826171875,299.4534606933594,nan,nan,nan,nan,nan,0.0,nan,1.2093210513561041,nan,nan,nan,1.0,0.7701787948608398,0.7701787948608398,290.0,0.0,bbox_bottom,443.2688313797116,nan,101.77462200044829,111.03453900068416,18.198,18.198,18.198,18.198,0.0,0.1980000000000004,0.1980000000000004,126.25383773719821,0
18.6,19.091,1,1,3.300000000004068,-1.0,-4.891717139158561e-12,1,3.2498059348954067,-0.9886573929882259,-5.605193857299268e-42,1.091000000000001,1.0,0.05145968233438766,2.8027474664559476e-10,962.7570375548645,298.95754996491723,nan,nan,1,18.0,960.5812344305912,298.2836587855865,0.0,1.091000000000001,1.0,3.2615541779784976,-1.0557607894824323,0.0677299555213643,3.2498059348954067,-0.9886573929882259,0.05145968233438766,0.05145968233438766,0.05145968233438766,0.05,nan,nan,nan,nan,nan,nan,nan,298.95754996491723,0.7701787948608398,0.7701787948608398,1.0,0.0,290.0,443.2688313797116,950.5385131835938,278.3034362792969,971.496826171875,299.4534606933594,nan,nan,nan,nan,nan,0.0,nan,1.2093210513561041,nan,nan,nan,1.0,0.7701787948608398,0.7701787948608398,290.0,0.0,bbox_bottom,443.2688313797116,nan,102.35474100045394,111.36826899928565,18.639000000000003,18.639000000000003,18.639000000000003,18.639000000000003,0.0,0.03900000000000148,0.03900000000000148,126.25383773719821,0
19.0,19.548000000000002,1,1,3.300000000004068,-1.0,-4.891716965583417e-12,1,3.269054092212112,-0.9979164628038542,-5.605193857299268e-42,0.9480000000000004,1.0,0.031015969053311606,2.8027473670047153e-10,961.3466393071946,299.1948881478855,nan,nan,1,19.0,961.3466393071946,299.1948881478855,0.0,0.5480000000000018,1.0,3.265520430207634,-1.0683220674083422,0.07652937755069772,3.2537908635802326,-1.0011159799261464,0.04622261027064788,0.04622261027064788,0.031015969053311606,0.05,nan,nan,nan,nan,nan,nan,nan,299.1948881478855,0.7701787948608398,0.7701787948608398,1.0,0.0,290.0,443.2688313797116,950.5385131835938,278.3034362792969,971.496826171875,299.4534606933594,nan,nan,nan,nan,nan,0.0,nan,1.2093210513561041,nan,nan,nan,1.0,0.7701787948608398,0.7701787948608398,290.0,0.0,bbox_bottom,443.2688313797116,nan,101.90126700035762,115.01401900022756,19.091,19.091,19.091,19.091,0.0,0.09100000000000108,0.09100000000000108,126.25383773719821,0
19.4,20.012,1,1,3.300000000004068,-1.0,-4.891716813668168e-12,1,3.2537908635802326,-1.0011159799261464,-5.605193857299268e-42,1.0120000000000005,1.0,0.04622261027064788,2.8027472799636893e-10,962.6011425565365,300.7738216804412,nan,nan,1,19.4,962.6011425565365,300.7738216804412,0.0,0.6120000000000019,1.0,3.271643371470688,-1.0900182612872025,0.09437894758340527,3.259948870740336,-1.0226329045100462,0.046003709870629524,0.046003709870629524,0.04622261027064788,0.05,nan,nan,nan,nan,nan,nan,nan,300.7738216804412,0.7701787948608398,0.7701787948608398,1.0,0.0,290.0,443.2688313797116,950.5385131835938,278.3034362792969,971.496826171875,299.4534606933594,nan,nan,nan,nan,nan,0.0,nan,1.2093210513561041,nan,nan,nan,1.0,0.7701787948608398,0.7701787948608398,290.0,0.0,bbox_bottom,443.2688313797116,nan,106.2711880003917,118.30230400119035,19.548000000000002,19.548000000000002,19.548000000000002,19.548000000000002,0.0,0.14800000000000324,0.14800000000000324,126.25383773719821,0
19.8,20.416,1,1,3.300000000004068,-1.0,-4.891716598046492e-12,1,3.259948870740336,-1.0226329045100462,-5.605193857299268e-42,1.0160000000000018,1.0,0.046003709870629524,2.802747156421569e-10,961.6510223005592,297.2499508127127,nan,nan,1,19.4,962.6011425565365,300.7738216804412,0.0,1.0160000000000018,1.0,3.271643371470688,-1.0900182612872025,0.09437894758340527,3.259948870740336,-1.0226329045100462,0.046003709870629524,0.046003709870629524,0.046003709870629524,0.05,nan,nan,nan,nan,nan,nan,nan,297.2499508127127,0.7701787948608398,0.7701787948608398,1.0,0.0,290.0,443.2688313797116,950.5385131835938,278.3034362792969,971.496826171875,299.4534606933594,nan,nan,nan,nan,nan,0.0,nan,1.2093210513561041,nan,nan,nan,1.0,0.7701787948608398,0.7701787948608398,290.0,0.0,bbox_bottom,443.2688313797116,nan,108.36890400059929,116.72321999867563,20.012,20.012,20.012,20.012,0.0,0.21199999999999974,0.21199999999999974,126.25383773719821,0
20.4,20.841,1,1,3.300000000004068,-1.0,-4.891716389673973e-12,1,3.264941916678134,-0.9745403401498529,-5.605193857299268e-42,1.0410000000000004,1.0,0.043327398793065346,2.8027470370329107e-10,961.0696986519943,300.1371468841359,nan,nan,1,19.8,961.6510223005592,297.2499508127127,0.0,1.0410000000000004,1.0,3.2767875720690918,-1.0414754388485223,0.04752924192866941,3.264941916678134,-0.9745403401498529,0.043327398793065346,0.043327398793065346,0.043327398793065346,0.05,nan,nan,nan,nan,nan,nan,nan,300.1371468841359,0.7701787948608398,0.7701787948608398,1.0,0.0,290.0,443.2688313797116,950.5385131835938,278.3034362792969,971.496826171875,299.4534606933594,nan,nan,nan,nan,nan,0.0,nan,1.2093210513561041,nan,nan,nan,1.0,0.7701787948608398,0.7701787948608398,290.0,0.0,bbox_bottom,443.2688313797116,nan,97.48679499898572,105.37162600121519,20.416,20.416,20.416,20.416,0.0,0.01600000000000179,0.01600000000000179,126.25383773719821,0
20.8,21.272000000000002,1,1,3.300000000004068,-1.0,-4.8917162101494285e-12,1,3.2470994306748846,-1.013939967863987,-5.605193857299268e-42,0.8720000000000034,1.0,0.05470642502851695,2.8027469341729235e-10,962.0216312535765,298.8355536486518,nan,nan,1,20.4,961.0696986519943,300.1371468841359,0.0,0.8720000000000034,1.0,3.258767894042689,-1.0812802837014592,0.09114039214640289,3.2470994306748846,-1.013939967863987,0.05470642502851695,0.05470642502851695,0.05470642502851695,0.05,nan,nan,nan,nan,nan,nan,nan,298.8355536486518,0.7701787948608398,0.7701787948608398,1.0,0.0,290.0,443.2688313797116,950.5385131835938,278.3034362792969,971.496826171875,299.4534606933594,nan,nan,nan,nan,nan,0.0,nan,1.2093210513561041,nan,nan,nan,1.0,0.7701787948608398,0.7701787948608398,290.0,0.0,bbox_bottom,443.2688313797116,nan,162.83417599879613,191.32952600011777,20.841,20.841,20.841,20.841,0.0,0.04100000000000037,0.04100000000000037,126.25383773719821,0
21.2,21.560000000000002,1,1,3.300000000004068,-1.0,-4.891716047999911e-12,1,3.2621133228501233,-0.9962324097178694,-5.605193857299268e-42,0.7600000000000016,1.0,0.03807354780292015,2.802746841268093e-10,962.8396810410627,298.13302972334606,nan,nan,1,20.8,962.0216312535765,298.8355536486518,0.0,0.7600000000000016,1.0,3.2738885633424513,-1.0633721201654782,0.06854073780461836,3.2621133228501233,-0.9962324097178694,0.03807354780292015,0.03807354780292015,0.03807354780292015,0.05,nan,nan,nan,nan,nan,nan,nan,298.13302972334606,0.7701787948608398,0.7701787948608398,1.0,0.0,290.0,443.2688313797116,950.5385131835938,278.3034362792969,971.496826171875,299.4534606933594,nan,nan,nan,nan,nan,0.0,nan,1.2093210513561041,nan,nan,nan,1.0,0.7701787948608398,0.7701787948608398,290.0,0.0,bbox_bottom,443.2688313797116,nan,116.3263199996436,130.85143099851848,21.272000000000002,21.272000000000002,21.272000000000002,21.272000000000002,0.0,0.07200000000000273,0.07200000000000273,126.25383773719821,0
21.4,21.982000000000003,1,1,3.300000000004068,-1.0,-4.891715843554261e-12,1,3.2733218968674254,-0.9866583710399706,-5.605193857299268e-42,0.7820000000000036,1.0,0.02982817879583741,2.8027467241293643e-10,960.3561416559191,300.3885106814734,nan,nan,1,21.2,962.8396810410627,298.13302972334606,0.0,0.7820000000000036,1.0,3.285166862299751,-1.0536814500653686,0.05569308803860583,3.2733218968674254,-0.9866583710399706,0.02982817879583741,0.02982817879583741,0.02982817879583741,0.05,nan,nan,nan,nan,nan,nan,nan,300.3885106814734,0.7701787948608398,0.7701787948608398,1.0,0.0,290.0,443.2688313797116,950.5385131835938,278.3034362792969,971.496826171875,299.4534606933594,nan,nan,nan,nan,nan,0.0,nan,1.2093210513561041,nan,nan,nan,1.0,0.7701787948608398,0.7701787948608398,290.0,0.0,bbox_bottom,443.2688313797116,nan,107.81703800057585,118.19250500047929,21.560000000000002,21.560000000000002,21.560000000000002,21.560000000000002,0.0,0.1600000000000037,0.1600000000000037,126.25383773719821,0
21.8,22.415000000000003,1,1,3.300000000004068,-1.0,-4.8917156452590406e-12,1,3.2388516457121272,-1.0173388488460673,-5.605193857299268e-42,1.0150000000000041,1.0,0.06355908205692946,2.8027466105145723e-10,961.0667242915597,301.4558532770046,nan,nan,1,21.8,961.0667242915597,301.4558532770046,0.0,0.615000000000002,1.0,3.253242041252587,-1.09936306578905,0.10981496049994426,3.2416438105503933,-1.0318456060456425,0.06647997797809088,0.06647997797809088,0.06355908205692946,0.05,nan,nan,nan,nan,nan,nan,nan,301.4558532770046,0.7701787948608398,0.7701787948608398,1.0,0.0,290.0,443.2688313797116,950.5385131835938,278.3034362792969,971.496826171875,299.4534606933594,nan,nan,nan,nan,nan,0.0,nan,1.2093210513561041,nan,nan,nan,1.0,0.7701787948608398,0.7701787948608398,290.0,0.0,bbox_bottom,443.2688313797116,nan,110.0727850007388,120.3474379999534,21.982000000000003,21.982000000000003,21.982000000000003,21.982000000000003,0.0,0.18200000000000216,0.18200000000000216,126.25383773719821,0
22.4,22.855,1,1,3.300000000004068,-1.0,-4.891715471271609e-12,1,3.2539181712690164,-0.9960021892955777,-5.605193857299268e-42,0.45500000000000185,1.0,0.046254917900640936,2.802746510827117e-10,961.2061888702468,298.82026660316717,nan,nan,1,22.4,961.2061888702468,298.82026660316717,0.0,0.45500000000000185,1.0,3.265662244441087,-1.0631614665371991,0.07189194886934663,3.2539181712690164,-0.9960021892955777,0.046254917900640936,0.046254917900640936,0.046254917900640936,0.05,nan,nan,nan,nan,nan,nan,nan,298.82026660316717,0.7701787948608398,0.7701787948608398,1.0,0.0,290.0,443.2688313797116,950.5385131835938,278.3034362792969,971.496826171875,299.4534606933594,nan,nan,nan,nan,nan,0.0,nan,1.2093210513561041,nan,nan,nan,1.0,0.7701787948608398,0.7701787948608398,290.0,0.0,bbox_bottom,443.2688313797116,nan,100.55492700121249,111.31774599925848,22.415000000000003,22.415000000000003,22.415000000000003,22.415000000000003,0.0,0.015000000000004121,0.015000000000004121,126.25383773719821,0
22.8,23.287000000000003,1,1,3.300000000004068,-1.0,-4.891715342220964e-12,1,3.2539181712690164,-0.9960021892955777,-5.605193857299268e-42,0.887000000000004,1.0,0.046254917900640936,2.802746436886544e-10,960.6401061725015,298.3623145757402,nan,nan,1,22.4,961.2061888702468,298.82026660316717,0.0,0.887000000000004,1.0,3.265662244441087,-1.0631614665371991,0.07189194886934663,3.2539181712690164,-0.9960021892955777,0.046254917900640936,0.046254917900640936,0.046254917900640936,0.05,nan,nan,nan,nan,nan,nan,nan,298.3623145757402,0.7701787948608398,0.7701787948608398,1.0,0.0,290.0,443.2688313797116,950.5385131835938,278.3034362792969,971.496826171875,299.4534606933594,nan,nan,nan,nan,nan,0.0,nan,1.2093210513561041,nan,nan,nan,1.0,0.7701787948608398,0.7701787948608398,290.0,0.0,bbox_bottom,443.2688313797116,nan,99.9819730004674,108.38542800047435,22.855,22.855,22.855,22.855,0.0,0.054999999999999716,0.054999999999999716,126.25383773719821,0
23.2,23.741000000000003,1,1,3.300000000004068,-1.0,-4.891715181434579e-12,1,3.25007734585438,-0.9897337561601556,-5.605193857299268e-42,0.9410000000000025,1.0,0.050967314623477325,2.8027463447627315e-10,959.7399895113477,300.0838721841276,nan,nan,1,22.8,960.6401061725015,298.3623145757402,0.0,0.9410000000000025,1.0,3.2618236926429214,-1.0568462172551292,0.06847570999960564,3.25007734585438,-0.9897337561601556,0.050967314623477325,0.050967314623477325,0.050967314623477325,0.05,nan,nan,nan,nan,nan,nan,nan,300.0838721841276,0.7701787948608398,0.7701787948608398,1.0,0.0,290.0,443.2688313797116,950.5385131835938,278.3034362792969,971.496826171875,299.4534606933594,nan,nan,nan,nan,nan,0.0,nan,1.2093210513561041,nan,nan,nan,1.0,0.7701787948608398,0.7701787948608398,290.0,0.0,bbox_bottom,443.2688313797116,nan,116.7862909987889,130.26655100111384,23.287000000000003,23.287000000000003,23.287000000000003,23.287000000000003,0.0,0.0870000000000033,0.0870000000000033,126.25383773719821,0
23.6,24.19,1,1,3.300000000004068,-1.0,-4.891714968816399e-12,1,3.2499295345168115,-1.0222560419751068,-5.605193857299268e-42,0.5899999999999999,1.0,0.054794004402929586,2.802746222941488e-10,961.5988354901472,300.7480195128005,nan,nan,1,23.6,961.5988354901472,300.7480195128005,0.0,0.5899999999999999,1.0,3.261586191696244,-1.0896644540227216,0.0975465785350927,3.2499295345168115,-1.0222560419751068,0.054794004402929586,0.054794004402929586,0.054794004402929586,0.05,nan,nan,nan,nan,nan,nan,nan,300.7480195128005,0.7701787948608398,0.7701787948608398,1.0,0.0,290.0,443.2688313797116,950.5385131835938,278.3034362792969,971.496826171875,299.4534606933594,nan,nan,nan,nan,nan,0.0,nan,1.2093210513561041,nan,nan,nan,1.0,0.7701787948608398,0.7701787948608398,290.0,0.0,bbox_bottom,443.2688313797116,nan,118.93382999915048,133.19944400063832,23.741000000000003,23.741000000000003,23.741000000000003,23.741000000000003,0.0,0.1410000000000018,0.1410000000000018,126.25383773719821,0
24.0,24.642000000000003,1,1,3.300000000004068,-1.0,-4.891714837119453e-12,1,3.2499295345168115,-1.0222560419751068,-5.605193857299268e-42,1.0420000000000016,1.0,0.054794004402929586,2.8027461474846956e-10,960.2630638864745,301.14256814580307,nan,nan,1,23.6,961.5988354901472,300.7480195128005,0.0,1.0420000000000016,1.0,3.261586191696244,-1.0896644540227216,0.0975465785350927,3.2499295345168115,-1.0222560419751068,0.054794004402929586,0.054794004402929586,0.054794004402929586,0.05,nan,nan,nan,nan,nan,nan,nan,301.14256814580307,0.7701787948608398,0.7701787948608398,1.0,0.0,290.0,443.2688313797116,950.5385131835938,278.3034362792969,971.496826171875,299.4534606933594,nan,nan,nan,nan,nan,0.0,nan,1.2093210513561041,nan,nan,nan,1.0,0.7701787948608398,0.7701787948608398,290.0,0.0,bbox_bottom,443.2688313797116,nan,101.17686200101161,110.60190900025191,24.19,24.19,24.19,24.19,0.0,0.19000000000000128,0.19000000000000128,126.25383773719821,0
24.6,25.089000000000002,1,1,3.300000000004068,-1.0,-4.891714654809462e-12,1,3.2348160521375866,-1.0275759914793587,-5.605193857299268e-42,1.0890000000000022,1.0,0.07077699036784374,2.802746043028765e-10,960.7302819699257,301.027868972204,nan,nan,1,24.0,960.2630638864745,301.14256814580307,0.0,1.0890000000000022,1.0,3.2463994897306496,-1.095072694387444,0.10914133918758362,3.2348160521375866,-1.0275759914793587,0.07077699036784374,0.07077699036784374,0.07077699036784374,0.05,nan,nan,nan,nan,nan,nan,nan,301.027868972204,0.7701787948608398,0.7701787948608398,1.0,0.0,290.0,443.2688313797116,950.5385131835938,278.3034362792969,971.496826171875,299.4534606933594,nan,nan,nan,nan,nan,0.0,nan,1.2093210513561041,nan,nan,nan,1.0,0.7701787948608398,0.7701787948608398,290.0,0.0,bbox_bottom,443.2688313797116,nan,108.46889999993437,122.25910400047724,24.642000000000003,24.642000000000003,24.642000000000003,24.642000000000003,0.0,0.04200000000000159,0.04200000000000159,126.25383773719821,0
25.0,25.567,1,1,3.300000000004068,-1.0,-4.8917144518074855e-12,1,3.2400048960754826,-1.0260320675001668,-5.605193857299268e-42,0.9669999999999987,1.0,0.06539939627959132,2.8027459267172005e-10,960.5848838305518,298.7179774010171,nan,nan,1,25.0,960.5848838305518,298.7179774010171,0.0,0.5670000000000002,1.0,3.2597733484030824,-1.0617515404907165,0.07369827848738184,3.2480481807419705,-0.9945895870438244,0.052232787528505555,0.052232787528505555,0.06539939627959132,0.05,nan,nan,nan,nan,nan,nan,nan,298.7179774010171,0.7701787948608398,0.7701787948608398,1.0,0.0,290.0,443.2688313797116,950.5385131835938,278.3034362792969,971.496826171875,299.4534606933594,nan,nan,nan,nan,nan,0.0,nan,1.2093210513561041,nan,nan,nan,1.0,0.7701787948608398,0.7701787948608398,290.0,0.0,bbox_bottom,443.2688313797116,nan,119.20037899835734,133.50657500086527,25.110000000000003,25.110000000000003,25.110000000000003,25.110000000000003,0.0,0.11000000000000298,0.11000000000000298,126.25383773719821,0
25.4,26.029,1,1,3.300000000004068,-1.0,-4.891714280258954e-12,1,3.2480481807419705,-0.9945895870438244,-5.605193857299268e-42,1.029,1.0,0.052232787528505555,2.8027458284271323e-10,961.2674550492931,300.4849137782289,nan,nan,1,25.0,960.5848838305518,298.7179774010171,0.0,1.029,1.0,3.2597733484030824,-1.0617515404907165,0.07369827848738184,3.2480481807419705,-0.9945895870438244,0.052232787528505555,0.052232787528505555,0.052232787528505555,0.05,nan,nan,nan,nan,nan,nan,nan,300.4849137782289,0.7701787948608398,0.7701787948608398,1.0,0.0,290.0,443.2688313797116,950.5385131835938,278.3034362792969,971.496826171875,299.4534606933594,nan,nan,nan,nan,nan,0.0,nan,1.2093210513561041,nan,nan,nan,1.0,0.7701787948608398,0.7701787948608398,290.0,0.0,bbox_bottom,443.2688313797116,nan,118.13003799943544,132.5473630004126,25.567,25.567,25.567,25.567,0.0,0.1670000000000016,0.1670000000000016,126.25383773719821,0
26.0,26.478,1,1,3.3000000000043372,-0.9999999999999982,0.042999999968902164,1,3.2476653709217427,-1.0186731292804387,-5.605193857299268e-42,1.078000000000003,1.0,0.05556616918896603,-2.463718517280765,961.1786792544498,298.86793186923603,nan,nan,1,26.0,961.1786792544498,298.86793186923603,0.0,0.47800000000000153,1.0,3.26518284692215,-1.0638183567951556,0.072698121109025,3.253442400153855,-0.9966519174499759,0.04667782943324783,0.04667782943297954,0.05556616918871196,0.05,nan,nan,nan,nan,nan,nan,nan,298.86793186923603,0.7701787948608398,0.7701787948608398,1.0,0.0,290.0,443.2688313797116,950.5385131835938,278.3034362792969,971.496826171875,299.4534606933594,nan,nan,nan,nan,nan,0.0,nan,1.2093210513561041,nan,nan,nan,1.0,0.7701787948608398,0.7701787948608398,290.0,0.0,bbox_bottom,443.2688313797116,nan,101.06535900013114,111.88101399966399,26.029,26.029,26.029,26.029,0.0,0.028999999999999915,0.028999999999999915,128.7175562547615,0
26.4,26.876,1,1,3.300000000005137,-0.9999999999997592,0.442999999873188,1,3.253442400153855,-0.9966519174499759,0.026431499297130914,0.8760000000000012,1.0,0.046677829434028435,-23.867616961101078,959.6764499636577,298.05194047844196,nan,nan,1,26.0,961.1786792544498,298.86793186923603,0.0,0.8760000000000012,1.0,3.26518284692215,-1.0638183567951556,0.07269812110961789,3.253442400153855,-0.9966519174499759,0.046677829434028435,0.04667782943297954,0.04667782943297954,0.05,nan,nan,nan,nan,nan,nan,nan,298.05194047844196,0.7701787948608398,0.7701787948608398,1.0,0.0,290.0,443.2688313797116,950.5385131835938,278.3034362792969,971.496826171875,299.4534606933594,nan,nan,nan,nan,nan,0.0,nan,1.2093210513561041,nan,nan,nan,1.0,0.7701787948608398,0.7701787948608398,290.0,0.0,bbox_bottom,443.2688313797116,nan,96.83946999939508,102.9287250003108,26.478,26.478,26.478,26.478,0.0,0.07800000000000296,0.07800000000000296,151.63586805451556,0
26.8,27.286,1,1,3.3117223584793587,-0.9874617289436965,0.8429999998087722,1,3.2415918474694196,-0.9854657940689713,0.44323513655975444,0.8860000000000028,1.0,0.07015890770628722,-22.90483946179323,961.968777820578,300.24627431258267,nan,nan,1,26.8,961.968777820578,300.24627431258267,0.0,0.48600000000000065,1.0,3.2674365731500967,-1.0827789801239598,0.10510285036473022,3.255738719992119,-1.015447794101173,0.06258903754866729,0.04687958245296391,0.06018932982311993,0.05,nan,nan,nan,nan,nan,nan,nan,300.24627431258267,0.8983332514762878,0.8983332514762878,1.0,0.0,289.0,436.32705179043114,950.2150268554688,279.8660888671875,972.7171630859375,299.2565612792969,nan,nan,nan,nan,nan,0.0,nan,2.1788408104637234,nan,nan,nan,1.0,0.8983332514762878,0.8983332514762878,289.0,0.0,bbox_bottom,436.32705179043114,nan,100.91938100049447,108.76533599912364,26.876,26.876,26.876,26.876,0.0,0.07600000000000051,0.07600000000000051,174.57504421376333,0
27.2,27.687,1,1,3.3851348358190347,-0.863270432129019,1.229099300297108,1,3.255738719992119,-1.015447794101173,0.8330205849705394,0.8870000000000005,1.0,0.19975310833100102,-22.693638743175974,961.9835020382341,299.22821692888095,nan,nan,1,26.8,961.968777820578,300.24627431258267,0.0,0.8870000000000005,1.0,3.2674365731500967,-1.0827789801239598,0.24907204515588166,3.255738719992119,-1.015447794101173,0.19975310833100102,0.04687958245296391,0.04687958245296391,0.05,nan,nan,nan,nan,nan,nan,nan,299.22821692888095,0.9047454595565796,0.9047454595565796,1.0,0.0,291.0,487.1273282300681,949.700927734375,280.73431396484375,974.5946655273438,300.3025817871094,nan,nan,nan,nan,nan,0.0,nan,2.2511009624123726,nan,nan,nan,1.0,0.9047454595565796,0.9047454595565796,291.0,0.0,bbox_bottom,487.1273282300681,nan,97.3463209993497,103.56274900004792,27.286,27.286,27.286,27.286,0.0,0.08600000000000207,0.08600000000000207,163.44575571714518,0
27.6,28.088,1,1,3.4090905114123977,-0.7167398566508694,1.5647184140401895,1,3.2600996393037724,-1.0015872280235647,1.2223489288647906,0.8880000000000017,1.0,0.3214596474670234,-19.616326534617162,967.797205970981,292.9317032232542,nan,nan,1,27.2,961.9835020382341,299.22821692888095,0.0,0.8880000000000017,1.0,3.2718523934364176,-1.068780924670196,0.3778454903763934,3.2600996393037724,-1.0015872280235647,0.3214596474670234,0.03993191802264784,0.03993191802264784,0.05,nan,nan,nan,nan,nan,nan,nan,292.9317032232542,0.8874370455741882,0.8874370455741882,1.0,0.0,293.0,462.66341724060476,955.541015625,273.8898010253906,978.3073120117188,294.21209716796875,nan,nan,nan,nan,nan,0.0,nan,2.064824924243558,nan,nan,nan,1.0,0.8874370455741882,0.8874370455741882,293.0,0.0,bbox_bottom,462.66341724060476,nan,101.64479899867729,111.71855899920047,27.687,27.687,27.687,27.687,0.0,0.08699999999999974,0.08699999999999974,144.8702820470275,0
28.0,28.499000000000002,1,1,3.383898766140072,-0.5540576850114505,1.876509980185464,1,3.3457246873533673,-0.9152039518871726,1.5573149250278209,0.8990000000000009,1.0,0.36315821121032615,-18.288529501978477,967.2605036822845,284.17906228713383,nan,nan,1,28.0,967.2605036822845,284.17906228713383,0.0,0.49900000000000233,1.0,3.390922490521073,-0.8575104338485405,0.3035340235969706,3.3781388772762027,-0.7925286142321071,0.23854047959012645,0.053014840985464974,0.037682007935660324,0.05,nan,nan,nan,nan,nan,nan,nan,284.17906228713383,0.8714795112609863,0.8714795112609863,1.0,0.0,291.0,448.52062429860234,956.447265625,264.1016540527344,979.4998779296875,283.55804443359375,nan,nan,nan,nan,nan,0.0,nan,1.9141040178780282,nan,nan,nan,1.0,0.8714795112609863,0.8714795112609863,291.0,0.0,bbox_bottom,448.52062429860234,nan,97.52775600099994,107.615431999875,28.088,28.088,28.088,28.088,0.0,0.08800000000000097,0.08800000000000097,128.10487115629203,0
28.4,28.92,1,1,3.3026422660969286,-0.36777987778604926,2.034069613607202,1,3.3781388772762027,-0.7925286142321071,1.8639360918241532,0.9200000000000017,1.0,0.43140610497775433,-9.747932751865756,960.4899406135348,273.2474230643632,nan,nan,1,28.4,960.4899406135348,273.2474230643632,0.0,0.5200000000000031,1.0,3.36893054919637,-0.6987550026641929,0.33754802586354204,3.3558023474197767,-0.6351444461980711,0.2725982514404642,0.05676842096098993,0.053014840985464974,0.05,nan,nan,nan,nan,nan,nan,nan,273.2474230643632,0.8854452967643738,0.8854452967643738,1.0,0.0,291.0,420.6301931887865,951.7680053710938,253.69284057617188,973.712158203125,272.8610534667969,nan,nan,nan,nan,nan,0.0,nan,2.045038212230127,nan,nan,nan,1.0,0.8854452967643738,0.8854452967643738,291.0,0.0,bbox_bottom,420.6301931887865,nan,102.05314599988924,110.37640999893483,28.499000000000002,28.499000000000002,28.499000000000002,28.499000000000002,0.0,0.09900000000000375,0.09900000000000375,120.69465214389956,0
28.8,29.317,1,1,3.231042182466199,-0.20566773835029795,1.8563241974280933,1,3.3558023474197767,-0.6351444461980711,2.015713592489332,0.9170000000000016,1.0,0.4472307473139625,9.132339636152313,952.3508237631999,261.3782005959153,nan,nan,1,28.8,952.3508237631999,261.3782005959153,0.0,0.5169999999999995,1.0,3.335904168520947,-0.5210857256530519,0.33239215218393237,3.3224227871266847,-0.4589878491835712,0.269298149753573,0.03347954545451724,0.05676842096098993,0.05,nan,nan,nan,nan,nan,nan,nan,261.3782005959153,0.9266552925109863,0.9266552925109863,1.0,0.0,291.0,464.0944526940584,941.2296752929688,241.4405517578125,964.63525390625,261.2689208984375,nan,nan,nan,nan,nan,0.0,nan,2.536411295892449,nan,nan,nan,1.0,0.9266552925109863,0.9266552925109863,291.0,0.0,bbox_bottom,464.0944526940584,nan,103.16061300000001,111.31952499999898,28.92,28.92,28.92,28.92,0.0,0.120000000000001,0.120000000000001,132.24544155639757,0
29.2,29.748,1,1,3.1992602021004863,-0.011454486607542447,1.6648134074257348,1,3.3224227871266847,-0.4589878491835712,1.831429905535778,0.9480000000000004,1.0,0.4641714478174447,9.546422138954926,940.066571422998,250.72356825246584,nan,nan,1,28.8,952.3508237631999,261.3782005959153,0.0,0.9480000000000004,1.0,3.335904168520947,-0.5210857256530519,0.5276320435399817,3.3224227871266847,-0.4589878491835712,0.4641714478174447,0.03347954545451724,0.03347954545451724,0.05,nan,nan,nan,nan,nan,nan,nan,250.72356825246584,0.9207720160484314,0.9207720160484314,1.0,0.0,291.0,395.53000250831246,929.56787109375,231.8192138671875,950.7166748046875,250.52145385742188,nan,nan,nan,nan,nan,0.0,nan,2.4528828968991783,nan,nan,nan,1.0,0.9207720160484314,0.9207720160484314,291.0,0.0,bbox_bottom,395.53000250831246,nan,114.5560850000038,121.98965300012787,29.317,29.317,29.317,29.317,0.0,0.11700000000000088,0.11700000000000088,144.37541017237194,0
29.6,30.156000000000002,1,1,3.1723122943101743,0.20807147563785744,1.7511406846836195,1,3.237803912177149,-0.2958460321482386,1.6357815918193233,0.9560000000000031,1.0,0.5081554945724625,-6.609589149581906,931.5643196417851,239.4441906739063,nan,nan,1,29.6,931.5643196417851,239.4441906739063,0.0,0.5560000000000009,1.0,3.208773443422611,-0.17734166477488716,0.38713396156551977,3.1948527046811024,-0.11800545704746754,0.326855068997193,0.031930951725167016,0.04352118581000331,0.05,nan,nan,nan,nan,nan,nan,nan,239.4441906739063,0.83299320936203,0.83299320936203,1.0,0.0,290.0,364.5284362882376,920.7931518554688,222.1154022216797,940.9471435546875,240.2025604248047,nan,nan,nan,nan,nan,0.0,nan,1.6069910160143681,nan,nan,nan,1.0,0.83299320936203,0.83299320936203,290.0,0.0,bbox_bottom,364.5284362882376,nan,105.44084299908718,114.4485260010697,29.748,29.748,29.748,29.748,0.0,0.1479999999999997,0.1479999999999997,140.60351724585732,0
30.0,30.582,1,1,3.1215710620237456,0.41881705327668284,1.857410221990543,1,3.1948527046811024,-0.11800545704746754,1.725091348519636,0.9819999999999993,1.0,0.5418012612953971,-7.581312999808531,928.9008099031713,228.55096866687745,nan,nan,1,29.6,931.5643196417851,239.4441906739063,0.0,0.9819999999999993,1.0,3.208773443422611,-0.17734166477488716,0.602502674210268,3.1948527046811024,-0.11800545704746754,0.5418012612953971,0.031930951725167016,0.031930951725167016,0.05,nan,nan,nan,nan,nan,nan,nan,228.55096866687745,0.26687026023864746,0.26687026023864746,1.0,0.0,292.0,196.91634100023657,921.119140625,212.345703125,933.8405151367188,227.8248748779297,nan,nan,nan,nan,nan,0.0,nan,-1.010560060939184,nan,nan,nan,1.0,0.26687026023864746,0.26687026023864746,292.0,0.0,bbox_bottom,196.91634100023657,nan,103.43117999946116,112.65267199996742,30.156000000000002,30.156000000000002,30.156000000000002,30.156000000000002,0.0,0.15600000000000236,0.15600000000000236,135.7711679604085,0
30.4,31.014000000000003,0,1,3.0422217273037035,0.6120209765947424,2.038316260977219,1,3.2138280880913768,0.05895607375801453,1.825102718139879,1.014000000000003,1.0,0.5790764455687939,-12.21623613961137,1264.495527095897,24.24050752053974,nan,nan,1,30.0,928.9008099031713,228.55096866687745,0.0,1.014000000000003,1.0,3.228307355482179,0.0012782304442352072,0.6384626559087387,3.2138280880913768,0.05895607375801453,0.5790764455687939,0.07370643443832614,0.07370643443832614,0.05,nan,nan,nan,nan,nan,nan,nan,14.504472904103068,0.0008057671948336065,0.0008057671948336065,0.0,0.0,292.0,710.2667209474894,1247.3035888671875,1.3525645732879639,1280.0,23.07564353942871,nan,nan,nan,nan,nan,0.0,nan,-7.122909605337105,nan,nan,nan,1.0,0.0008057671948336065,0.0008057671948336065,292.0,0.0,bbox_bottom,710.2667209474894,nan,105.31713700038381,116.11453699879348,30.582,30.582,30.582,30.582,0.0,0.18200000000000216,0.18200000000000216,126.75153077853535,0
31.0,31.425,0,1,2.9400553338899433,0.7983466411466686,2.061769248349333,1,3.2138280880913768,0.05895607375801453,1.825102718139879,1.4250000000000007,0.0,0.7884477992146052,-13.559993333007123,1264.4426175185808,23.917427679602028,nan,nan,1,30.0,928.9008099031713,228.55096866687745,0.0,1.4250000000000007,0.0,3.228307355482179,0.0012782304442352072,0.8475890981435011,3.2138280880913768,0.05895607375801453,0.7884477992146052,0.07370643443832614,0.07370643443832614,0.05,nan,nan,nan,nan,nan,nan,nan,14.557382481419154,0.0008017687359824777,0.0008017687359824777,0.0,0.0,292.0,710.1072043427848,1247.31005859375,1.3508504629135132,1280.0,23.073348999023438,nan,nan,nan,nan,nan,0.0,nan,-7.127888260480899,nan,nan,nan,1.0,0.0008017687359824777,0.0008017687359824777,292.0,0.0,bbox_bottom,710.1072043427848,nan,97.42684099910548,103.69650199936586,31.014000000000003,31.014000000000003,31.014000000000003,31.014000000000003,0.0,0.014000000000002899,0.014000000000002899,126.84625351365598,0
31.4,31.849000000000004,0,1,2.8624137018261524,0.9804083875141179,1.853618288166958,1,3.2138280880913768,0.05895607375801453,1.825102718139879,1.8490000000000038,0.0,0.9861878306897934,-1.6338218129613866,1263.7306229076178,21.64653700106105,nan,nan,1,30.0,928.9008099031713,228.55096866687745,0.0,1.8490000000000038,0.0,3.228307355482179,0.0012782304442352072,1.0452626608989002,3.2138280880913768,0.05895607375801453,0.9861878306897934,0.07370643443832614,0.07370643443832614,0.05,nan,nan,nan,nan,nan,nan,nan,15.269377092382229,0.0008017668733373284,0.0008017668733373284,0.0,0.0,292.0,710.1057079160237,1247.31005859375,1.3508580923080444,1280.0,23.07331085205078,nan,nan,nan,nan,nan,0.0,nan,-7.1278905855178305,nan,nan,nan,1.0,0.0008017668733373284,0.0008017668733373284,292.0,0.0,bbox_bottom,710.1057079160237,nan,96.68060300100478,106.92405400004645,31.425,31.425,31.425,31.425,0.0,0.02500000000000213,0.02500000000000213,139.964319573621,0
31.8,32.261,0,1,2.808465011377031,1.210581434211461,1.7794336338482462,1,3.2138280880913768,0.05895607375801453,1.825102718139879,2.261000000000003,0.0,1.2208850047415813,2.616645784137761,1263.5198621265256,22.303971687948295,nan,nan,1,30.0,928.9008099031713,228.55096866687745,0.0,2.261000000000003,0.0,3.228307355482179,0.0012782304442352072,1.2801100861040748,3.2138280880913768,0.05895607375801453,1.2208850047415813,0.07370643443832614,0.07370643443832614,0.05,nan,nan,nan,nan,nan,nan,nan,15.480137873474405,0.0008018986554816365,0.0008018986554816365,0.0,0.0,292.0,710.115083586832,1247.309814453125,1.3509089946746826,1280.0,23.073486328125,nan,nan,nan,nan,nan,0.0,nan,-7.127726102470373,nan,nan,nan,1.0,0.0008018986554816365,0.0008018986554816365,292.0,0.0,bbox_bottom,710.115083586832,nan,96.90295799919113,104.14624500117498,31.849000000000004,31.849000000000004,31.849000000000004,31.849000000000004,0.0,0.04900000000000304,0.04900000000000304,145.33602294552563,0
32.2,32.675000000000004,0,1,2.758595712244838,1.4369601781323245,1.8228695673737156,1,3.2138280880913768,0.05895607375801453,1.825102718139879,2.6750000000000043,0.0,1.451251814018273,0.12795011391756106,1262.2287474892971,23.334372895893456,nan,nan,1,30.0,928.9008099031713,228.55096866687745,0.0,2.6750000000000043,0.0,3.228307355482179,0.0012782304442352072,1.5105666760226735,3.2138280880913768,0.05895607375801453,1.451251814018273,0.07370643443832614,0.07370643443832614,0.05,nan,nan,nan,nan,nan,nan,nan,16.77125251070288,0.0008060536929406226,0.0008060536929406226,0.0,0.0,292.0,710.2832849874976,1247.302978515625,1.3527400493621826,1280.0,23.07592010498047,nan,nan,nan,nan,nan,0.0,nan,-7.122553822395894,nan,nan,nan,1.0,0.0008060536929406226,0.0008060536929406226,292.0,0.0,bbox_bottom,710.2832849874976,nan,94.24840200153994,100.61935300109326,32.261,32.261,32.261,32.261,0.0,0.06099999999999994,0.06099999999999994,143.871215589507,0
32.6,33.094,0,1,2.7022596038036406,1.5939445133752823,2.11848959794655,1,3.2138280880913768,0.05895607375801453,1.825102718139879,3.094000000000001,0.0,1.6179900567911738,-16.809829977434205,1263.0829398036649,22.04605081711549,nan,nan,1,30.0,928.9008099031713,228.55096866687745,0.0,3.094000000000001,0.0,3.228307355482179,0.0012782304442352072,1.677293094790366,3.2138280880913768,0.05895607375801453,1.6179900567911738,0.07370643443832614,0.07370643443832614,0.05,nan,nan,nan,nan,nan,nan,nan,15.917060196335115,0.0008060660329647362,0.0008060660329647362,0.0,0.0,292.0,710.280915131967,1247.302978515625,1.3527476787567139,1280.0,23.075855255126953,nan,nan,nan,nan,nan,0.0,nan,-7.12253850097933,nan,nan,nan,1.0,0.0008060660329647362,0.0008060660329647362,292.0,0.0,bbox_bottom,710.280915131967,nan,96.67798300142749,102.19536500153481,32.675000000000004,32.675000000000004,32.675000000000004,32.675000000000004,0.0,0.07500000000000284,0.07500000000000284,127.76640759546147,0
33.0,33.531,0,1,2.6109805469354574,1.6899270324326356,2.5384895979535234,1,3.2138280880913768,0.05895607375801453,1.825102718139879,3.530999999999999,0.0,1.7388189744529907,-40.87405737332833,1262.6119671816473,23.341632564328055,nan,nan,1,30.0,928.9008099031713,228.55096866687745,0.0,3.530999999999999,0.0,3.228307355482179,0.0012782304442352072,1.7979508238567985,3.2138280880913768,0.05895607375801453,1.7388189744529907,0.07370643443832614,0.07370643443832614,0.05,nan,nan,nan,nan,nan,nan,nan,16.388032818352713,0.0008017932414077222,0.0008017932414077222,0.0,0.0,292.0,710.1039131521247,1247.3099365234375,1.3508987426757812,1280.0,23.07321548461914,nan,nan,nan,nan,nan,0.0,nan,-7.1278576722163445,nan,nan,nan,1.0,0.0008017932414077222,0.0008017932414077222,292.0,0.0,bbox_bottom,710.1039131521247,nan,104.16928199992981,112.93884000042453,33.094,33.094,33.094,33.094,0.0,0.0940000000000012,0.0940000000000012,104.59706097364187,0
33.4,33.947,0,1,2.4816257219851794,1.743271468433543,2.9584895979307047,1,3.2138280880913768,0.05895607375801453,1.825102718139879,3.9470000000000027,0.0,1.8365834186533687,-64.9382847675155,1264.0136402108892,24.395676769083238,nan,nan,1,30.0,928.9008099031713,228.55096866687745,0.0,3.9470000000000027,0.0,3.228307355482179,0.0012782304442352072,1.8952767352031263,3.2138280880913768,0.05895607375801453,1.8365834186533687,0.07370643443832614,0.07370643443832614,0.05,nan,nan,nan,nan,nan,nan,nan,14.986359789110793,0.0008018065709620714,0.0008018065709620714,0.0,0.0,292.0,710.103788449429,1247.3099365234375,1.3509063720703125,1280.0,23.073219299316406,nan,nan,nan,nan,nan,0.0,nan,-7.127841034336422,nan,nan,nan,1.0,0.0008018065709620714,0.0008018065709620714,292.0,0.0,bbox_bottom,710.103788449429,nan,102.93245100001513,109.12597300011839,33.531,33.531,33.531,33.531,0.0,0.13100000000000023,0.13100000000000023,81.57899956781075,0
33.8,34.359,0,1,2.33341105512274,1.7388121154199014,-2.9433137482034653,1,3.2138280880913768,0.05895607375801453,1.825102718139879,4.359000000000002,0.0,1.8965891681250424,-86.7898615178406,1263.6386121869446,24.117185752254816,nan,nan,1,30.0,928.9008099031713,228.55096866687745,0.0,4.359000000000002,0.0,3.228307355482179,0.0012782304442352072,1.954447080336442,3.2138280880913768,0.05895607375801453,1.8965891681250424,0.07370643443832614,0.07370643443832614,0.05,nan,nan,nan,nan,nan,nan,nan,15.361387813055444,0.0008047930896282196,0.0008047930896282196,0.0,0.0,292.0,710.2387274166103,1247.3050537109375,1.3521499633789062,1280.0,23.075345993041992,nan,nan,nan,nan,nan,0.0,nan,-7.124120227992268,nan,nan,nan,1.0,0.0008047930896282196,0.0008047930896282196,292.0,0.0,bbox_bottom,710.2387274166103,nan,101.78552599973045,108.71603899977345,33.947,33.947,33.947,33.947,0.0,0.14700000000000557,0.14700000000000557,60.772872855429064,0
34.2,34.771,0,1,2.1591020095048985,1.6789750302716997,-2.7430925914694977,1,3.2138280880913768,0.05895607375801453,1.825102718139879,4.771000000000001,0.0,1.9331085122967357,-98.26168876792433,1265.0533268384913,24.226259309855745,nan,nan,1,30.0,928.9008099031713,228.55096866687745,0.0,4.771000000000001,0.0,3.228307355482179,0.0012782304442352072,1.9894387711155403,3.2138280880913768,0.05895607375801453,1.9331085122967357,0.07370643443832614,0.07370643443832614,0.05,nan,nan,nan,nan,nan,nan,nan,13.94667316150867,0.0008065896108746529,0.0008065896108746529,0.0,0.0,292.0,710.3010365139053,1247.3021240234375,1.3529384136199951,1280.0,23.076093673706055,nan,nan,nan,nan,nan,0.0,nan,-7.121888640674141,nan,nan,nan,1.0,0.0008065896108746529,0.0008065896108746529,292.0,0.0,bbox_bottom,710.3010365139053,nan,106.6122379997978,113.41223400086164,34.359,34.359,34.359,34.359,0.0,0.15899999999999892,0.15899999999999892,50.42878356598822,0
34.6,35.174,0,1,1.9736428232518861,1.608128333942382,-2.8574570776529553,1,3.2138280880913768,0.05895607375801453,1.825102718139879,5.1739999999999995,0.0,1.9844380017651695,-91.70908638343002,1261.289969531223,24.30194688753838,nan,nan,1,30.0,928.9008099031713,228.55096866687745,0.0,5.1739999999999995,0.0,3.228307355482179,0.0012782304442352072,2.0386638623247,3.2138280880913768,0.05895607375801453,1.9844380017651695,0.07370643443832614,0.07370643443832614,0.05,nan,nan,nan,nan,nan,nan,nan,17.71003046877695,0.0008015735656954348,0.0008015735656954348,0.0,0.0,292.0,710.0980317082722,1247.310546875,1.350720763206482,1280.0,23.07326316833496,nan,nan,nan,nan,nan,0.0,nan,-7.128131910106712,nan,nan,nan,1.0,0.0008015735656954348,0.0008015735656954348,292.0,0.0,bbox_bottom,710.0980317082722,nan,109.57858599977044,114.64370999965467,34.771,34.771,34.771,34.771,0.0,0.17099999999999937,0.17099999999999937,58.202385332312176,0
35.0,35.583000000000006,0,1,1.7884648159435996,1.5768980956436827,-3.071709282793457,1,3.2138280880913768,0.05895607375801453,1.825102718139879,5.5830000000000055,0.0,2.082260415844802,-79.43333927750814,1263.9946493051236,23.497066946115066,nan,nan,1,30.0,928.9008099031713,228.55096866687745,0.0,5.5830000000000055,0.0,3.228307355482179,0.0012782304442352072,2.134414322074332,3.2138280880913768,0.05895607375801453,2.082260415844802,0.07370643443832614,0.07370643443832614,0.05,nan,nan,nan,nan,nan,nan,nan,15.00535069487637,0.000801780610345304,0.000801780610345304,0.0,0.0,293.0,710.1044608937227,1247.31005859375,1.3508809804916382,1280.0,23.07329559326172,nan,nan,nan,nan,nan,0.0,nan,-7.127873438497333,nan,nan,nan,1.0,0.000801780610345304,0.000801780610345304,293.0,0.0,bbox_bottom,710.1044608937227,nan,110.73427200062724,119.10938999972132,35.174,35.174,35.174,35.174,0.0,0.1739999999999995,0.1739999999999995,71.81321877279606,0
35.4,35.976,0,1,1.5652470213518852,1.5691256664550983,-3.1130721951917795,1,3.2138280880913768,0.05895607375801453,1.825102718139879,5.975999999999999,0.0,2.2357172746836294,-77.0634189687149,1264.0266229255487,23.45595929344947,nan,nan,1,30.0,928.9008099031713,228.55096866687745,0.0,5.975999999999999,0.0,3.228307355482179,0.0012782304442352072,2.285588601993675,3.2138280880913768,0.05895607375801453,2.2357172746836294,0.07370643443832614,0.07370643443832614,0.05,nan,nan,nan,nan,nan,nan,nan,14.973377074451264,0.0008014544146135449,0.0008014544146135449,0.0,0.0,293.0,710.0921477214433,1247.310791015625,1.350677490234375,1280.0,23.07320213317871,nan,nan,nan,nan,nan,0.0,nan,-7.128280686873481,nan,nan,nan,1.0,0.0008014544146135449,0.0008014544146135449,293.0,0.0,bbox_bottom,710.0921477214433,nan,105.67822200027877,110.69125400172197,35.583000000000006,35.583000000000006,35.583000000000006,35.583000000000006,0.0,0.18300000000000693,0.18300000000000693,75.88088936950643,0
35.8,36.409,1,1,1.3361751060024023,1.555677315306197,-3.0446049861876383,1,3.2138280880913768,0.05895607375801453,1.825102718139879,6.408999999999999,0.0,2.401198699826641,-80.9863010796923,774.8627186636118,149.92699062212543,nan,nan,1,30.0,928.9008099031713,228.55096866687745,0.0,6.408999999999999,0.0,3.228307355482179,0.0012782304442352072,2.448738647659465,3.2138280880913768,0.05895607375801453,2.401198699826641,0.07370643443832614,0.07370643443832614,0.05,nan,nan,nan,nan,nan,nan,nan,149.92699062212543,0.8323768377304077,0.8323768377304077,1.0,0.0,290.0,226.76420008111745,767.888671875,133.24783325195312,781.1979370117188,150.28590393066406,nan,nan,nan,nan,nan,0.0,nan,1.6025668900453045,nan,nan,nan,1.0,0.8323768377304077,0.8323768377304077,290.0,0.0,bbox_bottom,226.76420008111745,nan,105.05864600054338,110.88811199988413,35.976,35.976,35.976,35.976,0.0,0.17600000000000193,0.17600000000000193,73.7195663129427,0
36.2,36.815000000000005,1,1,1.2140430010605003,1.5406466035353583,3.1056047997548326,1,1.4348219948838896,1.5110665147860207,3.07119993158818,0.615000000000002,1.0,0.22275175816160656,-1.9712537406531963,755.1857975629521,150.48199713732694,nan,nan,1,36.2,755.1857975629521,150.48199713732694,0.0,0.615000000000002,1.0,1.4463775144843374,1.4618836042761918,0.24532210699443818,1.4348219948838896,1.5110665147860207,0.22275175816160656,0.054059192629239625,0.054059192629239625,0.05,nan,nan,nan,nan,nan,nan,nan,150.48199713732694,0.8431658148765564,0.8431658148765564,1.0,0.0,292.0,278.2067905263975,749.2926025390625,132.7453155517578,764.8822631835938,150.59091186523438,nan,nan,nan,nan,nan,0.0,nan,1.6819745333130474,nan,nan,nan,1.0,0.8431658148765564,0.8431658148765564,292.0,0.0,bbox_bottom,278.2067905263975,nan,104.4884799994179,113.53275500005111,36.409,36.409,36.409,36.409,0.0,0.20899999999999608,0.20899999999999608,82.27845123205016,0
36.8,37.223,1,1,1.2140430010596384,1.5406466035355608,2.7056047997831474,1,1.4348219948838896,1.5110665147860207,3.07119993158818,1.0229999999999961,1.0,0.2227517581624878,20.947058062957417,734.5873203975731,153.278436117616,nan,nan,1,36.8,734.5873203975731,153.278436117616,0.0,0.4230000000000018,1.0,1.182479122935816,1.403349367558985,0.1408787045973346,1.1721000584402825,1.4537475385685823,0.09649175056814821,0.09649175056838434,0.054059192629239625,0.05,nan,nan,nan,nan,nan,nan,nan,153.278436117616,0.8771833777427673,0.8771833777427673,1.0,0.0,293.0,235.59976503252983,729.1839599609375,133.22000122070312,741.59814453125,152.19827270507812,nan,nan,nan,nan,nan,0.0,nan,1.9660237001889758,nan,nan,nan,1.0,0.8771833777427673,0.8771833777427673,293.0,0.0,bbox_bottom,235.59976503252983,nan,98.29549699861673,106.19216899976891,36.815000000000005,36.815000000000005,36.815000000000005,36.815000000000005,0.0,0.015000000000007674,0.015000000000007674,105.19676303566784,0
37.2,37.67,1,1,1.214043001058867,1.5406466035360031,2.2656047998287376,1,1.1721000584402825,1.4537475385685823,2.6623214048547346,0.8700000000000045,1.0,0.09649175056821124,22.730187130748085,736.794088718614,152.3723852682164,nan,nan,1,36.8,734.5873203975731,153.278436117616,0.0,0.8700000000000045,1.0,1.182479122935816,1.403349367558985,0.14087870459759283,1.1721000584402825,1.4537475385685823,0.09649175056821124,0.09649175056838434,0.09649175056838434,0.05,nan,nan,nan,nan,nan,nan,nan,152.3723852682164,0.8816975355148315,0.8816975355148315,1.0,0.0,292.0,234.09231417719275,730.464599609375,134.6035614013672,743.7011108398438,152.28890991210938,nan,nan,nan,nan,nan,0.0,nan,2.008604463666587,nan,nan,nan,1.0,0.8816975355148315,0.8816975355148315,292.0,0.0,bbox_bottom,234.09231417719275,nan,100.46232099921326,109.39746199983347,37.223,37.223,37.223,37.223,0.0,0.022999999999996135,0.022999999999996135,130.4069060188187,0
37.6,38.114000000000004,1,1,1.2140430010593435,1.5406466035348676,1.8256047999215979,1,1.2012565955487402,1.4724092182082038,2.2265428590508787,0.9140000000000015,1.0,0.06942501654375875,22.972058634274433,735.0701633314992,152.17966989050032,nan,nan,1,37.6,735.0701633314992,152.17966989050032,0.0,0.5140000000000029,1.0,1.190579576842621,1.4262863534835248,0.11674244758347119,1.1801072162489892,1.4764569804725443,0.07260816207271623,0.07260816207352366,0.06942501654447061,0.05,nan,nan,nan,nan,nan,nan,nan,152.17966989050032,0.9137417674064636,0.9137417674064636,1.0,0.0,292.0,260.53343778382987,728.2614135742188,135.6805419921875,743.578125,152.69029235839844,nan,nan,nan,nan,nan,0.0,nan,2.3602024996288966,nan,nan,nan,1.0,0.9137417674064636,0.9137417674064636,292.0,0.0,bbox_bottom,260.53343778382987,nan,101.28502999941702,110.62248199959868,37.67,37.67,37.67,37.67,0.0,0.07000000000000028,0.07000000000000028,155.61704899924908,0
38.0,38.54,1,1,1.2140430010594359,1.5406466035341193,1.4056048000228694,1,1.1801072162489892,1.4764569804725443,1.7919390875896888,0.9399999999999977,1.0,0.07260816207209787,22.135324158772228,734.5169093211259,151.49684832647864,nan,nan,1,37.6,735.0701633314992,152.17966989050032,0.0,0.9399999999999977,1.0,1.190579576842621,1.4262863534835248,0.11674244758275673,1.1801072162489892,1.4764569804725443,0.07260816207209787,0.07260816207352366,0.07260816207352366,0.05,nan,nan,nan,nan,nan,nan,nan,151.49684832647864,0.8563475608825684,0.8563475608825684,1.0,0.0,292.0,266.8658356368542,726.6439208984375,136.05882263183594,742.4129638671875,152.9822235107422,nan,nan,nan,nan,nan,0.0,nan,1.7852795579361966,nan,nan,nan,1.0,0.8563475608825684,0.8563475608825684,292.0,0.0,bbox_bottom,266.8658356368542,nan,104.37217400067311,113.46103100004257,38.114000000000004,38.114000000000004,38.114000000000004,38.114000000000004,0.0,0.11400000000000432,0.11400000000000432,179.6812763889395,0
38.4,38.95,1,1,1.2320727550794999,1.5711414729554267,0.9910380877465096,1,1.174440549914719,1.4906372807491282,1.3699143411943233,0.9500000000000028,1.0,0.09900705043048225,21.70801028028863,733.4603836006228,153.17125623776317,nan,nan,1,38.0,734.5169093211259,151.49684832647864,0.0,0.9500000000000028,1.0,1.1849297793829021,1.440580546884956,0.1388114389159227,1.174440549914719,1.4906372807491282,0.09900705043048225,0.06379095940790491,0.06379095940790491,0.05,nan,nan,nan,nan,nan,nan,nan,153.17125623776317,0.8975140452384949,0.8975140452384949,1.0,0.0,293.0,261.7173312744126,725.4957885742188,136.20266723632812,740.8236083984375,153.27732849121094,nan,nan,nan,nan,nan,0.0,nan,2.1699030070583656,nan,nan,nan,1.0,0.8975140452384949,0.8975140452384949,293.0,0.0,bbox_bottom,261.7173312744126,nan,111.9235350015515,120.35530799948901,38.54,38.54,38.54,38.54,0.0,0.14000000000000057,0.14000000000000057,156.66626588376124,0
38.8,39.373000000000005,1,1,1.3455223797557732,1.687413909172824,0.608093678032012,1,1.1582565792245936,1.4559975262013718,0.963274788623777,0.9730000000000061,1.0,0.29769451180055934,20.35037859967748,731.4363505074948,150.60826737874285,nan,nan,1,38.4,733.4603836006228,153.17125623776317,0.0,0.9730000000000061,1.0,1.1685880946929292,1.4055832159003125,0.33276760795059984,1.1582565792245936,1.4559975262013718,0.29769451180055934,0.10137845508010662,0.10137845508010662,0.05,nan,nan,nan,nan,nan,nan,nan,150.60826737874285,0.9175568222999573,0.9175568222999573,1.0,0.0,292.0,251.2129047587514,725.311767578125,135.8243865966797,739.932373046875,153.00650024414062,nan,nan,nan,nan,nan,0.0,nan,2.4096052087842765,nan,nan,nan,1.0,0.9175568222999573,0.9175568222999573,292.0,0.0,bbox_bottom,251.2129047587514,nan,101.69848199984699,108.50553499949456,38.95,38.95,38.95,38.95,0.0,0.15000000000000568,0.15000000000000568,135.4445471957513,0
39.2,39.806000000000004,1,1,1.3634824932685374,1.6992427760569133,0.9406573352800482,1,1.1375259909020836,1.5092137912163184,0.5897152506129056,1.0060000000000073,1.0,0.29524118283401507,-20.107500304950072,737.4035245459896,146.43070270422072,nan,nan,1,39.2,737.4035245459896,146.43070270422072,0.0,0.6060000000000016,1.0,1.2309869199778258,1.547608160553925,0.2013656712559851,1.2200304923662528,1.5965815898428781,0.1764023687985563,0.08707203293092428,0.0827216690696474,0.05,nan,nan,nan,nan,nan,nan,nan,146.43070270422072,0.8635457754135132,0.8635457754135132,1.0,0.0,293.0,218.1394611792639,729.94775390625,131.01834106445312,743.8331909179688,146.72828674316406,nan,nan,nan,nan,nan,0.0,nan,1.845057700294752,nan,nan,nan,1.0,0.8635457754135132,0.8635457754135132,293.0,0.0,bbox_bottom,218.1394611792639,nan,108.06324000077439,117.47776400079601,39.373000000000005,39.373000000000005,39.373000000000005,39.373000000000005,0.0,0.17300000000000182,0.17300000000000182,154.62006347792436,0
39.8,40.239000000000004,1,1,1.363482493269246,1.6992427760585125,1.3606573352618831,1,1.2200304923662528,1.5965815898428781,0.9323346726797666,1.0390000000000015,1.0,0.1764023688000632,-24.54108083576131,741.7779749852193,143.27658645901425,nan,nan,1,39.2,737.4035245459896,146.43070270422072,0.0,1.0390000000000015,1.0,1.2309869199778258,1.547608160553925,0.20136567125765553,1.2200304923662528,1.5965815898428781,0.1764023688000632,0.08707203293092428,0.08707203293092428,0.05,nan,nan,nan,nan,nan,nan,nan,143.27658645901425,0.8895968198776245,0.8895968198776245,1.0,0.0,293.0,248.85546384751797,735.3250732421875,125.69384765625,749.2908935546875,143.5127410888672,nan,nan,nan,nan,nan,0.0,nan,2.086629409827653,nan,nan,nan,1.0,0.8895968198776245,0.8895968198776245,293.0,0.0,bbox_bottom,248.85546384751797,nan,99.30774799977371,111.21898800047347,39.806000000000004,39.806000000000004,39.806000000000004,39.806000000000004,0.0,0.006000000000007333,0.006000000000007333,178.6842908723813,0
40.2,40.669000000000004,1,1,1.363482493269289,1.6992427760599256,1.8006573351999233,1,1.281399055745317,1.6633250931657277,1.3617137197863496,0.8690000000000069,1.0,0.08959782731874684,-25.149616607411325,743.9063196908811,146.68068303972942,nan,nan,1,40.2,743.9063196908811,146.68068303972942,0.0,0.4690000000000012,1.0,1.3126476482221305,1.5422868186014937,0.164982890181563,1.3013905677509725,1.5910950818066874,0.12470497579031907,0.12470497578889446,0.0895978273167663,0.05,nan,nan,nan,nan,nan,nan,nan,146.68068303972942,0.8590550422668457,0.8590550422668457,1.0,0.0,292.0,258.8333090543747,735.23828125,127.84185028076172,748.94140625,146.73048400878906,nan,nan,nan,nan,nan,0.0,nan,1.8074635535987298,nan,nan,nan,1.0,0.8590550422668457,0.8590550422668457,292.0,0.0,bbox_bottom,258.8333090543747,nan,100.38775099928898,109.3727379993652,40.259,40.259,40.259,40.259,0.0,0.0589999999999975,0.0589999999999975,156.10556614541426,0
40.6,41.133,1,1,1.363482493268697,1.6992427760612263,2.2406573351044607,1,1.3013905677509725,1.5910950818066874,1.7749915930354643,0.9329999999999998,1.0,0.12470497579115236,-26.680681684381085,743.1471966555666,145.55299671040274,nan,nan,1,40.2,743.9063196908811,146.68068303972942,0.0,0.9329999999999998,1.0,1.3126476482221305,1.5422868186014937,0.16498289018261805,1.3013905677509725,1.5910950818066874,0.12470497579115236,0.12470497578889446,0.12470497578889446,0.05,nan,nan,nan,nan,nan,nan,nan,145.55299671040274,0.9060547351837158,0.9060547351837158,1.0,0.0,292.0,280.59870871249586,735.5302124023438,128.40892028808594,750.5909423828125,147.04006958007812,nan,nan,nan,nan,nan,0.0,nan,2.266387394842833,nan,nan,nan,1.0,0.9060547351837158,0.9060547351837158,292.0,0.0,bbox_bottom,280.59870871249586,nan,111.78159300106927,124.83200899987423,40.669000000000004,40.669000000000004,40.669000000000004,40.669000000000004,0.0,0.06900000000000261,0.06900000000000261,130.8954231651341,0
41.0,41.54,1,1,1.363482493268983,1.699242776061102,2.6606573350178535,1,1.2941104607426939,1.6149377321442249,2.229097155666384,0.9399999999999977,1.0,0.10917792508861443,-24.72657688274805,746.0975648964343,147.68810260746773,nan,nan,1,40.6,743.1471966555666,145.55299671040274,0.0,0.9399999999999977,1.0,1.3054046260780412,1.5663269086647365,0.1450505651942691,1.2941104607426939,1.6149377321442249,0.10917792508861443,0.10917792508777499,0.10917792508777499,0.05,nan,nan,nan,nan,nan,nan,nan,147.68810260746773,0.8832401633262634,0.8832401633262634,1.0,0.0,291.0,297.9920264929533,736.4368896484375,128.17710876464844,752.4635620117188,146.77061462402344,nan,nan,nan,nan,nan,0.0,nan,2.0234780021049357,nan,nan,nan,1.0,0.8832401633262634,0.8832401633262634,291.0,0.0,bbox_bottom,297.9920264929533,nan,106.21500800152717,114.20487999930629,41.133,41.133,41.133,41.133,0.0,0.13300000000000267,0.13300000000000267,106.83119577459937,0
41.4,41.962,1,1,1.2577839896832201,1.722678612631817,3.0782581439861803,1,1.326882997095102,1.569817903646156,2.651940820307876,0.9620000000000033,1.0,0.1677530005004568,-24.42618338007947,747.352518363099,146.0235028093367,nan,nan,1,41.0,746.0975648964343,147.68810260746773,0.0,0.9620000000000033,1.0,1.3381806884617864,1.5208836490198827,0.21722070921906456,1.326882997095102,1.569817903646156,0.1677530005004568,0.13450026289854974,0.13450026289854974,0.05,nan,nan,nan,nan,nan,nan,nan,146.0235028093367,0.911272406578064,0.911272406578064,1.0,0.0,292.0,287.39992529153824,738.3815307617188,127.7952880859375,754.1896362304688,145.975830078125,nan,nan,nan,nan,nan,0.0,nan,2.3292709438631847,nan,nan,nan,1.0,0.911272406578064,0.911272406578064,292.0,0.0,bbox_bottom,287.39992529153824,nan,122.48769699908735,135.42265499927453,41.54,41.54,41.54,41.54,0.0,0.14000000000000057,0.14000000000000057,83.75016589773497,0
41.8,42.378,1,1,1.0650168443111827,1.7099825772013624,-3.001880609037064,1,1.3461384555039095,1.6048512719536332,3.0711827650057066,0.9780000000000015,1.0,0.3001365549590484,-12.039099951869591,743.6367475622621,144.6243190274772,nan,nan,1,41.4,747.352518363099,146.0235028093367,0.0,0.9780000000000015,1.0,1.3576068571694095,1.5562862885546918,0.33050183776817044,1.3461384555039095,1.6048512719536332,0.3001365549590484,0.09597172340699511,0.09597172340699511,0.05,nan,nan,nan,nan,nan,nan,nan,144.6243190274772,0.9104907512664795,0.9104907512664795,1.0,0.0,290.0,250.9406816959381,735.8157958984375,126.08058166503906,749.6243896484375,144.2533721923828,nan,nan,nan,nan,nan,0.0,nan,2.31964178350736,nan,nan,nan,1.0,0.9104907512664795,0.9104907512664795,290.0,0.0,bbox_bottom,250.9406816959381,nan,117.47509499946318,131.70411999999487,41.962,41.962,41.962,41.962,0.0,0.16200000000000614,0.16200000000000614,73.59245114682065,0
42.2,42.77,1,1,0.8843514198036591,1.6740015799972103,-2.954634819385772,1,1.3021695750596556,1.6346005275832365,-3.017003651347215,0.970000000000006,1.0,0.4196718406003109,-3.5734708445513226,731.2629388337184,143.56629764217766,nan,nan,1,41.8,743.6367475622621,144.6243190274772,0.0,0.970000000000006,1.0,1.3135488898088887,1.5861896977265895,0.4380883414641383,1.3021695750596556,1.6346005275832365,0.4196718406003109,0.08092588912679465,0.08092588912679465,0.05,nan,nan,nan,nan,nan,nan,nan,143.56629764217766,0.8794942498207092,0.8794942498207092,1.0,0.0,293.0,262.5781864109449,723.4684448242188,125.4364242553711,737.8310546875,143.71849060058594,nan,nan,nan,nan,nan,0.0,nan,1.9876495550244206,nan,nan,nan,1.0,0.8794942498207092,0.8794942498207092,293.0,0.0,bbox_bottom,262.5781864109449,nan,107.80253699886089,115.27771099827078,42.378,42.378,42.378,42.378,0.0,0.17799999999999727,0.17799999999999727,72.26060991201611,0
42.6,43.184000000000005,1,1,0.8442839527709984,1.6671765300403054,2.9580375923717535,1,1.147831199399902,1.6575009742730982,-2.9696943919288192,0.9840000000000018,1.0,0.3037014114478112,20.365975214868406,713.9154553136768,146.81471250210006,nan,nan,1,42.6,713.9154553136768,146.81471250210006,0.0,0.5840000000000032,1.0,0.9335663445241449,1.5394339211649146,0.1558509531554215,0.9237794768102195,1.589256880715488,0.11131491406443651,0.10814954170535965,0.06291884742654492,0.05,nan,nan,nan,nan,nan,nan,nan,146.81471250210006,0.8739046454429626,0.8739046454429626,1.0,0.0,293.0,262.0132232327014,708.41015625,127.01481628417969,722.3685302734375,145.78585815429688,nan,nan,nan,nan,nan,0.0,nan,1.93593286544478,nan,nan,nan,1.0,0.8739046454429626,0.8739046454429626,293.0,0.0,bbox_bottom,262.0132232327014,nan,107.02429299999494,115.73230599969975,42.77,42.77,42.77,42.77,0.0,0.1700000000000017,0.1700000000000017,93.79852485939895,0
43.0,43.576,1,1,0.8442839527698296,1.6671765300407606,2.5580375923857037,1,0.9237794768102195,1.589256880715488,2.9592411399438676,0.9759999999999991,1.0,0.11131491406558987,22.987270000758997,702.6727979317496,146.01522079944507,nan,nan,1,43.0,702.6727979317496,146.01522079944507,0.0,0.5760000000000005,1.0,0.7925756022961463,1.5564608244988736,0.12219542120041609,0.7832866190922182,1.6064984037928174,0.08603783888928872,0.08603783889011934,0.10814954170535965,0.05,nan,nan,nan,nan,nan,nan,nan,146.01522079944507,0.8225348591804504,0.8225348591804504,1.0,0.0,293.0,206.83063752856106,698.6461791992188,128.90818786621094,710.5693359375,146.25515747070312,nan,nan,nan,nan,nan,0.0,nan,1.5336166638442847,nan,nan,nan,1.0,0.8225348591804504,0.8225348591804504,293.0,0.0,bbox_bottom,206.83063752856106,nan,109.0349280002556,118.59760300103517,43.184000000000005,43.184000000000005,43.184000000000005,43.184000000000005,0.0,0.1840000000000046,0.1840000000000046,116.71683666384222,0
43.4,43.985,1,1,0.8442839527695627,1.6671765300409351,2.158037592446679,1,0.7832866190922182,1.6064984037928174,2.5634194695393604,0.9849999999999994,1.0,0.08603783888922258,23.22667064850171,705.3054262420691,145.99516476135923,nan,nan,1,43.0,702.6727979317496,146.01522079944507,0.0,0.9849999999999994,1.0,0.7925756022961463,1.5564608244988736,0.12219542120046127,0.7832866190922182,1.6064984037928174,0.08603783888922258,0.08603783889011934,0.08603783889011934,0.05,nan,nan,nan,nan,nan,nan,nan,145.99516476135923,0.8469099998474121,0.8469099998474121,1.0,0.0,293.0,210.6275797225535,699.0809326171875,130.65701293945312,711.93896484375,147.03802490234375,nan,nan,nan,nan,nan,0.0,nan,1.7105684467064743,nan,nan,nan,1.0,0.8469099998474121,0.8469099998474121,293.0,0.0,bbox_bottom,210.6275797225535,nan,105.73963200113212,112.1014849995845,43.576,43.576,43.576,43.576,0.0,0.17600000000000193,0.17600000000000193,139.6351484655838,0
43.8,44.370000000000005,1,1,0.844283952770065,1.6671765300396055,1.7580375925331804,1,0.8164773035017155,1.6068354516803727,2.1597506049024533,0.970000000000006,1.0,0.06643986364441214,23.01646018424597,705.1229192789147,147.64360340405918,nan,nan,1,43.4,705.3054262420691,145.99516476135923,0.0,0.970000000000006,1.0,0.8258959940594872,1.556888655338263,0.11181025146059252,0.8164773035017155,1.6068354516803727,0.06643986364441214,0.06643986364531446,0.06643986364531446,0.05,nan,nan,nan,nan,nan,nan,nan,147.64360340405918,0.8208914995193481,0.8208914995193481,1.0,0.0,293.0,225.10314749088138,697.6227416992188,131.50144958496094,711.3968505859375,147.84393310546875,nan,nan,nan,nan,nan,0.0,nan,1.5223991740822134,nan,nan,nan,1.0,0.8208914995193481,0.8208914995193481,293.0,0.0,bbox_bottom,225.10314749088138,nan,105.03903500102751,115.5313040017063,43.985,43.985,43.985,43.985,0.0,0.18500000000000227,0.18500000000000227,162.55346026585534,0
44.2,44.782000000000004,1,1,0.8442839527701058,1.6671765300390828,1.3580375926301635,1,0.8121198830195614,1.5720997038593023,1.7441252908338059,0.9820000000000064,1.0,0.10036996691908436,22.12119562898936,702.6637481294808,148.63107830324327,nan,nan,1,43.8,705.1229192789147,147.64360340405918,0.0,0.9820000000000064,1.0,0.8214264849580628,1.521825715169367,0.14713708987902735,0.8121198830195614,1.5720997038593023,0.10036996691908436,0.10036996692073294,0.10036996692073294,0.05,nan,nan,nan,nan,nan,nan,nan,148.63107830324327,0.8540008068084717,0.8540008068084717,1.0,0.0,293.0,229.79905676096678,696.1286010742188,131.63113403320312,710.0726318359375,148.11123657226562,nan,nan,nan,nan,nan,0.0,nan,1.7663310429210777,nan,nan,nan,1.0,0.8540008068084717,0.8540008068084717,293.0,0.0,bbox_bottom,229.79905676096678,nan,103.20613399926515,117.19848299981095,44.370000000000005,44.370000000000005,44.370000000000005,44.370000000000005,0.0,0.1700000000000017,0.1700000000000017,174.52822793446927,0
44.6,45.226000000000006,1,1,0.8795965952623965,1.7245621132429076,0.9390891444951487,1,0.7800406441255786,1.5514560092664833,1.3526158524371779,1.0260000000000034,1.0,0.19969254027292335,23.693335081017292,701.8514849242854,149.61249071702582,nan,nan,1,44.2,702.6637481294808,148.63107830324327,0.0,1.0260000000000034,1.0,0.7891662079039028,1.500909629660217,0.2412427996241815,0.7800406441255786,1.5514560092664833,0.19969254027292335,0.13235725002329138,0.13235725002329138,0.05,nan,nan,nan,nan,nan,nan,nan,149.61249071702582,0.8924275040626526,0.8924275040626526,1.0,0.0,293.0,219.27887861430645,695.7049560546875,131.66943359375,708.951171875,148.2235107421875,nan,nan,nan,nan,nan,0.0,nan,2.1157802813259274,nan,nan,nan,1.0,0.8924275040626526,0.8924275040626526,293.0,0.0,bbox_bottom,219.27887861430645,nan,105.72931699971377,115.69574100030877,44.782000000000004,44.782000000000004,44.782000000000004,44.782000000000004,0.0,0.18200000000000216,0.18200000000000216,150.74748980286935,0
45.2,45.634,1,1,0.9352347443980871,1.7885010490872446,0.5688177425551845,1,0.7686979419238371,1.5309497044464755,0.9294332205198593,1.033999999999999,1.0,0.3067037686508198,20.661744914468805,703.5568994121248,145.29544240379056,nan,nan,1,44.6,701.8514849242854,149.61249071702582,0.0,1.033999999999999,1.0,0.7777233042320634,1.4801869872454387,0.3462187379570432,0.7686979419238371,1.5309497044464755,0.3067037686508198,0.15579150505308914,0.15579150505308914,0.05,nan,nan,nan,nan,nan,nan,nan,145.29544240379056,0.8356056809425354,0.8356056809425354,1.0,0.0,293.0,221.45732748508453,696.4432373046875,129.3951416015625,709.9676513671875,145.769775390625,nan,nan,nan,nan,nan,0.0,nan,1.6258889018845537,nan,nan,nan,1.0,0.8356056809425354,0.8356056809425354,293.0,0.0,bbox_bottom,221.45732748508453,nan,99.99819400036358,109.23052099860797,45.226000000000006,45.226000000000006,45.226000000000006,45.226000000000006,0.0,0.026000000000003354,0.026000000000003354,129.9028918012982,0
45.6,46.056000000000004,1,1,0.9352347443997298,1.7885010490878561,0.14881774255334324,1,0.7953037395420051,1.6216954978717486,0.5585793120997792,0.8560000000000016,1.0,0.21772638341965367,23.47760854166714,705.3834632954988,139.4759992445051,nan,nan,1,45.6,705.3834632954988,139.4759992445051,0.0,0.45600000000000307,1.0,0.8355777223051345,1.6973806740489983,0.13503497620981297,0.8257416487291788,1.7460379230857372,0.1174387290010934,0.11743872899916687,0.12449809608321992,0.05,nan,nan,nan,nan,nan,nan,nan,139.4759992445051,0.86846524477005,0.86846524477005,1.0,0.0,293.0,236.7788477879949,700.3424682617188,123.83528900146484,714.31298828125,140.78375244140625,nan,nan,nan,nan,nan,0.0,nan,1.8874564523207278,nan,nan,nan,1.0,0.86846524477005,0.86846524477005,293.0,0.0,bbox_bottom,236.7788477879949,nan,95.89188099926105,104.26448699945468,45.634,45.634,45.634,45.634,0.0,0.03399999999999892,0.03399999999999892,105.83866440571023,0
46.0,46.484,1,1,0.9510037912768596,1.7845340297360246,-0.26772929682099983,1,0.8257416487291788,1.7460379230857372,0.13991834655675456,0.8840000000000003,1.0,0.1310440940403871,23.35648949399943,707.4733969468778,140.3265016497793,nan,nan,1,46.0,707.4733969468778,140.3265016497793,0.0,0.48400000000000176,1.0,0.8611058987678264,1.678884562063427,0.1387207305959313,0.8512213694699985,1.727641654599533,0.11486197826223282,0.10374060470482177,0.11743872899916687,0.05,nan,nan,nan,nan,nan,nan,nan,140.3265016497793,0.8236504197120667,0.8236504197120667,1.0,0.0,293.0,223.19599608052522,699.9552612304688,123.02479553222656,712.81787109375,140.37710571289062,nan,nan,nan,nan,nan,0.0,nan,1.5412779152840903,nan,nan,nan,1.0,0.8236504197120667,0.8236504197120667,293.0,0.0,bbox_bottom,223.19599608052522,nan,98.42484000000695,104.85357899960945,46.056000000000004,46.056000000000004,46.056000000000004,46.056000000000004,0.0,0.05600000000000449,0.05600000000000449,82.09820104406755,0
46.4,46.86,1,1,1.07800677962681,1.7246164884185302,-0.5890186040293556,1,0.8512213694699985,1.727641654599533,-0.2708457503716386,0.8599999999999994,1.0,0.22680558610937235,18.22996167022076,704.6021593581486,141.95508022752395,nan,nan,1,46.0,707.4733969468778,140.3265016497793,0.0,0.8599999999999994,1.0,0.8611058987678264,1.678884562063427,0.22166957663502584,0.8512213694699985,1.727641654599533,0.22680558610937235,0.10374060470482177,0.10374060470482177,0.05,nan,nan,nan,nan,nan,nan,nan,141.95508022752395,0.8175851106643677,0.8175851106643677,1.0,0.0,293.0,197.46279782475904,699.2191162109375,122.8871078491211,710.5514526367188,140.31182861328125,nan,nan,nan,nan,nan,0.0,nan,1.5000713038184332,nan,nan,nan,1.0,0.8175851106643677,0.8175851106643677,293.0,0.0,bbox_bottom,197.46279782475904,nan,99.1021030004049,104.41951699976926,46.484,46.484,46.484,46.484,0.0,0.08400000000000318,0.08400000000000318,64.73838153932243,0
