path,kind,tracked/untracked/generated,current thesis role,category,evidence,recommended action,risk if removed,notes
.venv/,dir,generated local environment,Local python environment only,Generated Noise,visible root item,ignore in thesis story; leave local,low,
.pytest_cache/,dir,generated local cache,pytest cache only,Generated Noise,visible root item,ignore in thesis story; leave local,low,
build/,dir,generated build tree,colcon build output only,Generated Noise,visible root item,ignore in thesis story; prune freely,low,
install/,dir,generated install tree,colcon install output only,Generated Noise,visible root item,ignore in thesis story; rebuild as needed,low,
log/,dir,generated build logs,colcon build logs only,Generated Noise,visible root item,ignore in thesis story; prune freely,low,
logs/,dir,generated experiment outputs,"canonical runtime and offline outputs, but not source",Generated Noise,README + active scripts reference logs as output root,keep for provenance but move out of conceptual repo story,medium,contains active artifacts and summaries
logs/experiments/,dir,generated run logs,logged planner runs and manifests,Generated Noise,experiment_logger + evaluation scripts,retain only needed evidence; archive old runs externally,medium,second-latest run is current paper evidence
logs/visibility_comparison/,dir,generated comparison artifacts,current offline GP-target and GP-artifact output root,Generated Noise,fit_visibility_gps.py + build_gp_targets.py + thesis report,"keep as output/provenance, not as hand-maintained source",medium,currently canonical artifact source
logs/perception_models/,dir,generated model outputs,runtime-accessible trained detector outputs,Generated Noise,active scripts default here for yolo model path,keep one canonical model; archive extras externally,medium,duplicates packaged models under src/experiments/data
logs/perception_datasets/,dir,generated dataset outputs,offline detector-training datasets,Generated Noise,perception training scripts,archive externally after training or regenerate,low,not part of paper runtime path
archive/,dir,tracked archive subtree,historical notes and legacy code kept out of active story,Legacy Compatibility,archive/README + active docs exclude archive from first-pass reading,keep archived or move farther from active tree,low,should never appear in thesis core reading path
docs/,dir,tracked docs subtree,"active documentation surface, but with drift and deleted assets in working tree",Paper-Core but Simplify,docs/README + current thesis report + git status,"keep, but prune and align to current paper story",medium,contains both canonical docs and stale cleanup notes
scripts/,dir,tracked scripts subtree,"offline tooling for GP fitting, plotting, training, and evaluation",Paper-Core but Simplify,scripts/README + docs/evaluation_and_plots.md,"keep, but separate core pipeline from optional tooling",medium,current scope is narrower than script surface
src/,dir,tracked source subtree,runtime and launch code for the thesis comparison,Paper-Core but Simplify,root README + thesis-report + active launches,keep as main codebase; simplify aggressively,high,central thesis implementation lives here
tests/,dir,tracked tests subtree,thin verification layer for selected math and tooling,Paper-Core but Simplify,tracked tests + current milestone reproducibility needs,"keep, but align coverage to actual core path",medium,coverage is selective rather than comprehensive
UnembodiedNavigation/,dir,untracked local spillover,visible nested directory with no tracked thesis role,Local Spillover,visible root item; no tracked files under git surface,inspect and remove if accidental,low,likely accidental leftover
yolo11n-seg.pt,file,untracked external dependency artifact,base YOLO segmentation checkpoint for local training,External Dependency Artifact,perception docs + train_yolo_seg.py + model manifests,keep outside tracked thesis source; document download/provenance,medium,"used as local base model, not thesis source"
yolo11n.pt,file,untracked external dependency artifact,generic YOLO checkpoint not on current paper path,External Dependency Artifact,code_review.txt notes root weights as local artifacts,move out of repo root unless still needed,low,adds noise at repo root
yolo26n.pt,file,untracked external dependency artifact,extra YOLO checkpoint with no clear current milestone role,External Dependency Artifact,visible root item; no active scripts reference it,remove or move out of repo root after confirmation,low,strong noise candidate
.codex,file,tracked,empty placeholder with no thesis function,Dead Code / Dead File,empty tracked root file; no runtime/docs role,remove from repo,low,
.gitignore,file,tracked,repo hygiene for generated and local artifacts,Paper-Core,repo maintenance file required to keep noise out of git,keep,high,
README.md,file,tracked,main onboarding narrative for the current thesis repo,Docs Drift / Story Drift,root README + thesis report + active implementation differ on covariance blend and current scope details,"update to match YOLO-first, precision-blend, current-paper story",high,active onboarding surface
archive/README.md,file,tracked,declares historical-only boundary for archived material,Legacy Compatibility,archive/README + active docs explicitly de-emphasize archive,keep archived,low,
archive/experiments/tasks_legacy.yaml,file,tracked,historical code or aliases preserved only for older notes/manifests,Legacy Compatibility,archive subtree explicitly excluded from active thesis path,keep archived or move outside active repo root,low,
archive/visibility_legacy/README.md,file,tracked,historical code or aliases preserved only for older notes/manifests,Legacy Compatibility,archive subtree explicitly excluded from active thesis path,keep archived or move outside active repo root,low,
archive/visibility_legacy/fit_empirical_visibility_gp.py,file,tracked,historical code or aliases preserved only for older notes/manifests,Legacy Compatibility,archive subtree explicitly excluded from active thesis path,keep archived or move outside active repo root,low,
archive/visibility_legacy/generate_docs_figures.py,file,tracked,historical code or aliases preserved only for older notes/manifests,Legacy Compatibility,archive subtree explicitly excluded from active thesis path,keep archived or move outside active repo root,low,
archive/visibility_legacy/plot_visibility_run.py,file,tracked,historical code or aliases preserved only for older notes/manifests,Legacy Compatibility,archive subtree explicitly excluded from active thesis path,keep archived or move outside active repo root,low,
archive/visibility_legacy/showcase_yolo_gp_performance.py,file,tracked,historical code or aliases preserved only for older notes/manifests,Legacy Compatibility,archive subtree explicitly excluded from active thesis path,keep archived or move outside active repo root,low,
archive/visualization/README.md,file,tracked,historical code or aliases preserved only for older notes/manifests,Legacy Compatibility,archive subtree explicitly excluded from active thesis path,keep archived or move outside active repo root,low,
code_review.txt,file,tracked,"internal review memo, not part of thesis runtime or paper surface",Possibly Irrelevant,standalone note file outside docs/src structure,move to docs/internal or remove after cleanup decisions land,low,useful as temporary cleanup input only
docs/README.md,file,tracked (locally modified),docs entry point for active milestone,Docs Drift / Story Drift,docs/README references tracked figures currently deleted in working tree and meeting files outside git surface,repair links/figures or narrow the docs surface,high,working tree modified
docs/architecture_overview.md,file,tracked,canonical package map and reading order for the active comparison,Paper-Core,docs/README + architecture_overview align with active source tree,keep,medium,
docs/evaluation_and_plots.md,file,tracked,current evaluation/reporting guidance for milestone-grade comparison,Paper-Core but Simplify,evaluation doc matches active logger/scripts but still frames a broader evaluator than the paper currently uses,"keep, but tighten to current thesis outputs",medium,
docs/figures/README.md,file,tracked (locally deleted),documentation figure asset or figure metadata,"Tracked Artifact, Not Source",docs/README and package docs embed these figures,either keep and restore consistently or remove figure references everywhere,medium,working tree deleted
docs/figures/figure_sources.json,file,tracked (locally deleted),documentation figure asset or figure metadata,"Tracked Artifact, Not Source",docs/README and package docs embed these figures,either keep and restore consistently or remove figure references everywhere,medium,working tree deleted
docs/figures/observation_model_tutorial.png,file,tracked (locally deleted),documentation figure asset or figure metadata,"Tracked Artifact, Not Source",docs/README and package docs embed these figures,either keep and restore consistently or remove figure references everywhere,medium,working tree deleted
docs/figures/planner_field_story.png,file,tracked (locally deleted),documentation figure asset or figure metadata,"Tracked Artifact, Not Source",docs/README and package docs embed these figures,either keep and restore consistently or remove figure references everywhere,medium,working tree deleted
docs/figures/planner_run_timeseries.png,file,tracked (locally deleted),documentation figure asset or figure metadata,"Tracked Artifact, Not Source",docs/README and package docs embed these figures,either keep and restore consistently or remove figure references everywhere,medium,working tree deleted
docs/figures/state_pipeline_tutorial.png,file,tracked (locally deleted),documentation figure asset or figure metadata,"Tracked Artifact, Not Source",docs/README and package docs embed these figures,either keep and restore consistently or remove figure references everywhere,medium,working tree deleted
docs/figures/visibility_capture_tutorial.png,file,tracked (locally deleted),documentation figure asset or figure metadata,"Tracked Artifact, Not Source",docs/README and package docs embed these figures,either keep and restore consistently or remove figure references everywhere,medium,working tree deleted
docs/limitations.md,file,tracked,"claim guardrails for slides, README, and paper",Paper-Core,"limitations doc aligns with thesis caveats (hybrid state, baseline honesty, ET1 focus)",keep,medium,
docs/perception_cleanup_audit.md,file,tracked,older internal cleanup note for perception path,Possibly Irrelevant,"superseded by this broader repo audit, though still informative",merge key findings then archive/remove,low,
docs/perception_to_visibility_comparison.md,file,tracked,broader multi-method comparison framework document,Docs Drift / Story Drift,"current paper uses yolo_score_raw only, while this doc centers a wider red/oracle/multi-method backbone",move to future-work/appendix or retarget to current milestone,medium,
docs/perception_training_and_inference.md,file,tracked,optional detector-preparation guide,Possibly Irrelevant,supports retraining/sanity checks but not current paper claim or runtime explanation,keep only if you still expect retraining from this repo,medium,
docs/perception_visibility_cleanup_plan.md,file,tracked,older cleanup plan for the visibility backbone,Docs Drift / Story Drift,contains deferred/active claims that no longer match current repo state,archive or rewrite as historical note,low,
docs/planner_comparison_validation_checklist.md,file,tracked,comparison hygiene checklist for honest claims,Paper-Core but Simplify,supports current milestone evaluation discipline but is not itself core method code,keep,low,
docs/planner_method.md,file,tracked,planner explanation doc intended to mirror core method,Docs Drift / Story Drift,planner_method still shows linear covariance blend and broader retained-planner story than current paper text,update against current implementation and thesis report,high,
docs/runtime_dataflow.md,file,tracked,offline-to-online pipeline explanation,Paper-Core but Simplify,runtime_dataflow largely matches current path but still reserves broader comparison targets,"keep, but narrow to current paper path",medium,
requirements.txt,file,tracked,lightweight Python dependency manifest for non-ROS pieces,Paper-Core,root requirements.txt supports reproducibility for scripts,"keep, but pin versions more tightly if thesis-final",medium,ROS deps still system-managed
scripts/README.md,file,tracked,entry point for offline tooling surface,Paper-Core but Simplify,scripts README describes current backbone but the folder still contains many optional helpers,"keep, but split core vs optional tooling explicitly",medium,
scripts/capture_noise_data.py,file,tracked,"noise-estimation side tool, not part of paper-facing runtime or GP pipeline",Possibly Irrelevant,not named in active README/docs minimum path,move to optional utilities or remove after confirmation,low,
scripts/estimate_noise_from_capture.py,file,tracked,"noise-estimation side tool, not part of paper-facing runtime or GP pipeline",Possibly Irrelevant,not named in active README/docs minimum path,move to optional utilities or remove after confirmation,low,
scripts/evaluate_occlusion_comparison.py,file,tracked,main post-run evaluator for milestone summaries,Paper-Core but Simplify,docs/evaluation_and_plots lists it as core evaluation step,"keep, but narrow outputs to current thesis metrics",medium,
scripts/perception/analyze_dataset_robustness.py,file,tracked,dataset QA helper for training splits and yaw coverage,Possibly Irrelevant,training-support only; not needed to explain current runtime comparison,move under optional training tooling,low,
scripts/perception/capture_external_camera_images.py,file,tracked,"detector-training or data-prep helper, not current paper runtime code",Possibly Irrelevant,supports optional detector preparation rather than the current thesis claim,move to optional training subtree or separate repo if kept,low,
scripts/perception/capture_projected_bbox_dataset.py,file,tracked,"detector-training or data-prep helper, not current paper runtime code",Possibly Irrelevant,supports optional detector preparation rather than the current thesis claim,move to optional training subtree or separate repo if kept,low,
scripts/perception/capture_simseg_dataset.py,file,tracked,"detector-training or data-prep helper, not current paper runtime code",Possibly Irrelevant,supports optional detector preparation rather than the current thesis claim,move to optional training subtree or separate repo if kept,low,
scripts/perception/dataset_split_utils.py,file,tracked,"detector-training or data-prep helper, not current paper runtime code",Possibly Irrelevant,supports optional detector preparation rather than the current thesis claim,move to optional training subtree or separate repo if kept,low,
scripts/perception/drive_robot_pattern.py,file,tracked,"detector-training or data-prep helper, not current paper runtime code",Possibly Irrelevant,supports optional detector preparation rather than the current thesis claim,move to optional training subtree or separate repo if kept,low,
scripts/perception/make_preview_grid.py,file,tracked,"detector-training or data-prep helper, not current paper runtime code",Possibly Irrelevant,supports optional detector preparation rather than the current thesis claim,move to optional training subtree or separate repo if kept,low,
scripts/perception/make_redmask_pseudolabels.py,file,tracked,"detector-training or data-prep helper, not current paper runtime code",Possibly Irrelevant,supports optional detector preparation rather than the current thesis claim,move to optional training subtree or separate repo if kept,low,
scripts/perception/test_yolo_out_of_box.py,file,tracked,quick detector sanity check for local YOLO model,Possibly Irrelevant,perception training doc mentions it; not part of paper method,keep only if local model iteration still happens here,low,
scripts/perception/train_yolo_seg.py,file,tracked,optional YOLO fine-tuning script for detector preparation,Possibly Irrelevant,perception training doc + manifests reference it; runtime paper path does not,keep only if retraining remains in-scope for this repo,medium,
scripts/visibility_comparison/README_EFE_MAIN.md,file,tracked,profile note file that no longer matches the representative logged run defaults,Docs Drift / Story Drift,"path role is optional, deferred, or outdated relative to current paper path",move to optional/legacy bucket unless actively used,low,
scripts/visibility_comparison/README_GP_ARTIFACTS.md,file,tracked,artifact note file with outdated generation path and schema emphasis,Docs Drift / Story Drift,"path role is optional, deferred, or outdated relative to current paper path",move to optional/legacy bucket unless actively used,low,
scripts/visibility_comparison/analyze_gp_capture.py,file,tracked,"support analysis helper, not part of minimum pipeline",Possibly Irrelevant,"path role is optional, deferred, or outdated relative to current paper path",move to optional/legacy bucket unless actively used,low,
scripts/visibility_comparison/build_gp_targets.py,file,tracked,planner-facing GP target builder used by current artifact path,Paper-Core but Simplify,active docs + current GP pipeline + representative run all touch this backbone,keep; trim non-current method branches where possible,medium,
scripts/visibility_comparison/capture_visibility_samples.py,file,tracked,offline canonical capture for current GP backbone,Paper-Core,active docs + current GP pipeline + representative run all touch this backbone,keep; trim non-current method branches where possible,medium,
scripts/visibility_comparison/common.py,file,tracked,shared constants and path/schema contract for comparison scripts,Paper-Core,active docs + current GP pipeline + representative run all touch this backbone,keep; trim non-current method branches where possible,medium,
scripts/visibility_comparison/compute_area_reference.py,file,tracked,"supports deferred red-area-corrected target, not current yolo_score_raw paper path",Possibly Irrelevant,"path role is optional, deferred, or outdated relative to current paper path",move to optional/legacy bucket unless actively used,low,
scripts/visibility_comparison/extract_perception_targets.py,file,tracked,shared target extraction feeding current GP backbone,Paper-Core but Simplify,active docs + current GP pipeline + representative run all touch this backbone,keep; trim non-current method branches where possible,medium,
scripts/visibility_comparison/fit_visibility_gps.py,file,tracked,current GP fitter for planner-compatible artifacts,Paper-Core but Simplify,active docs + current GP pipeline + representative run all touch this backbone,keep; trim non-current method branches where possible,medium,
scripts/visibility_comparison/make_run_diagnostic_video.py,file,tracked,"optional presentation/debug output, not core paper evidence",Possibly Irrelevant,"path role is optional, deferred, or outdated relative to current paper path",move to optional/legacy bucket unless actively used,low,
scripts/visibility_comparison/make_visibility_comparison_report.py,file,tracked,report assembly for the current comparison surface,Paper-Core but Simplify,active docs + current GP pipeline + representative run all touch this backbone,keep; trim non-current method branches where possible,medium,
scripts/visibility_comparison/plot_gp_and_ambiguity_maps.py,file,tracked,main GP and ambiguity visualization for current method,Paper-Core,active docs + current GP pipeline + representative run all touch this backbone,keep; trim non-current method branches where possible,medium,
scripts/visibility_comparison/plot_planned_paths.py,file,tracked,main trajectory-over-field visualization for current method,Paper-Core,active docs + current GP pipeline + representative run all touch this backbone,keep; trim non-current method branches where possible,medium,
scripts/visibility_comparison/plot_yolo_calibration.py,file,tracked,calibration/diagnostic step for YOLO raw scores,Paper-Core,active docs + current GP pipeline + representative run all touch this backbone,keep; trim non-current method branches where possible,medium,
scripts/visibility_comparison/probe_rollout_families.py,file,tracked,deep rollout-diagnostic tool well beyond current paper narrative,Overkill / Unnecessarily Complicated,script surface exceeds current thesis scope (yolo_score_raw vs baseline),keep only if you still use these diagnostics; otherwise archive,low,
scripts/visibility_comparison/run_efe_precision_sweep.py,file,tracked,secondary diagnostic sweep for profile tuning and retained baselines,Overkill / Unnecessarily Complicated,script surface exceeds current thesis scope (yolo_score_raw vs baseline),keep only if you still use these diagnostics; otherwise archive,low,
scripts/visibility_comparison/run_planner_comparison.py,file,tracked,broader run orchestrator spanning multiple methods/backends beyond current paper path,Overkill / Unnecessarily Complicated,script surface exceeds current thesis scope (yolo_score_raw vs baseline),keep only if you still use these diagnostics; otherwise archive,low,
scripts/visibility_comparison/run_planner_method_sweep.py,file,tracked,method sweep runner for many target families/backends beyond current paper path,Overkill / Unnecessarily Complicated,script surface exceeds current thesis scope (yolo_score_raw vs baseline),keep only if you still use these diagnostics; otherwise archive,low,
scripts/visibility_comparison/validate_comparison_integrity.py,file,tracked,consistency checker for multi-run comparison outputs,Paper-Core but Simplify,active docs + current GP pipeline + representative run all touch this backbone,keep; trim non-current method branches where possible,medium,
scripts/visibility_comparison/yolo_calibration_utils.py,file,tracked,shared helper for calibration support code,Possibly Irrelevant,"path role is optional, deferred, or outdated relative to current paper path",move to optional/legacy bucket unless actively used,low,
src/experiments/README.md,file,tracked,package guide for current experiment surface,Paper-Core,experiments README aligns with active launch and config surface,keep,medium,
src/experiments/config/README.md,file,tracked,config-surface explanation for worlds/tasks,Paper-Core,config README matches the narrow benchmark-story intent,keep,medium,
src/experiments/config/tasks.yaml,file,tracked (locally modified),active benchmark task definition,Paper-Core but Simplify,"tasks.yaml is source-of-truth for launch surface, but current working copy diverges from representative paper run snapshot","keep, but reconcile with current thesis text/run evidence",high,working tree modified
src/experiments/config/world_profiles.yaml,file,tracked,world/camera/default-artifact registry for launches and capture,Paper-Core but Simplify,"launches depend on it, but packaged artifact defaults and GP hyperparams are legacy vs current logs/current_gp","keep, but update defaults to current canonical artifact story",high,
src/experiments/data/perception_models/README.md,file,tracked,documentation for packaged trained detector artifacts,"Tracked Artifact, Not Source","data/perception_models is artifact storage, not method source",keep only if you intentionally version trained models here,low,
src/experiments/data/perception_models/warehouse_occ_light_yolo11n_seg_smoke/confusion_matrix.png,file,tracked,training-output artifact or training diagnostics image,"Tracked Artifact, Not Source",bulky trainer output stored under source tree,externalize or untrack; keep only essential provenance if needed,low,
src/experiments/data/perception_models/warehouse_occ_light_yolo11n_seg_smoke/labels.jpg,file,tracked,training-output artifact or training diagnostics image,"Tracked Artifact, Not Source",bulky trainer output stored under source tree,externalize or untrack; keep only essential provenance if needed,low,
src/experiments/data/perception_models/warehouse_occ_light_yolo11n_seg_smoke/manifest.json,file,tracked,provenance metadata for packaged detector artifact,"Tracked Artifact, Not Source","artifact manifest useful for provenance, but runtime currently defaults to logs/perception_models model path",keep only with one canonical packaged model if versioning artifacts,low,
src/experiments/data/perception_models/warehouse_occ_light_yolo11n_seg_smoke/results.csv,file,tracked,training-output artifact or training diagnostics image,"Tracked Artifact, Not Source",bulky trainer output stored under source tree,externalize or untrack; keep only essential provenance if needed,low,
src/experiments/data/perception_models/warehouse_occ_light_yolo11n_seg_smoke/results.png,file,tracked,training-output artifact or training diagnostics image,"Tracked Artifact, Not Source",bulky trainer output stored under source tree,externalize or untrack; keep only essential provenance if needed,low,
src/experiments/data/perception_models/warehouse_occ_light_yolo11n_seg_smoke/ultralytics_run/BoxF1_curve.png,file,tracked,training-output artifact or training diagnostics image,"Tracked Artifact, Not Source",bulky trainer output stored under source tree,externalize or untrack; keep only essential provenance if needed,low,
src/experiments/data/perception_models/warehouse_occ_light_yolo11n_seg_smoke/ultralytics_run/BoxPR_curve.png,file,tracked,training-output artifact or training diagnostics image,"Tracked Artifact, Not Source",bulky trainer output stored under source tree,externalize or untrack; keep only essential provenance if needed,low,
src/experiments/data/perception_models/warehouse_occ_light_yolo11n_seg_smoke/ultralytics_run/BoxP_curve.png,file,tracked,training-output artifact or training diagnostics image,"Tracked Artifact, Not Source",bulky trainer output stored under source tree,externalize or untrack; keep only essential provenance if needed,low,
src/experiments/data/perception_models/warehouse_occ_light_yolo11n_seg_smoke/ultralytics_run/BoxR_curve.png,file,tracked,training-output artifact or training diagnostics image,"Tracked Artifact, Not Source",bulky trainer output stored under source tree,externalize or untrack; keep only essential provenance if needed,low,
src/experiments/data/perception_models/warehouse_occ_light_yolo11n_seg_smoke/ultralytics_run/MaskF1_curve.png,file,tracked,training-output artifact or training diagnostics image,"Tracked Artifact, Not Source",bulky trainer output stored under source tree,externalize or untrack; keep only essential provenance if needed,low,
src/experiments/data/perception_models/warehouse_occ_light_yolo11n_seg_smoke/ultralytics_run/MaskPR_curve.png,file,tracked,training-output artifact or training diagnostics image,"Tracked Artifact, Not Source",bulky trainer output stored under source tree,externalize or untrack; keep only essential provenance if needed,low,
src/experiments/data/perception_models/warehouse_occ_light_yolo11n_seg_smoke/ultralytics_run/MaskP_curve.png,file,tracked,training-output artifact or training diagnostics image,"Tracked Artifact, Not Source",bulky trainer output stored under source tree,externalize or untrack; keep only essential provenance if needed,low,
src/experiments/data/perception_models/warehouse_occ_light_yolo11n_seg_smoke/ultralytics_run/MaskR_curve.png,file,tracked,training-output artifact or training diagnostics image,"Tracked Artifact, Not Source",bulky trainer output stored under source tree,externalize or untrack; keep only essential provenance if needed,low,
src/experiments/data/perception_models/warehouse_occ_light_yolo11n_seg_smoke/ultralytics_run/args.yaml,file,tracked,training-output artifact or training diagnostics image,"Tracked Artifact, Not Source",bulky trainer output stored under source tree,externalize or untrack; keep only essential provenance if needed,low,
src/experiments/data/perception_models/warehouse_occ_light_yolo11n_seg_smoke/ultralytics_run/confusion_matrix.png,file,tracked,training-output artifact or training diagnostics image,"Tracked Artifact, Not Source",bulky trainer output stored under source tree,externalize or untrack; keep only essential provenance if needed,low,
src/experiments/data/perception_models/warehouse_occ_light_yolo11n_seg_smoke/ultralytics_run/confusion_matrix_normalized.png,file,tracked,training-output artifact or training diagnostics image,"Tracked Artifact, Not Source",bulky trainer output stored under source tree,externalize or untrack; keep only essential provenance if needed,low,
src/experiments/data/perception_models/warehouse_occ_light_yolo11n_seg_smoke/ultralytics_run/labels.jpg,file,tracked,training-output artifact or training diagnostics image,"Tracked Artifact, Not Source",bulky trainer output stored under source tree,externalize or untrack; keep only essential provenance if needed,low,
src/experiments/data/perception_models/warehouse_occ_light_yolo11n_seg_smoke/ultralytics_run/results.csv,file,tracked,training-output artifact or training diagnostics image,"Tracked Artifact, Not Source",bulky trainer output stored under source tree,externalize or untrack; keep only essential provenance if needed,low,
src/experiments/data/perception_models/warehouse_occ_light_yolo11n_seg_smoke/ultralytics_run/results.png,file,tracked,training-output artifact or training diagnostics image,"Tracked Artifact, Not Source",bulky trainer output stored under source tree,externalize or untrack; keep only essential provenance if needed,low,
src/experiments/data/perception_models/warehouse_occ_light_yolo11n_seg_smoke/ultralytics_run/train_batch0.jpg,file,tracked,training-output artifact or training diagnostics image,"Tracked Artifact, Not Source",bulky trainer output stored under source tree,externalize or untrack; keep only essential provenance if needed,low,
src/experiments/data/perception_models/warehouse_occ_light_yolo11n_seg_smoke/ultralytics_run/train_batch1.jpg,file,tracked,training-output artifact or training diagnostics image,"Tracked Artifact, Not Source",bulky trainer output stored under source tree,externalize or untrack; keep only essential provenance if needed,low,
src/experiments/data/perception_models/warehouse_occ_light_yolo11n_seg_smoke/ultralytics_run/train_batch2.jpg,file,tracked,training-output artifact or training diagnostics image,"Tracked Artifact, Not Source",bulky trainer output stored under source tree,externalize or untrack; keep only essential provenance if needed,low,
src/experiments/data/perception_models/warehouse_occ_light_yolo11n_seg_smoke/ultralytics_run/val_batch0_labels.jpg,file,tracked,training-output artifact or training diagnostics image,"Tracked Artifact, Not Source",bulky trainer output stored under source tree,externalize or untrack; keep only essential provenance if needed,low,
src/experiments/data/perception_models/warehouse_occ_light_yolo11n_seg_smoke/ultralytics_run/val_batch0_pred.jpg,file,tracked,training-output artifact or training diagnostics image,"Tracked Artifact, Not Source",bulky trainer output stored under source tree,externalize or untrack; keep only essential provenance if needed,low,
src/experiments/data/perception_models/warehouse_occ_light_yolo11n_seg_smoke/ultralytics_run/val_batch1_labels.jpg,file,tracked,training-output artifact or training diagnostics image,"Tracked Artifact, Not Source",bulky trainer output stored under source tree,externalize or untrack; keep only essential provenance if needed,low,
src/experiments/data/perception_models/warehouse_occ_light_yolo11n_seg_smoke/ultralytics_run/val_batch1_pred.jpg,file,tracked,training-output artifact or training diagnostics image,"Tracked Artifact, Not Source",bulky trainer output stored under source tree,externalize or untrack; keep only essential provenance if needed,low,
src/experiments/data/perception_models/warehouse_occ_light_yolo11n_seg_smoke/ultralytics_run/val_batch2_labels.jpg,file,tracked,training-output artifact or training diagnostics image,"Tracked Artifact, Not Source",bulky trainer output stored under source tree,externalize or untrack; keep only essential provenance if needed,low,
src/experiments/data/perception_models/warehouse_occ_light_yolo11n_seg_smoke/ultralytics_run/val_batch2_pred.jpg,file,tracked,training-output artifact or training diagnostics image,"Tracked Artifact, Not Source",bulky trainer output stored under source tree,externalize or untrack; keep only essential provenance if needed,low,
src/experiments/data/perception_models/warehouse_occ_light_yolo11n_seg_smoke_gpu/confusion_matrix.png,file,tracked,training-output artifact or training diagnostics image,"Tracked Artifact, Not Source",bulky trainer output stored under source tree,externalize or untrack; keep only essential provenance if needed,low,
src/experiments/data/perception_models/warehouse_occ_light_yolo11n_seg_smoke_gpu/labels.jpg,file,tracked,training-output artifact or training diagnostics image,"Tracked Artifact, Not Source",bulky trainer output stored under source tree,externalize or untrack; keep only essential provenance if needed,low,
src/experiments/data/perception_models/warehouse_occ_light_yolo11n_seg_smoke_gpu/manifest.json,file,tracked,provenance metadata for packaged detector artifact,"Tracked Artifact, Not Source","artifact manifest useful for provenance, but runtime currently defaults to logs/perception_models model path",keep only with one canonical packaged model if versioning artifacts,low,
src/experiments/data/perception_models/warehouse_occ_light_yolo11n_seg_smoke_gpu/results.csv,file,tracked,training-output artifact or training diagnostics image,"Tracked Artifact, Not Source",bulky trainer output stored under source tree,externalize or untrack; keep only essential provenance if needed,low,
src/experiments/data/perception_models/warehouse_occ_light_yolo11n_seg_smoke_gpu/results.png,file,tracked,training-output artifact or training diagnostics image,"Tracked Artifact, Not Source",bulky trainer output stored under source tree,externalize or untrack; keep only essential provenance if needed,low,
src/experiments/data/perception_models/warehouse_occ_light_yolo11n_seg_smoke_gpu/ultralytics_run/BoxF1_curve.png,file,tracked,training-output artifact or training diagnostics image,"Tracked Artifact, Not Source",bulky trainer output stored under source tree,externalize or untrack; keep only essential provenance if needed,low,
src/experiments/data/perception_models/warehouse_occ_light_yolo11n_seg_smoke_gpu/ultralytics_run/BoxPR_curve.png,file,tracked,training-output artifact or training diagnostics image,"Tracked Artifact, Not Source",bulky trainer output stored under source tree,externalize or untrack; keep only essential provenance if needed,low,
src/experiments/data/perception_models/warehouse_occ_light_yolo11n_seg_smoke_gpu/ultralytics_run/BoxP_curve.png,file,tracked,training-output artifact or training diagnostics image,"Tracked Artifact, Not Source",bulky trainer output stored under source tree,externalize or untrack; keep only essential provenance if needed,low,
src/experiments/data/perception_models/warehouse_occ_light_yolo11n_seg_smoke_gpu/ultralytics_run/BoxR_curve.png,file,tracked,training-output artifact or training diagnostics image,"Tracked Artifact, Not Source",bulky trainer output stored under source tree,externalize or untrack; keep only essential provenance if needed,low,
src/experiments/data/perception_models/warehouse_occ_light_yolo11n_seg_smoke_gpu/ultralytics_run/MaskF1_curve.png,file,tracked,training-output artifact or training diagnostics image,"Tracked Artifact, Not Source",bulky trainer output stored under source tree,externalize or untrack; keep only essential provenance if needed,low,
src/experiments/data/perception_models/warehouse_occ_light_yolo11n_seg_smoke_gpu/ultralytics_run/MaskPR_curve.png,file,tracked,training-output artifact or training diagnostics image,"Tracked Artifact, Not Source",bulky trainer output stored under source tree,externalize or untrack; keep only essential provenance if needed,low,
src/experiments/data/perception_models/warehouse_occ_light_yolo11n_seg_smoke_gpu/ultralytics_run/MaskP_curve.png,file,tracked,training-output artifact or training diagnostics image,"Tracked Artifact, Not Source",bulky trainer output stored under source tree,externalize or untrack; keep only essential provenance if needed,low,
src/experiments/data/perception_models/warehouse_occ_light_yolo11n_seg_smoke_gpu/ultralytics_run/MaskR_curve.png,file,tracked,training-output artifact or training diagnostics image,"Tracked Artifact, Not Source",bulky trainer output stored under source tree,externalize or untrack; keep only essential provenance if needed,low,
src/experiments/data/perception_models/warehouse_occ_light_yolo11n_seg_smoke_gpu/ultralytics_run/args.yaml,file,tracked,training-output artifact or training diagnostics image,"Tracked Artifact, Not Source",bulky trainer output stored under source tree,externalize or untrack; keep only essential provenance if needed,low,
src/experiments/data/perception_models/warehouse_occ_light_yolo11n_seg_smoke_gpu/ultralytics_run/confusion_matrix.png,file,tracked,training-output artifact or training diagnostics image,"Tracked Artifact, Not Source",bulky trainer output stored under source tree,externalize or untrack; keep only essential provenance if needed,low,
src/experiments/data/perception_models/warehouse_occ_light_yolo11n_seg_smoke_gpu/ultralytics_run/confusion_matrix_normalized.png,file,tracked,training-output artifact or training diagnostics image,"Tracked Artifact, Not Source",bulky trainer output stored under source tree,externalize or untrack; keep only essential provenance if needed,low,
src/experiments/data/perception_models/warehouse_occ_light_yolo11n_seg_smoke_gpu/ultralytics_run/labels.jpg,file,tracked,training-output artifact or training diagnostics image,"Tracked Artifact, Not Source",bulky trainer output stored under source tree,externalize or untrack; keep only essential provenance if needed,low,
src/experiments/data/perception_models/warehouse_occ_light_yolo11n_seg_smoke_gpu/ultralytics_run/results.csv,file,tracked,training-output artifact or training diagnostics image,"Tracked Artifact, Not Source",bulky trainer output stored under source tree,externalize or untrack; keep only essential provenance if needed,low,
src/experiments/data/perception_models/warehouse_occ_light_yolo11n_seg_smoke_gpu/ultralytics_run/results.png,file,tracked,training-output artifact or training diagnostics image,"Tracked Artifact, Not Source",bulky trainer output stored under source tree,externalize or untrack; keep only essential provenance if needed,low,
src/experiments/data/perception_models/warehouse_occ_light_yolo11n_seg_smoke_gpu/ultralytics_run/train_batch0.jpg,file,tracked,training-output artifact or training diagnostics image,"Tracked Artifact, Not Source",bulky trainer output stored under source tree,externalize or untrack; keep only essential provenance if needed,low,
src/experiments/data/perception_models/warehouse_occ_light_yolo11n_seg_smoke_gpu/ultralytics_run/train_batch1.jpg,file,tracked,training-output artifact or training diagnostics image,"Tracked Artifact, Not Source",bulky trainer output stored under source tree,externalize or untrack; keep only essential provenance if needed,low,
src/experiments/data/perception_models/warehouse_occ_light_yolo11n_seg_smoke_gpu/ultralytics_run/train_batch2.jpg,file,tracked,training-output artifact or training diagnostics image,"Tracked Artifact, Not Source",bulky trainer output stored under source tree,externalize or untrack; keep only essential provenance if needed,low,
src/experiments/data/perception_models/warehouse_occ_light_yolo11n_seg_smoke_gpu/ultralytics_run/val_batch0_labels.jpg,file,tracked,training-output artifact or training diagnostics image,"Tracked Artifact, Not Source",bulky trainer output stored under source tree,externalize or untrack; keep only essential provenance if needed,low,
src/experiments/data/perception_models/warehouse_occ_light_yolo11n_seg_smoke_gpu/ultralytics_run/val_batch0_pred.jpg,file,tracked,training-output artifact or training diagnostics image,"Tracked Artifact, Not Source",bulky trainer output stored under source tree,externalize or untrack; keep only essential provenance if needed,low,
src/experiments/data/perception_models/warehouse_occ_light_yolo11n_seg_smoke_gpu/ultralytics_run/val_batch1_labels.jpg,file,tracked,training-output artifact or training diagnostics image,"Tracked Artifact, Not Source",bulky trainer output stored under source tree,externalize or untrack; keep only essential provenance if needed,low,
src/experiments/data/perception_models/warehouse_occ_light_yolo11n_seg_smoke_gpu/ultralytics_run/val_batch1_pred.jpg,file,tracked,training-output artifact or training diagnostics image,"Tracked Artifact, Not Source",bulky trainer output stored under source tree,externalize or untrack; keep only essential provenance if needed,low,
src/experiments/data/perception_models/warehouse_occ_light_yolo11n_seg_smoke_gpu/ultralytics_run/val_batch2_labels.jpg,file,tracked,training-output artifact or training diagnostics image,"Tracked Artifact, Not Source",bulky trainer output stored under source tree,externalize or untrack; keep only essential provenance if needed,low,
src/experiments/data/perception_models/warehouse_occ_light_yolo11n_seg_smoke_gpu/ultralytics_run/val_batch2_pred.jpg,file,tracked,training-output artifact or training diagnostics image,"Tracked Artifact, Not Source",bulky trainer output stored under source tree,externalize or untrack; keep only essential provenance if needed,low,
src/experiments/data/visibility_gp/README.md,file,tracked,documentation for packaged legacy GP artifacts,Legacy Compatibility,README explicitly says these artifacts are older and noncanonical,keep only as compatibility note or archive it with artifacts,low,
src/experiments/data/visibility_gp/warehouse_occ_light_empirical_visibility_gp.npz,file,tracked,packaged legacy GP visibility artifact,"Tracked Artifact, Not Source","world_profiles still points here by default, but active backbone uses logs/visibility_comparison/current_gp","replace defaults, then archive or externalize packaged artifacts",medium,
src/experiments/data/visibility_gp/warehouse_open_shelves_empirical_visibility_gp.npz,file,tracked,packaged legacy GP visibility artifact,"Tracked Artifact, Not Source","world_profiles still points here by default, but active backbone uses logs/visibility_comparison/current_gp","replace defaults, then archive or externalize packaged artifacts",medium,
src/experiments/experiments/__init__.py,file,tracked,ROS/python package plumbing for active experiments package,Paper-Core,required to build and run active package,keep,high,
src/experiments/experiments/core/__init__.py,file,tracked,ROS/python package plumbing for active experiments package,Paper-Core,required to build and run active package,keep,high,
src/experiments/experiments/core/manifest.py,file,tracked,run-directory and manifest helper layer for experiment outputs,Paper-Core,experiment logging and artifact resolution depend on it,keep,medium,
src/experiments/experiments/core/tasks.py,file,tracked,task loading and selection helper,Paper-Core,launch/config surface depends on task resolution,keep,medium,
src/experiments/experiments/core/visibility_capture.py,file,tracked,small constant module for retained sweep-capture path,Legacy Compatibility,only referenced by retained driving-sweep capture node,archive together with sweep path if teleport capture is final,low,
src/experiments/experiments/core/visibility_launch_common.py,file,tracked,shared launch assembly for runtime and capture paths,Paper-Core but Simplify,"active launches depend on it, and it now hard-fails outside the paper YOLO detector path",keep; continue simplifying launch assembly,high,
src/experiments/experiments/core/world_profiles.py,file,tracked,world-profile loading and asset resolution helper,Paper-Core,launch/config surface depends on world profile resolution,keep,medium,
src/experiments/experiments/nodes/__init__.py,file,tracked,ROS/python package plumbing for active experiments package,Paper-Core,required to build and run active package,keep,high,
src/experiments/experiments/nodes/experiment_logger.py,file,tracked,core run logger and manifest writer for current evidence trail,Paper-Core but Simplify,"representative run evidence, evaluation scripts, and current paper all depend on its outputs",keep; split logging core from legacy compatibility columns and extra diagnostics,high,
src/experiments/experiments/nodes/goal_marker_node.py,file,tracked,visual marker helper for RViz/visual inspection,Possibly Irrelevant,"useful for demos, not required for paper logic or logged comparison",keep only if you still use RViz visual markers,low,
src/experiments/experiments/nodes/goal_mission_node.py,file,tracked,goal publisher for active runtime launch,Paper-Core,planner runtime requires current goal publication,keep,medium,
src/experiments/experiments/nodes/visibility_sweep_controller_node.py,file,tracked,retained driving-sweep capture controller,Legacy Compatibility,capture now defaults to teleport/grid sampling; docs mark sweep as optional/retained,archive or remove after confirming sweep mode is abandoned,low,
src/experiments/launch/warehouse_primary_comparison.launch.py,file,tracked,primary thesis-facing launch entry point,Paper-Core,main launch now defaults to the YOLO detector path and paper comparison planners,keep,high,
src/experiments/launch/warehouse_visibility_agent.launch.py,file,tracked,secondary diagnostic launch for retained EFE variants,Legacy Compatibility,docs describe it as retained and non-primary,archive or isolate behind clearly secondary surface,low,
src/experiments/launch/warehouse_visibility_capture.launch.py,file,tracked,offline capture launch for GP fitting,Paper-Core,current capture pipeline uses the YOLO detector path,keep; narrow to teleport capture + current detector story,medium,
src/experiments/package.xml,file,tracked,ROS/python package plumbing for active experiments package,Paper-Core,required to build and run active package,keep,high,
src/experiments/resource/experiments,file,tracked,ROS/python package plumbing for active experiments package,Paper-Core,required to build and run active package,keep,high,
src/experiments/setup.cfg,file,tracked,ROS/python package plumbing for active experiments package,Paper-Core,required to build and run active package,keep,high,
src/experiments/setup.py,file,tracked,ROS/python package plumbing for active experiments package,Paper-Core,required to build and run active package,keep,high,
src/perception/README.md,file,tracked,package guide for runtime detector surface,Paper-Core,README centers the YOLO runtime detector surface,keep,low,
src/perception/launch/tf_static.launch.py,file,tracked,camera/odom static TF launch used by active runtime,Paper-Core,experiments build_shared_nodes launches it,keep,medium,
src/perception/package.xml,file,tracked,ROS/python package plumbing for active perception package,Paper-Core,required to build and run active package,keep,high,
src/perception/perception/__init__.py,file,tracked,ROS/python package plumbing for active perception package,Paper-Core,required to build and run active package,keep,high,
src/perception/perception/core/__init__.py,file,tracked,ROS/python package plumbing for active perception package,Paper-Core,required to build and run active package,keep,high,
src/perception/perception/core/detection_diagnostics.py,file,tracked,shared schema/encoding for detection diagnostics,Paper-Core,"YOLO node, state node, planner node, and logger all rely on this contract",keep,high,
src/perception/perception/core/ros_image.py,file,tracked,ROS image conversion helper for runtime inference,Paper-Core,YOLO runtime node depends on it,keep,medium,
src/perception/perception/core/yolo_selection.py,file,tracked,selection logic for runtime YOLO candidate and pixel source,Paper-Core,current detector output semantics depend on it,keep,high,
src/perception/perception/nodes/__init__.py,file,tracked,ROS/python package plumbing for active perception package,Paper-Core,required to build and run active package,keep,high,
src/perception/perception/nodes/yolo_robot_detector_node.py,file,tracked,active runtime detector node for current thesis path,Paper-Core,thesis report + launch surface + representative run all depend on this node,keep,high,
src/perception/resource/perception,file,tracked,ROS/python package plumbing for active perception package,Paper-Core,required to build and run active package,keep,high,
src/perception/setup.cfg,file,tracked,ROS/python package plumbing for active perception package,Paper-Core,required to build and run active package,keep,high,
src/perception/setup.py,file,tracked,ROS/python package plumbing for active perception package,Paper-Core,required to build and run active package,keep,high,
src/planning/README.md,file,tracked,planning package guide,Docs Drift / Story Drift,README references nonexistent gp_visibility_helpers and understates actual central casadi_efe role,update to current file set and current method math,medium,
src/planning/package.xml,file,tracked,ROS/python package plumbing for active planning package,Paper-Core,required to build and run active planner package,keep,high,
src/planning/planning/__init__.py,file,tracked,ROS/python package plumbing for active planning package,Paper-Core,required to build and run active planner package,keep,high,
src/planning/planning/core/__init__.py,file,tracked,ROS/python package plumbing for active planning package,Paper-Core,required to build and run active planner package,keep,high,
src/planning/planning/core/casadi_efe.py,file,tracked,symbolic EFE objective builder for active planner,Paper-Core but Simplify,"core method file, but numerics/utilities are more custom and dense than a paper-worthy minimal core",keep; refactor for readability and stronger invariants,high,
src/planning/planning/core/dynamics.py,file,tracked,shared unicycle dynamics helpers for planner and tests,Paper-Core,base_planner + rollout + tests depend on it,keep,medium,
src/planning/planning/core/efe_utils.py,file,tracked,numpy-side EFE math utilities used by planner runtime,Paper-Core,base_planner and node logic import core helpers from here,keep,medium,
src/planning/planning/core/nogo_cost.py,file,tracked,no-go and collision-cost support for current planner objective,Paper-Core,representative run used use_nogo_cost=true,keep,medium,
src/planning/planning/core/rollout.py,file,tracked,shared rollout helper for planner evaluation,Paper-Core,base_planner evaluate_rollout_controls depends on it,keep,medium,
src/planning/planning/core/visibility_gp_map.py,file,tracked,runtime loader/interpolator for current GP artifact,Paper-Core but Simplify,current thesis path depends on artifact loading; signature still hashes path identity rather than true content hash,keep; simplify reproducibility contract,high,
src/planning/planning/nodes/__init__.py,file,tracked,ROS/python package plumbing for active planning package,Paper-Core,required to build and run active planner package,keep,high,
src/planning/planning/nodes/efe_agent_node.py,file,tracked,thin runtime entry point wrapping the planner node,Paper-Core,launches use efe_agent as the executable entry point,keep,medium,
src/planning/planning/nodes/unicycle_planner_node.py,file,tracked,"ROS runtime wrapper connecting state, correction, planning, and publishing",Paper-Core but Simplify,"active runtime depends on it, but hybrid correction/planning logic is monolithic","keep; split measurement update, planning, and publishing concerns",high,
src/planning/planning/planners/__init__.py,file,tracked,ROS/python package plumbing for active planning package,Paper-Core,required to build and run active planner package,keep,high,
src/planning/planning/planners/base_planner.py,file,tracked,main planner logic where current thesis method actually lives,Paper-Core but Simplify,"current paper claim depends on this file, but it is monolithic and still retains secondary-mode complexity",keep; refactor into smaller configs/components,high,
src/planning/resource/planning,file,tracked,ROS/python package plumbing for active planning package,Paper-Core,required to build and run active planner package,keep,high,
src/planning/setup.cfg,file,tracked,ROS/python package plumbing for active planning package,Paper-Core,required to build and run active planner package,keep,high,
src/planning/setup.py,file,tracked,ROS/python package plumbing for active planning package,Paper-Core,required to build and run active planner package,keep,high,
src/planning/test/test_visibility_gp_map.py,file,tracked,unit test for GP artifact loading/interpolation path,Paper-Core,covers one core planner dependency,keep,low,
src/sim/README.md,file,tracked,sim package guide for plant/infrastructure role,Paper-Core,README matches infrastructure role of current thesis setup,keep,low,
src/sim/gazebo_worlds/worlds/warehouse_occ_light.world.sdf,file,tracked,primary benchmark world used in current thesis path,Paper-Core,"current launches, logs, and thesis report all use this world",keep,high,
src/sim/gazebo_worlds/worlds/warehouse_open_shelves.world.sdf,file,tracked,secondary support world outside current single-world paper path,Legacy Compatibility,sim README labels it secondary; current paper uses warehouse_occ_light only,archive or keep clearly secondary,low,
src/sim/gazebo_worlds/worlds/world.config,file,tracked,Gazebo world package metadata,Paper-Core,needed by Gazebo world packaging,keep,medium,
src/sim/launch/bringup_sim.launch.py,file,tracked,sim bringup/robot description launch support for active runtime,Paper-Core,experiments launch path depends on these,keep,high,
src/sim/launch/gazebo.launch.py,file,tracked,sim bringup/robot description launch support for active runtime,Paper-Core,experiments launch path depends on these,keep,high,
src/sim/launch/robot_description.launch.py,file,tracked,sim bringup/robot description launch support for active runtime,Paper-Core,experiments launch path depends on these,keep,high,
src/sim/models/external_camera/model.config,file,tracked,fixed external camera simulation asset,Paper-Core,current thesis setup is built around this external camera,keep,high,
src/sim/models/external_camera/model.sdf,file,tracked,fixed external camera simulation asset,Paper-Core,current thesis setup is built around this external camera,keep,high,
src/sim/package.xml,file,tracked,package plumbing for active sim package,Paper-Core,required to build and run simulator package,keep,high,
src/sim/resource/sim,file,tracked,package plumbing for active sim package,Paper-Core,required to build and run simulator package,keep,high,
src/sim/robot_description/CMakeLists.txt,file,tracked,robot description asset/build support for active burger robot,"Tracked Artifact, Not Source","sim runtime needs these assets, but they are infrastructure rather than thesis logic",keep as infrastructure,high,
src/sim/robot_description/meshes/turtlebot3_description/meshes/bases/burger_base.dae,file,tracked,mesh asset required by burger robot description,"Tracked Artifact, Not Source","sim runtime needs these geometry assets, but they are infrastructure",keep as infrastructure,high,
src/sim/robot_description/meshes/turtlebot3_description/meshes/bases/burger_base.stl,file,tracked,mesh asset required by burger robot description,"Tracked Artifact, Not Source","sim runtime needs these geometry assets, but they are infrastructure",keep as infrastructure,high,
src/sim/robot_description/meshes/turtlebot3_description/meshes/bases/r200.dae,file,tracked,alternate TurtleBot asset not used by current burger runtime,Possibly Irrelevant,current robot_description.launch.py uses turtlebot3_burger only,remove if standardizing on burger-only assets,medium,
src/sim/robot_description/meshes/turtlebot3_description/meshes/bases/r200.stl,file,tracked,alternate TurtleBot asset not used by current burger runtime,Possibly Irrelevant,current robot_description.launch.py uses turtlebot3_burger only,remove if standardizing on burger-only assets,medium,
src/sim/robot_description/meshes/turtlebot3_description/meshes/bases/waffle_base.dae,file,tracked,alternate TurtleBot asset not used by current burger runtime,Possibly Irrelevant,current robot_description.launch.py uses turtlebot3_burger only,remove if standardizing on burger-only assets,medium,
src/sim/robot_description/meshes/turtlebot3_description/meshes/bases/waffle_base.stl,file,tracked,alternate TurtleBot asset not used by current burger runtime,Possibly Irrelevant,current robot_description.launch.py uses turtlebot3_burger only,remove if standardizing on burger-only assets,medium,
src/sim/robot_description/meshes/turtlebot3_description/meshes/bases/waffle_pi_base.dae,file,tracked,alternate TurtleBot asset not used by current burger runtime,Possibly Irrelevant,current robot_description.launch.py uses turtlebot3_burger only,remove if standardizing on burger-only assets,medium,
src/sim/robot_description/meshes/turtlebot3_description/meshes/bases/waffle_pi_base.stl,file,tracked,alternate TurtleBot asset not used by current burger runtime,Possibly Irrelevant,current robot_description.launch.py uses turtlebot3_burger only,remove if standardizing on burger-only assets,medium,
src/sim/robot_description/meshes/turtlebot3_description/meshes/sensors/lds.dae,file,tracked,mesh asset required by burger robot description,"Tracked Artifact, Not Source","sim runtime needs these geometry assets, but they are infrastructure",keep as infrastructure,high,
src/sim/robot_description/meshes/turtlebot3_description/meshes/sensors/lds.stl,file,tracked,mesh asset required by burger robot description,"Tracked Artifact, Not Source","sim runtime needs these geometry assets, but they are infrastructure",keep as infrastructure,high,
src/sim/robot_description/meshes/turtlebot3_description/meshes/wheels/left_tire.stl,file,tracked,mesh asset required by burger robot description,"Tracked Artifact, Not Source","sim runtime needs these geometry assets, but they are infrastructure",keep as infrastructure,high,
src/sim/robot_description/meshes/turtlebot3_description/meshes/wheels/right_tire.stl,file,tracked,mesh asset required by burger robot description,"Tracked Artifact, Not Source","sim runtime needs these geometry assets, but they are infrastructure",keep as infrastructure,high,
src/sim/robot_description/meshes/turtlebot3_description/meshes/wheels/tire.dae,file,tracked,mesh asset required by burger robot description,"Tracked Artifact, Not Source","sim runtime needs these geometry assets, but they are infrastructure",keep as infrastructure,high,
src/sim/robot_description/meshes/turtlebot3_description/meshes/wheels/tire.stl,file,tracked,mesh asset required by burger robot description,"Tracked Artifact, Not Source","sim runtime needs these geometry assets, but they are infrastructure",keep as infrastructure,high,
src/sim/robot_description/meshes/turtlebot3_description/model.config,file,tracked,robot description asset/build support for active burger robot,"Tracked Artifact, Not Source","sim runtime needs these assets, but they are infrastructure rather than thesis logic",keep as infrastructure,high,
src/sim/robot_description/package.xml,file,tracked,robot description asset/build support for active burger robot,"Tracked Artifact, Not Source","sim runtime needs these assets, but they are infrastructure rather than thesis logic",keep as infrastructure,high,
src/sim/robot_description/urdf/common_properties.urdf.xacro,file,tracked,robot description asset/build support for active burger robot,"Tracked Artifact, Not Source","sim runtime needs these assets, but they are infrastructure rather than thesis logic",keep as infrastructure,high,
src/sim/robot_description/urdf/turtlebot3.urdf.xacro,file,tracked,robot description asset/build support for active burger robot,"Tracked Artifact, Not Source","sim runtime needs these assets, but they are infrastructure rather than thesis logic",keep as infrastructure,high,
src/sim/robot_description/urdf/turtlebot3_burger.urdf.xacro,file,tracked,robot description asset/build support for active burger robot,"Tracked Artifact, Not Source","sim runtime needs these assets, but they are infrastructure rather than thesis logic",keep as infrastructure,high,
src/sim/robot_description/urdf/turtlebot3_waffle_pi.urdf.xacro,file,tracked,alternate robot model not used by current burger runtime,Possibly Irrelevant,robot_description.launch.py hardcodes burger model,remove if standardizing on burger-only sim assets,medium,
src/sim/setup.cfg,file,tracked,package plumbing for active sim package,Paper-Core,required to build and run simulator package,keep,high,
src/sim/setup.py,file,tracked,package plumbing for active sim package,Paper-Core,required to build and run simulator package,keep,high,
src/sim/sim/__init__.py,file,tracked,package plumbing for active sim package,Paper-Core,required to build and run simulator package,keep,high,
src/sim/sim/reset_world.py,file,tracked,sim startup/runtime helper used by launches,Paper-Core,active launches use wait_for_odom and related helpers,keep,medium,
src/sim/sim/wait_for_clock.py,file,tracked,sim startup/runtime helper used by launches,Paper-Core,active launches use wait_for_odom and related helpers,keep,medium,
src/sim/sim/wait_for_odom.py,file,tracked,sim startup/runtime helper used by launches,Paper-Core,active launches use wait_for_odom and related helpers,keep,medium,
src/state/README.md,file,tracked,package guide for hybrid state-estimation path,Paper-Core,README matches current camera xy + odom theta story,keep,low,
src/state/package.xml,file,tracked,package plumbing for active state package,Paper-Core,required to build and run active package,keep,high,
src/state/resource/state,file,tracked,package plumbing for active state package,Paper-Core,required to build and run active package,keep,high,
src/state/setup.cfg,file,tracked,package plumbing for active state package,Paper-Core,required to build and run active package,keep,high,
src/state/setup.py,file,tracked,package plumbing for active state package,Paper-Core,required to build and run active package,keep,high,
src/state/state/__init__.py,file,tracked,package plumbing for active state package,Paper-Core,required to build and run active package,keep,high,
src/state/state/core/__init__.py,file,tracked,package plumbing for active state package,Paper-Core,required to build and run active package,keep,high,
src/state/state/core/noise.py,file,tracked,covariance helper for planner-facing state estimate,Paper-Core,pixel_to_bev state path depends on it,keep,medium,
src/state/state/core/pixel_to_bev.py,file,tracked,geometric pixel-to-BEV conversion helper,Paper-Core,current hybrid state estimator depends on it,keep,high,
src/state/state/nodes/__init__.py,file,tracked,package plumbing for active state package,Paper-Core,required to build and run active package,keep,high,
src/state/state/nodes/pixel_to_bev_state_node.py,file,tracked,"runtime hybrid state-estimation node (camera x,y + odom theta)",Paper-Core but Simplify,"current thesis path depends on it, but trust/fallback logic is denser than necessary for paper-grade readability",keep; separate geometry conversion from trust/fallback policy,high,
src/unav_common/README.md,file,tracked,package guide for shared geometry/camera helpers,Paper-Core,README matches support role of common helpers,keep,low,
src/unav_common/package.xml,file,tracked,package plumbing for active shared helper package,Paper-Core,required to build active packages,keep,high,
src/unav_common/resource/unav_common,file,tracked,package plumbing for active shared helper package,Paper-Core,required to build active packages,keep,high,
src/unav_common/setup.cfg,file,tracked,package plumbing for active shared helper package,Paper-Core,required to build active packages,keep,high,
src/unav_common/setup.py,file,tracked,package plumbing for active shared helper package,Paper-Core,required to build active packages,keep,high,
src/unav_common/unav_common/__init__.py,file,tracked,package plumbing for active shared helper package,Paper-Core,required to build active packages,keep,high,
src/unav_common/unav_common/camera_model.py,file,tracked,shared helper used by active runtime/capture/logging code,Paper-Core,multiple active packages import these helpers,keep,medium,
src/unav_common/unav_common/geometry.py,file,tracked,shared helper used by active runtime/capture/logging code,Paper-Core,multiple active packages import these helpers,keep,medium,
src/unav_common/unav_common/manifest.py,file,tracked,shared helper used by active runtime/capture/logging code,Paper-Core,multiple active packages import these helpers,keep,medium,
src/unav_common/unav_common/occlusion_geometry.py,file,tracked,shared helper used by active runtime/capture/logging code,Paper-Core,multiple active packages import these helpers,keep,medium,
tests/perception/test_analyze_dataset_robustness.py,file,tracked,test for optional detector-training helpers,Possibly Irrelevant,covers optional training scripts rather than current paper runtime,remove with training helpers if detector prep leaves repo,low,
tests/perception/test_dataset_split_utils.py,file,tracked,test for optional detector-training helpers,Possibly Irrelevant,covers optional training scripts rather than current paper runtime,remove with training helpers if detector prep leaves repo,low,
tests/visibility_comparison/test_dynamics_jacobian.py,file,tracked,targeted test covering current math/perception helper behavior,Paper-Core,tests cover current active helper logic used by core pipeline,keep,low,
tests/visibility_comparison/test_run_config_hash_and_filters.py,file,tracked,test for comparison-script config hygiene,Paper-Core but Simplify,"useful for current comparison tooling, but not central runtime math",keep,low,
tests/visibility_comparison/test_yolo_calibration.py,file,tracked,targeted test covering current math/perception helper behavior,Paper-Core,tests cover current active helper logic used by core pipeline,keep,low,
tests/visibility_comparison/test_yolo_selection.py,file,tracked,targeted test covering current math/perception helper behavior,Paper-Core,tests cover current active helper logic used by core pipeline,keep,low,
